{"objective":4378.09033203125,"runtime":0.0,"usage_matrix":[[0.038920000195503235,0.011760000139474869,0.009089999832212925,0.06911999732255936,0.030489999800920486,0.03922000154852867,0.015790000557899475,0.025030000135302544,0.0035500000230968,0.045049998909235,0.022760000079870224,0.0203699991106987,0.0,0.015969999134540558,0.039170000702142715,0.018519999459385872,0.0,0.0,0.009349999949336052,0.0],[0.0717800036072731,0.0,0.0,0.0066200001165270805,0.034779999405145645,0.0,0.0,0.0,0.016899999231100082,0.046539999544620514,0.024739999324083328,0.012310000136494637,0.0,0.008440000005066395,0.0,0.00877000018954277,0.004050000105053186,0.005940000060945749,0.011760000139474869,0.0],[0.0,0.0,0.01834999956190586,0.0,0.02419999986886978,0.0,0.0,0.014310000464320183,0.11394000053405762,0.05048999935388565,0.07422000169754028,0.0007399999885819852,0.0,0.0014100000262260437,0.0,0.02353000082075596,0.014929999597370625,0.0,0.009349999949336052,0.0],[0.0,0.0,0.0,0.0,0.008469999767839909,0.015110000036656857,0.01358999963849783,0.009669999592006207,0.09713000059127808,0.018869999796152115,0.021619999781250954,0.00860000029206276,0.0,0.016429999843239784,0.021539999172091484,0.001820000004954636,0.00977999996393919,0.010529999621212482,0.044440001249313354,0.009800000116229057],[0.020740000531077385,0.0,0.007939999923110008,0.0,0.002589999930933118,0.008059999905526638,0.001449999981559813,0.06515999883413315,0.05313999950885773,0.0,0.02703999914228916,0.0,0.0,0.003109999932348728,0.03846000134944916,0.021129999309778214,0.028289999812841415,0.0,0.018869999796152115,0.00989999994635582],[0.005119999870657921,0.03367999941110611,0.010420000180602074,0.0,0.08179999887943268,0.0,0.0,0.0,0.03252999857068062,0.02019999921321869,0.0,0.05626000091433525,0.08107999712228775,0.0,0.006889999844133854,0.0,0.0,0.0,0.006289999932050705,0.014349999837577343],[0.0,0.0,0.026590000838041306,0.03480999916791916,0.0,0.0,0.0,0.0,0.0,0.0,0.07264000177383423,0.026480000466108322,0.04405000060796738,0.0,0.018209999427199364,0.011760000139474869,0.004339999984949827,0.13364000618457794,0.014390000142157078,0.0],[0.0,0.02857000008225441,0.03370999917387962,0.0,0.001180000021122396,0.0502999983727932,0.0,0.14217999577522278,0.0,0.0,0.07111000269651413,0.0,0.0,0.0,0.026520000770688057,0.013159999623894691,0.05477000027894974,0.0064199999906122684,0.004939999897032976,0.009999999776482582],[0.03412000089883804,0.0,0.01027000043541193,0.11279000341892242,0.0,0.07759000360965729,0.01737000048160553,0.0,0.0,0.012350000441074371,0.03392999991774559,0.0,0.0,0.0747700035572052,0.03920000046491623,0.0,0.027710000053048134,0.02500000037252903,0.0,0.05177000164985657],[0.09424000233411789,0.0,0.02679000049829483,0.0,0.021779999136924744,0.009800000116229057,0.014619999565184116,0.0,0.040460001677274704,0.022220000624656677,0.0,0.0777600035071373,0.06852000206708908,0.01978999935090542,0.033330000936985016,0.021050000563263893,0.0,0.0,0.009089999832212925,0.0]],"frequency_matrix":[[0.414139986038208,0.011760000139474869,0.009089999832212925,0.10869999974966049,0.03957999870181084,0.03922000154852867,0.10000000149011612,0.2879300117492676,0.11224000155925751,0.045049998909235,0.04808000102639198,0.13888999819755554,0.2879300117492676,0.02531999908387661,0.08421000093221664,0.018519999459385872,0.03957999870181084,0.0,0.009349999949336052,0.0],[0.25262999534606934,0.0,0.0,0.04544999822974205,0.034779999405145645,0.0,0.052480001002550125,0.1359100043773651,0.06235000118613243,0.046539999544620514,0.04493999853730202,0.07355999946594238,0.1359100043773651,0.02019999921321869,0.046539999544620514,0.00877000018954277,0.038830000907182693,0.005940000060945749,0.011760000139474869,0.0],[0.3454799950122833,0.0,0.01834999956190586,0.05748999863862991,0.04255000129342079,0.0,0.05048999935388565,0.26050999760627747,0.17143000662326813,0.05048999935388565,0.08498000353574753,0.0747700035572052,0.26050999760627747,0.01075000036507845,0.05048999935388565,0.02353000082075596,0.05748999863862991,0.0,0.009349999949336052,0.0],[0.3073999881744385,0.0,0.0,0.01826000027358532,0.008469999767839909,0.015110000036656857,0.06452000141143799,0.20980000495910645,0.11537999659776688,0.018869999796152115,0.0824899971485138,0.08474999666213989,0.20980000495910645,0.06086999922990799,0.04039999842643738,0.011629999615252018,0.01826000027358532,0.010529999621212482,0.044440001249313354,0.009800000116229057],[0.30588001012802124,0.0,0.007939999923110008,0.03880999982357025,0.010529999621212482,0.008059999905526638,0.03990999981760979,0.22806000709533691,0.09194999933242798,0.0,0.04901999980211258,0.07094000279903412,0.22806000709533691,0.021980000659823418,0.03846000134944916,0.031029999256134033,0.03880999982357025,0.0,0.018869999796152115,0.00989999994635582],[0.3486199975013733,0.03367999941110611,0.010420000180602074,0.0922200009226799,0.0922200009226799,0.0,0.027089999988675117,0.25613000988960266,0.12475000321865082,0.02019999921321869,0.006289999932050705,0.09770999848842621,0.3372099995613098,0.006289999932050705,0.027089999988675117,0.014349999837577343,0.0922200009226799,0.0,0.006289999932050705,0.014349999837577343],[0.38690999150276184,0.0,0.026590000838041306,0.06573999673128128,0.026590000838041306,0.0,0.15185000002384186,0.25582998991012573,0.06573999673128128,0.0,0.08703000098466873,0.19009000062942505,0.2998799979686737,0.014390000142157078,0.018209999427199364,0.011760000139474869,0.03092999942600727,0.13364000618457794,0.014390000142157078,0.0],[0.44286999106407166,0.02857000008225441,0.03370999917387962,0.08965999633073807,0.03488000109791756,0.0502999983727932,0.03294000029563904,0.31650999188423157,0.08965999633073807,0.0,0.07604999840259552,0.05609999969601631,0.31650999188423157,0.004939999897032976,0.026520000770688057,0.023159999400377274,0.08965999633073807,0.0064199999906122684,0.004939999897032976,0.009999999776482582],[0.5168499946594238,0.0,0.01027000043541193,0.1507599949836731,0.01027000043541193,0.07759000360965729,0.09391999989748001,0.2964499890804291,0.1507599949836731,0.012350000441074371,0.10869999974966049,0.14568999409675598,0.2964499890804291,0.0747700035572052,0.0515500009059906,0.05177000164985657,0.03796999901533127,0.02500000037252903,0.0,0.05177000164985657],[0.45945999026298523,0.0,0.02679000049829483,0.048569999635219574,0.048569999635219574,0.009800000116229057,0.0701799988746643,0.25800999999046326,0.08901999890804291,0.022220000624656677,0.028880000114440918,0.16898000240325928,0.32653000950813293,0.028880000114440918,0.055560000240802765,0.021050000563263893,0.048569999635219574,0.0,0.009089999832212925,0.0]]}