{"objective":6069.7861328125,"runtime":0.0,"usage_matrix":[[0.0,0.0,0.005960000213235617,0.0,0.0,0.0,0.0,0.08546999841928482,0.0,0.022509999573230743,0.05079999938607216,0.02150999940931797,0.004569999873638153,0.0,0.0,0.015069999732077122,0.009800000116229057,0.05660000070929527,0.024609999731183052,0.0],[0.0,0.07161000370979309,0.009999999776482582,0.013269999995827675,0.061730001121759415,0.0,0.007329999934881926,0.05925000086426735,0.0,0.0,0.0,0.0,0.04115999862551689,0.03282000124454498,0.0,0.0,0.0,0.0,0.04210999980568886,0.01039000041782856],[0.005549999885261059,0.0,0.09773000329732895,0.003169999923557043,0.0,0.009349999949336052,0.0,0.10204999893903732,0.00791999977082014,0.0,0.0,0.010529999621212482,0.003000000026077032,0.0261400006711483,0.0,0.00675999978557229,0.023520000278949738,0.0,0.0,0.022989999502897263],[0.0,0.03401999920606613,0.09523999691009521,0.03694000095129013,0.02459000051021576,0.0,0.05209000036120415,0.0514100007712841,0.00901000015437603,0.0,0.0,0.0363599993288517,0.010990000329911709,0.06191999837756157,0.0,0.0,0.022059999406337738,0.0,0.0,0.0],[0.006969999987632036,0.0,0.01826000027358532,0.0,0.0465800017118454,0.0,0.0,0.0,0.008849999867379665,0.07958000153303146,0.0,0.008449999615550041,0.0,0.0,0.0,0.015990000218153,0.014039999805390835,0.0,0.06599000096321106,0.0],[0.0,0.06691999733448029,0.0,0.0,0.0,0.08776000142097473,0.031530000269412994,0.050370000302791595,0.019670000299811363,0.03884999826550484,0.0,0.010099999606609344,0.0,0.07062999904155731,0.012140000239014626,0.0,0.01568000018596649,0.021700000390410423,0.043480001389980316,0.022220000624656677],[0.0,0.0,0.00989999994635582,0.0,0.00203999993391335,0.13402000069618225,0.004720000084489584,0.0,0.052629999816417694,0.013930000364780426,0.0,0.0,0.013369999825954437,0.0,0.048820000141859055,0.03424999862909317,0.009630000218749046,0.0,0.04493999853730202,0.0],[0.046390000730752945,0.01803000085055828,0.0,0.0,0.0,0.018300000578165054,0.0,0.06159999966621399,0.0384100005030632,0.0016899999463930726,0.03784999996423721,0.06863000243902206,0.0,0.0,0.029820000752806664,0.0,0.03990999981760979,0.02824999950826168,0.0,0.011110000312328339],[0.030990000814199448,0.0,0.02297000028192997,0.0056500001810491085,0.032600000500679016,0.0,0.01647000014781952,0.0,0.022220000624656677,0.001970000099390745,0.041510000824928284,0.010400000028312206,0.0,0.029400000348687172,0.06408999860286713,0.0,0.010529999621212482,0.03158000111579895,0.0,0.0],[0.0,0.061000000685453415,0.03068000078201294,0.0,0.035610001534223557,0.0,0.0,0.0,0.01802000030875206,0.0,0.0309200007468462,0.008249999955296516,0.0,0.0,0.06306000053882599,0.0,0.02126999944448471,0.0,0.0,0.020829999819397926]],"frequency_matrix":[[0.2969000041484833,0.17486000061035156,0.06255999952554703,0.06516999751329422,0.2818300127983093,0.0,0.15234999358654022,0.2818300127983093,0.0,0.17486000061035156,0.06061000004410744,0.02150999940931797,0.06516999751329422,0.2818300127983093,0.17486000061035156,0.2969000041484833,0.009800000116229057,0.05660000070929527,0.024609999731183052,0.0],[0.34964999556541443,0.19584999978542328,0.009999999776482582,0.06481000036001205,0.31683000922203064,0.0,0.12425000220537186,0.2551000118255615,0.0,0.12425000220537186,0.01039000041782856,0.0,0.0515500009059906,0.34964999556541443,0.19584999978542328,0.34964999556541443,0.01039000041782856,0.0,0.04210999980568886,0.01039000041782856],[0.3186799883842468,0.15039999783039093,0.09773000329732895,0.05266999825835228,0.2708899974822998,0.009349999949336052,0.15039999783039093,0.2629700005054474,0.00791999977082014,0.15039999783039093,0.046509999781847,0.010529999621212482,0.0494999997317791,0.2970300018787384,0.15039999783039093,0.3131299912929535,0.046509999781847,0.0,0.0,0.022989999502897263],[0.43463999032974243,0.2513499855995178,0.09523999691009521,0.07000000029802322,0.37272998690605164,0.0,0.2173299938440323,0.3391300141811371,0.00901000015437603,0.2173299938440323,0.022059999406337738,0.0363599993288517,0.03305999934673309,0.43463999032974243,0.2513499855995178,0.43463999032974243,0.022059999406337738,0.0,0.0,0.0],[0.264710009098053,0.17786000669002533,0.01826000027358532,0.014039999805390835,0.24174000322818756,0.0,0.09828999638557434,0.18630999326705933,0.008849999867379665,0.17786000669002533,0.014039999805390835,0.008449999615550041,0.014039999805390835,0.24174000322818756,0.17786000669002533,0.25773000717163086,0.014039999805390835,0.0,0.06599000096321106,0.0],[0.4910599887371063,0.24038000404834747,0.021700000390410423,0.03790999948978424,0.3326700031757355,0.08776000142097473,0.13461999595165253,0.31299999356269836,0.019670000299811363,0.17347000539302826,0.03790999948978424,0.010099999606609344,0.03790999948978424,0.4032999873161316,0.2525300085544586,0.4910599887371063,0.03790999948978424,0.021700000390410423,0.043480001389980316,0.022220000624656677],[0.368259996175766,0.09649000316858292,0.00989999994635582,0.023000000044703484,0.19999000430107117,0.13402000069618225,0.08257000148296356,0.14531999826431274,0.052629999816417694,0.09649000316858292,0.009630000218749046,0.0,0.023000000044703484,0.19999000430107117,0.14531999826431274,0.368259996175766,0.009630000218749046,0.0,0.04493999853730202,0.0],[0.4000000059604645,0.13684000074863434,0.02824999950826168,0.08886999636888504,0.3353100121021271,0.018300000578165054,0.11711999773979187,0.2969000041484833,0.0384100005030632,0.11880999803543091,0.08886999636888504,0.06863000243902206,0.08886999636888504,0.3353100121021271,0.16666999459266663,0.35361000895500183,0.051020000129938126,0.02824999950826168,0.0,0.011110000312328339],[0.320389986038208,0.13067999482154846,0.05454999953508377,0.05768999829888344,0.25999999046325684,0.0,0.12871000170707703,0.20518000423908234,0.022220000624656677,0.13067999482154846,0.05203999951481819,0.010400000028312206,0.05203999951481819,0.28940001130104065,0.19478000700473785,0.28940001130104065,0.010529999621212482,0.03158000111579895,0.0,0.0],[0.28964999318122864,0.16471000015735626,0.03068000078201294,0.07301999628543854,0.28964999318122864,0.0,0.10369999706745148,0.23601999878883362,0.01802000030875206,0.10369999706745148,0.07301999628543854,0.008249999955296516,0.07301999628543854,0.28964999318122864,0.22776000201702118,0.28964999318122864,0.04210999980568886,0.0,0.0,0.020829999819397926]]}