{"objective":5267.25927734375,"runtime":0.0,"usage_matrix":[[0.0,0.0,0.0,0.0,0.02297000028192997,0.05964000150561333,0.0,0.01205000001937151,0.04287999868392944,0.0,0.0,0.2126999944448471,0.00824000034481287,0.01030999980866909,0.03381999954581261,0.015359999611973763,0.0,0.02274000085890293,0.007670000195503235,0.006459999829530716],[0.07836999744176865,0.0,0.0,0.06038999930024147,0.0,0.07470999658107758,0.020829999819397926,0.04236999899148941,0.0065899998880922794,0.0,0.0,0.0,0.009929999709129333,0.016529999673366547,0.005890000145882368,0.0,0.0,0.0,0.0,0.03922000154852867],[0.0,0.0,0.0,0.0,0.015359999611973763,0.0,0.0,0.05654999986290932,0.013079999946057796,0.05646999925374985,0.0,0.034049998968839645,0.0,0.03409000113606453,0.0,0.01157000008970499,0.019050000235438347,0.010579999536275864,0.008009999990463257,0.027070000767707825],[0.0,0.04885999858379364,0.007860000245273113,0.0,0.09788999706506729,0.006310000084340572,0.0392099991440773,0.01075000036507845,0.007980000227689743,0.008290000259876251,0.0,0.1374800056219101,0.008019999600946903,0.010200000368058681,0.034960001707077026,0.0,0.0,0.0,0.04334000125527382,0.0],[0.017410000786185265,0.04636000096797943,0.08253999799489975,0.04958999902009964,0.04049000144004822,0.029079999774694443,0.023010000586509705,0.0,0.033649999648332596,0.08679000288248062,0.0,0.0,0.0038399999029934406,0.029410000890493393,0.010420000180602074,0.018149999901652336,0.0,0.019999999552965164,0.0,0.018869999796152115],[0.0,0.0,0.0,0.060109999030828476,0.03613999858498573,0.0,0.035610001534223557,0.033330000936985016,0.0,0.017470000311732292,0.18008999526500702,0.047029998153448105,0.0,0.0,0.030500000342726707,0.002689999993890524,0.0,0.023259999230504036,0.0,0.00892999954521656],[0.0,0.03215999901294708,0.05962999910116196,0.0,0.08596999943256378,0.009689999744296074,0.058010000735521317,0.022989999502897263,0.011389999650418758,0.0,0.02500000037252903,0.003599999938160181,0.0,0.01802000030875206,0.0007200000109151006,0.0,0.03508999943733215,0.03773999959230423,0.010099999606609344,0.0],[0.02143000066280365,0.019060000777244568,0.10191000252962112,0.0,0.0,0.011429999954998493,0.0,0.009619999676942825,0.04238000139594078,0.11236000061035156,0.0,0.0,0.05722999945282936,0.0,0.02068999968469143,0.00930000003427267,0.005799999926239252,0.0,0.025699999183416367,0.00989999994635582],[0.040869999676942825,0.0,0.009759999811649323,0.0016499999910593033,0.0,0.025520000606775284,0.019610000774264336,0.0,0.030719999223947525,0.0034099998883903027,0.061420001089572906,0.09203000366687775,0.02150999940931797,0.00989999994635582,0.06392999738454819,0.0,0.0,0.0,0.0,0.021740000694990158],[0.014539999887347221,0.0,0.08713000267744064,0.032010000199079514,0.0,0.11125999689102173,0.0013899999903514981,0.0,0.0976099967956543,0.08173999935388565,0.0,0.003329999977722764,0.0,0.0,0.00892999954521656,0.00033000000985339284,0.009170000441372395,0.01923000067472458,0.0,0.0]],"frequency_matrix":[[0.45482999086380005,0.1436000019311905,0.061230000108480453,0.1436000019311905,0.0761599987745285,0.1436000019311905,0.02274000085890293,0.01205000001937151,0.05319000035524368,0.1436000019311905,0.4483700096607208,0.3562999963760376,0.00824000034481287,0.01030999980866909,0.04586999863386154,0.061230000108480453,0.0,0.02274000085890293,0.007670000195503235,0.006459999829530716],[0.3548400104045868,0.20419999957084656,0.04826999828219414,0.20419999957084656,0.02311999909579754,0.14381000399589539,0.020829999819397926,0.04236999899148941,0.02311999909579754,0.14381000399589539,0.23725999891757965,0.20420999825000763,0.009929999709129333,0.016529999673366547,0.04826999828219414,0.04826999828219414,0.0,0.0,0.0,0.03922000154852867],[0.2858699858188629,0.13516999781131744,0.06812000274658203,0.13516999781131744,0.06253000348806381,0.0786999985575676,0.010579999536275864,0.05654999986290932,0.0471699982881546,0.13516999781131744,0.2587999999523163,0.1882600039243698,0.0,0.03409000113606453,0.05654999986290932,0.06812000274658203,0.019050000235438347,0.010579999536275864,0.008009999990463257,0.027070000767707825],[0.4611699879169464,0.15625,0.05356999859213829,0.10739000141620636,0.11608000099658966,0.09910000115633011,0.03922000154852867,0.01075000036507845,0.01817999966442585,0.10739000141620636,0.4611699879169464,0.2937299907207489,0.008019999600946903,0.010200000368058681,0.04571999981999397,0.04571999981999397,0.0,0.0,0.04334000125527382,0.0],[0.5096200108528137,0.36594998836517334,0.11111000180244446,0.3195900022983551,0.1035500019788742,0.18321000039577484,0.04301000013947487,0.0,0.06306000053882599,0.27000001072883606,0.4733400046825409,0.36594998836517334,0.0038399999029934406,0.029410000890493393,0.010420000180602074,0.02857000008225441,0.0,0.019999999552965164,0.0,0.018869999796152115],[0.47516998648643494,0.2029699981212616,0.06651999801397324,0.2029699981212616,0.03613999858498573,0.12538999319076538,0.05886999890208244,0.033330000936985016,0.0,0.14285999536514282,0.4662399888038635,0.25,0.0,0.0,0.06383000314235687,0.06651999801397324,0.0,0.023259999230504036,0.0,0.00892999954521656],[0.4101000130176544,0.22092999517917633,0.08332999795675278,0.18876999616622925,0.11537999659776688,0.18876999616622925,0.09573999792337418,0.022989999502897263,0.029410000890493393,0.18876999616622925,0.4101000130176544,0.2596200108528137,0.0,0.01802000030875206,0.02370000071823597,0.02370000071823597,0.03508999943733215,0.03773999959230423,0.010099999606609344,0.0],[0.4468100070953369,0.28435999155044556,0.1415099948644638,0.2653000056743622,0.04238000139594078,0.15294000506401062,0.0,0.009619999676942825,0.04238000139594078,0.2653000056743622,0.41547998785972595,0.29017001390457153,0.05722999945282936,0.0,0.030300000682473183,0.03959999978542328,0.005799999926239252,0.0,0.025699999183416367,0.00989999994635582],[0.40206000208854675,0.12387999892234802,0.07367999851703644,0.12387999892234802,0.040619999170303345,0.11880999803543091,0.019610000774264336,0.0,0.040619999170303345,0.1222200021147728,0.33945000171661377,0.21591000258922577,0.02150999940931797,0.00989999994635582,0.06392999738454819,0.06392999738454819,0.0,0.0,0.0,0.021740000694990158],[0.4666700065135956,0.3420099914073944,0.096390001475811,0.3420099914073944,0.0976099967956543,0.22825999557971954,0.02061999961733818,0.0,0.0976099967956543,0.3100000023841858,0.452129989862442,0.3545199930667877,0.0,0.0,0.00892999954521656,0.009259999729692936,0.009170000441372395,0.01923000067472458,0.0,0.0]]}