{"objective":4359.98974609375,"runtime":0.0,"usage_matrix":[[0.0408799983561039,0.013220000080764294,0.02305999957025051,0.022140000015497208,0.008410000242292881,0.0,0.010639999993145466,0.050519999116659164,0.0,0.016259999945759773,0.029440000653266907,0.009619999676942825,0.01962999999523163,0.017720000818371773,0.019379999488592148,0.023259999230504036,0.0,0.019419999793171883,0.02459000051021576,0.00014000000373926014],[0.0524200014770031,0.0,0.0,0.017109999433159828,0.02387000061571598,0.0028899998869746923,0.0,0.0004900000058114529,0.019610000774264336,0.06586000323295593,0.048900000751018524,0.0,0.0,0.032710000872612,0.0,0.023259999230504036,0.007160000037401915,0.051100000739097595,0.010420000180602074,0.0],[0.016699999570846558,0.0,0.05073999986052513,0.038830000907182693,0.0,0.0,0.010130000300705433,0.020560000091791153,0.0,0.0,0.02833000011742115,0.03297000005841255,0.0,0.04343000054359436,0.0,0.1443299949169159,0.007029999978840351,0.005169999785721302,0.0,0.0],[0.02322000078856945,0.08081000298261642,0.0,0.0,0.015049999579787254,0.0,0.04586999863386154,0.0,0.0,0.03751999884843826,0.0,0.00989999994635582,0.0,0.0,0.0,0.0,0.036309998482465744,0.0,0.03954000025987625,0.01075000036507845],[0.0,0.044780001044273376,0.046220000833272934,0.029190000146627426,0.011110000312328339,0.0,0.0,0.0027099999133497477,0.0,0.0,0.028449999168515205,0.0,0.0,0.0,0.0,0.010289999656379223,0.02135000005364418,0.0,0.022989999502897263,0.0291300006210804],[0.0,0.1515199989080429,0.022700000554323196,0.008999999612569809,0.054349999874830246,0.04094000160694122,0.0,0.004530000034719706,0.03158000111579895,0.027860000729560852,0.0,0.05432000011205673,0.0,0.0,0.017389999702572823,0.007530000060796738,0.04831000044941902,0.0,0.018519999459385872,0.0],[0.0,0.0,0.0,0.010990000329911709,0.0,0.030799999833106995,0.01665000058710575,0.03051000088453293,0.009519999846816063,0.0,0.024410000070929527,0.0,0.006279999855905771,0.0,0.052629999816417694,0.01522000040858984,0.003539999946951866,0.0,0.0,0.023250000551342964],[0.0,0.12451999634504318,0.0,0.014469999819993973,0.0,0.0,0.009680000133812428,0.015039999969303608,0.0,0.0,0.0,0.021059999242424965,0.0,0.0,0.0,0.0,0.0,0.03158000111579895,0.018869999796152115,0.0050200000405311584],[0.0,0.0034799999557435513,0.003019999945536256,0.06441999971866608,0.03658000007271767,0.0,0.0,0.005429999902844429,0.01769999973475933,0.01075000036507845,0.0,0.0,0.04932999983429909,0.07637999951839447,0.031039999797940254,0.041669998317956924,0.008019999600946903,0.0,0.05375999957323074,0.0],[0.01343000028282404,0.0,0.01396000012755394,0.07406999915838242,0.0319099985063076,0.0,0.0,0.011110000312328339,0.0,0.009170000441372395,0.055730000138282776,0.03260999917984009,0.0086899995803833,0.024550000205636024,0.049890000373125076,0.021980000659823418,0.03355000168085098,0.010870000347495079,0.0,0.0006200000061653554]],"frequency_matrix":[[0.3483099937438965,0.15929000079631805,0.04210999980568886,0.04673000052571297,0.019050000235438347,0.11661999672651291,0.010639999993145466,0.09724999964237213,0.0,0.016259999945759773,0.14607000350952148,0.009619999676942825,0.23728999495506287,0.2782599925994873,0.019379999488592148,0.023259999230504036,0.01955999992787838,0.019419999793171883,0.02459000051021576,0.01955999992787838],[0.3557699918746948,0.09940999746322632,0.02387000061571598,0.02751999907195568,0.02387000061571598,0.05051000043749809,0.0,0.04761999845504761,0.019610000774264336,0.06586000323295593,0.09940999746322632,0.0,0.18914000689983368,0.2451000064611435,0.0,0.023259999230504036,0.05824999883770943,0.051100000739097595,0.010420000180602074,0.051100000739097595],[0.3982299864292145,0.08772999793291092,0.06086999922990799,0.038830000907182693,0.010130000300705433,0.05939999967813492,0.010130000300705433,0.05939999967813492,0.0,0.0,0.08772999793291092,0.03297000005841255,0.1485999971628189,0.33636000752449036,0.0,0.1443299949169159,0.012199999764561653,0.005169999785721302,0.0,0.005169999785721302],[0.2989700138568878,0.12035000324249268,0.060920000076293945,0.03954000025987625,0.060920000076293945,0.03954000025987625,0.04586999863386154,0.03954000025987625,0.0,0.03751999884843826,0.03954000025987625,0.00989999994635582,0.2187899947166443,0.2187899947166443,0.0,0.0,0.04706000164151192,0.0,0.03954000025987625,0.01075000036507845],[0.2462099939584732,0.12811000645160675,0.05733000114560127,0.05217000097036362,0.011110000312328339,0.05488000065088272,0.0,0.05488000065088272,0.0,0.0,0.08332999795675278,0.0,0.1854500025510788,0.1957399994134903,0.0,0.010289999656379223,0.05048000067472458,0.0,0.022989999502897263,0.0291300006210804],[0.48855000734329224,0.2734900116920471,0.07705000042915344,0.02751999907195568,0.054349999874830246,0.12196999788284302,0.0,0.06363999843597412,0.03158000111579895,0.027860000729560852,0.12196999788284302,0.05432000011205673,0.37839001417160034,0.3859100043773651,0.017389999702572823,0.007530000060796738,0.04831000044941902,0.0,0.018519999459385872,0.0],[0.22380000352859497,0.1588599979877472,0.01665000058710575,0.010990000329911709,0.01665000058710575,0.1344500035047531,0.01665000058710575,0.051020000129938126,0.009519999846816063,0.0,0.1588599979877472,0.0,0.18178999423980713,0.19700999557971954,0.052629999816417694,0.01522000040858984,0.02679000049829483,0.0,0.0,0.023259999230504036],[0.240229994058609,0.17288999259471893,0.009680000133812428,0.033330000936985016,0.009680000133812428,0.04837999865412712,0.009680000133812428,0.04837999865412712,0.0,0.0,0.04837999865412712,0.021059999242424965,0.18256999552249908,0.18256999552249908,0.0,0.0,0.03660000115633011,0.03158000111579895,0.018869999796152115,0.03660000115633011],[0.40158000588417053,0.175819993019104,0.03959999978542328,0.11817999929189682,0.03658999875187874,0.17235000431537628,0.0,0.14131000638008118,0.01769999973475933,0.01075000036507845,0.17235000431537628,0.0,0.2755100131034851,0.393559992313385,0.031039999797940254,0.041669998317956924,0.008030000142753124,0.0,0.05375999957323074,0.0],[0.39215999841690063,0.19080999493598938,0.04586999863386154,0.07406999915838242,0.0319099985063076,0.13506999611854553,0.0,0.08517999947071075,0.0,0.009170000441372395,0.19080999493598938,0.03260999917984009,0.2545500099658966,0.30107998847961426,0.049890000373125076,0.021980000659823418,0.045049998909235,0.010870000347495079,0.0,0.011490000411868095]]}