{"objective":6044.5830078125,"runtime":0.0,"usage_matrix":[[0.0,0.047240000218153,0.03260999917984009,0.0,0.010529999621212482,0.023189999163150787,0.0,0.005229999776929617,0.029190000146627426,0.0,0.01522000040858984,0.05195000022649765,0.0034199999645352364,0.02452000044286251,0.01205000001937151,0.0,0.02345000021159649,0.0,0.0,0.01075000036507845],[0.033410001546144485,0.018929999321699142,0.03342000022530556,0.009519999846816063,0.0,0.0,0.07062000036239624,0.0,0.023310000076889992,0.0,0.009619999676942825,0.0,0.0,0.008290000259876251,0.0,0.03378000110387802,0.0,0.0,0.10284999758005142,0.0],[0.0,0.0,0.07895000278949738,0.021980000659823418,0.0,0.05138999968767166,0.0,0.015449999831616879,0.02410000003874302,0.053679998964071274,0.0052999998442828655,0.0,0.006029999814927578,0.0,0.0616299994289875,0.005330000072717667,0.0,0.01892000064253807,0.010200000368058681,0.020829999819397926],[0.0,0.004170000087469816,0.030300000682473183,0.0,0.027160000056028366,0.03296000137925148,0.0,0.098580002784729,0.032260000705718994,0.02150999940931797,0.06785000115633011,0.024170000106096268,0.0,0.0,0.044440001249313354,0.010990000329911709,0.0,0.045419998466968536,0.01205000001937151,0.028300000354647636],[0.00547999981790781,0.016140000894665718,0.0,0.025860000401735306,0.0,0.0,0.0,0.0,0.030339999124407768,0.0,0.018689999356865883,0.051899999380111694,0.0,0.005090000107884407,0.03773999959230423,0.012969999574124813,0.024940000846982002,0.0,0.0,0.0],[0.1469700038433075,0.0,0.007519999984651804,0.0,0.03418999910354614,0.0,0.0,0.0,0.09573999792337418,0.030869999900460243,0.026359999552369118,0.0,0.007899999618530273,0.0,0.0,0.08104000240564346,0.036159999668598175,0.005840000230818987,0.022989999502897263,0.0],[0.0,0.009499999694526196,0.020409999415278435,0.00877000018954277,0.10048999637365341,0.0309200007468462,0.05728000029921532,0.018890000879764557,0.0,0.04544999822974205,0.0,0.0,0.0,0.00014000000373926014,0.0,0.033959999680519104,0.0,0.06871999800205231,0.009709999896585941,0.0],[0.10920999944210052,0.0,0.026170000433921814,0.01769999973475933,0.02061999961733818,0.0,0.0,0.030050000175833702,0.0,0.009519999846816063,0.030300000682473183,0.0083600003272295,0.0,0.0,0.010870000347495079,0.040550000965595245,0.02996000088751316,0.0,0.0,0.0],[0.0,0.0,0.0,0.0,0.0,0.04574999958276749,0.0,0.0,0.005210000090301037,0.0,0.048980001360177994,0.0,0.0658000037074089,0.03889000043272972,0.031220000237226486,0.01030999980866909,0.0,0.008469999767839909,0.0,0.04236999899148941],[0.0,0.10215000063180923,0.0,0.008700000122189522,0.0,0.0,0.014259999617934227,0.0,0.058570001274347305,0.0,0.0,0.0,0.08207999914884567,0.0,0.01785999909043312,0.07558000087738037,0.03573000058531761,0.0,0.0,0.018549999222159386]],"frequency_matrix":[[0.28933998942375183,0.28933998942375183,0.03260999917984009,0.0,0.010529999621212482,0.16290999948978424,0.16290999948978424,0.1681399941444397,0.029190000146627426,0.029190000146627426,0.02597000077366829,0.07791999727487564,0.19607999920845032,0.19266000390052795,0.01205000001937151,0.0,0.2421099990606308,0.0,0.0,0.01075000036507845],[0.34375,0.3103399872779846,0.03342000022530556,0.009519999846816063,0.0,0.21251000463962555,0.2831200063228607,0.2831200063228607,0.023310000076889992,0.023310000076889992,0.009630000218749046,0.05293000116944313,0.29140999913215637,0.29140999913215637,0.0,0.043299999088048935,0.29140999913215637,0.10284999758005142,0.10284999758005142,0.0],[0.3737800121307373,0.3737800121307373,0.07895000278949738,0.021980000659823418,0.0,0.2906799912452698,0.2906799912452698,0.30612000823020935,0.02410000003874302,0.07778000086545944,0.02613000012934208,0.05344000086188316,0.3121599853038788,0.30612000823020935,0.0616299994289875,0.027310000732541084,0.3737800121307373,0.0291300006210804,0.010200000368058681,0.020829999819397926],[0.4801599979400635,0.4801599979400635,0.030300000682473183,0.0,0.027160000056028366,0.30581000447273254,0.30581000447273254,0.40439000725746155,0.032260000705718994,0.05375999957323074,0.0961500033736229,0.13131000101566315,0.40439000725746155,0.40439000725746155,0.044440001249313354,0.010990000329911709,0.4759899973869324,0.05747000128030777,0.01205000001937151,0.028300000354647636],[0.22916999459266663,0.22368000447750092,0.0,0.025860000401735306,0.0,0.13977999985218048,0.13977999985218048,0.13977999985218048,0.030339999124407768,0.030339999124407768,0.018689999356865883,0.10943000018596649,0.14486999809741974,0.14486999809741974,0.03773999959230423,0.038830000907182693,0.20755000412464142,0.0,0.0,0.0],[0.4955799877643585,0.3486100137233734,0.007519999984651804,0.0,0.03418999910354614,0.27035999298095703,0.27035999298095703,0.27035999298095703,0.09573999792337418,0.12660999596118927,0.026359999552369118,0.1074099987745285,0.2782599925994873,0.27035999298095703,0.0,0.08104000240564346,0.3486100137233734,0.028829999268054962,0.022989999502897263,0.0],[0.40424999594688416,0.40424999594688416,0.020409999415278435,0.00877000018954277,0.10048999637365341,0.2179500013589859,0.2752299904823303,0.29412001371383667,0.0,0.04544999822974205,0.0,0.042729999870061874,0.2942599952220917,0.2942599952220917,0.0,0.042729999870061874,0.3947499990463257,0.07842999696731567,0.009709999896585941,0.0],[0.3333300054073334,0.22412000596523285,0.026170000433921814,0.01769999973475933,0.02061999961733818,0.1326099932193756,0.1326099932193756,0.16267000138759613,0.0,0.009519999846816063,0.030300000682473183,0.09691999852657318,0.16267000138759613,0.16267000138759613,0.010870000347495079,0.05824999883770943,0.22412000596523285,0.0,0.0,0.0],[0.29701998829841614,0.29701998829841614,0.0,0.0,0.0,0.16110999882221222,0.16110999882221222,0.16110999882221222,0.005210000090301037,0.005210000090301037,0.0913499966263771,0.10165999829769135,0.26579999923706055,0.20000000298023224,0.031220000237226486,0.01030999980866909,0.29701998829841614,0.008469999767839909,0.0,0.04236999899148941],[0.41347000002861023,0.41347000002861023,0.0,0.008700000122189522,0.0,0.16140000522136688,0.17565999925136566,0.17565999925136566,0.058570001274347305,0.058570001274347305,0.018549999222159386,0.1028200015425682,0.25773000717163086,0.17565999925136566,0.01785999909043312,0.08427000045776367,0.3113200068473816,0.0,0.0,0.018549999222159386]]}