{"objective":5636.7265625,"runtime":0.0,"usage_matrix":[[0.001339999958872795,0.01638999953866005,0.004230000078678131,0.020969999954104424,0.0,0.0037400000728666782,0.0,0.05414000153541565,0.03815999999642372,0.0,0.012330000288784504,0.022199999541044235,0.0,0.05691999942064285,0.024390000849962234,0.0,0.03158000111579895,0.02500000037252903,0.019999999552965164,0.04493999853730202],[0.03846000134944916,0.016030000522732735,0.0,0.0,0.0735900029540062,0.11462999880313873,0.0,0.011380000039935112,0.09341000020503998,0.010700000450015068,0.0,0.0,0.0,0.0002899999963119626,0.030300000682473183,0.03990999981760979,0.021050000563263893,0.011789999902248383,0.0,0.0],[0.0,0.019999999552965164,0.015399999916553497,0.00279999990016222,0.0,0.05457000061869621,0.0,0.0408799983561039,0.1137000024318695,0.0,0.0,0.002400000113993883,0.018689999356865883,0.0,0.02353000082075596,0.10468000173568726,0.0291300006210804,0.0,0.02500000037252903,0.0],[0.06021999940276146,0.0,0.00839999970048666,0.031369999051094055,0.0,0.0,0.0922200009226799,0.013399999588727951,0.0,0.010099999606609344,0.0,0.0037499999161809683,0.009619999676942825,0.05192999914288521,0.022989999502897263,0.0697999969124794,0.04690000042319298,0.008919999934732914,0.008589999750256538,0.0],[0.11575999855995178,0.02215000055730343,0.0,0.0,0.0026000000070780516,0.00430000014603138,0.0,0.0,0.0,0.011239999905228615,0.014519999735057354,0.0,0.0,0.05178999900817871,0.07215999811887741,0.08128999918699265,0.0,0.010870000347495079,0.026259999722242355,0.012590000405907631],[0.07797999680042267,0.028869999572634697,0.0,0.14427000284194946,0.0,0.012350000441074371,0.0,0.0,0.004449999891221523,0.0,0.0,0.019379999488592148,0.029999999329447746,0.00901000015437603,0.003719999920576811,0.0,0.051020000129938126,0.0,0.0,0.009429999627172947],[0.0,0.0,0.032260000705718994,0.03906000033020973,0.0,0.025459999218583107,0.0,0.07676000148057938,0.0,0.0,0.0,0.07370000332593918,0.012350000441074371,0.00033999999868683517,0.030750000849366188,0.0,0.0,0.0,0.03158000111579895,0.0],[0.0,0.017240000888705254,0.025769999250769615,0.08392000198364258,0.0,0.0,0.013670000247657299,0.0774800032377243,0.0,0.008539999835193157,0.0,0.014089999720454216,0.010099999606609344,0.03844999894499779,0.0,0.02061999961733818,0.0,0.0348300002515316,0.0,0.05931999906897545],[0.01334999967366457,0.010529999621212482,0.029100000858306885,0.013380000367760658,0.03454999998211861,0.03149000182747841,0.043699998408555984,0.0,0.08918999880552292,0.008550000376999378,0.010259999893605709,0.0,0.0,0.016349999234080315,0.02019999921321869,0.023360000923275948,0.0,0.032260000705718994,0.007710000034421682,0.09429000318050385],[0.005090000107884407,0.01075000036507845,0.03905000165104866,0.0,0.08967000246047974,0.05350999906659126,0.05663000047206879,0.0,0.0036299999337643385,0.07500000298023224,0.0,0.0,0.00761000020429492,0.0,0.0,0.04222000017762184,0.0,0.004860000219196081,0.0004400000034365803,0.02662000060081482]],"frequency_matrix":[[0.37634000182151794,0.01638999953866005,0.02061999961733818,0.17045000195503235,0.14948000013828278,0.11224000155925751,0.14948000013828278,0.3368400037288666,0.375,0.0,0.14948000013828278,0.11214999854564667,0.0,0.07692000269889832,0.024390000849962234,0.024390000849962234,0.03158000111579895,0.02500000037252903,0.019999999552965164,0.04493999853730202],[0.46154001355171204,0.016030000522732735,0.016030000522732735,0.17161999642848969,0.17161999642848969,0.14666999876499176,0.17161999642848969,0.3296700119972229,0.4230799973011017,0.010700000450015068,0.09803000092506409,0.0862400010228157,0.0,0.010990000329911709,0.030300000682473183,0.07021000236272812,0.021050000563263893,0.011789999902248383,0.010700000450015068,0.0],[0.4507800042629242,0.019999999552965164,0.03539999946951866,0.1875,0.18469999730587006,0.10869999974966049,0.18469999730587006,0.3370800018310547,0.4507800042629242,0.0,0.18469999730587006,0.18469999730587006,0.018689999356865883,0.02500000037252903,0.02353000082075596,0.12820999324321747,0.0291300006210804,0.0,0.02500000037252903,0.0],[0.4381999969482422,0.0,0.00839999970048666,0.24706000089645386,0.12346000224351883,0.11751999706029892,0.2156900018453598,0.37797999382019043,0.37797999382019043,0.010099999606609344,0.12346000224351883,0.11455000191926956,0.009619999676942825,0.07062000036239624,0.022989999502897263,0.09278000146150589,0.04690000042319298,0.008919999934732914,0.018689999356865883,0.0],[0.42552998661994934,0.02215000055730343,0.02215000055730343,0.21618999540805817,0.21618999540805817,0.09358999878168106,0.21618999540805817,0.30976998805999756,0.30976998805999756,0.011239999905228615,0.21358999609947205,0.1881999969482422,0.0,0.08929000049829483,0.07215999811887741,0.15345999598503113,0.0,0.010870000347495079,0.03750000149011612,0.012590000405907631],[0.39048001170158386,0.028869999572634697,0.028869999572634697,0.23567000031471252,0.09139999747276306,0.07237999886274338,0.09139999747276306,0.3080500066280365,0.3125,0.0,0.09139999747276306,0.09139999747276306,0.029999999329447746,0.00901000015437603,0.003719999920576811,0.003719999920576811,0.051020000129938126,0.0,0.0,0.009429999627172947],[0.32225000858306885,0.0,0.032260000705718994,0.18811999261379242,0.14905999600887299,0.05737999826669693,0.14905999600887299,0.32225000858306885,0.32225000858306885,0.0,0.14905999600887299,0.14905999600887299,0.012350000441074371,0.0319099985063076,0.030750000849366188,0.030750000849366188,0.0,0.0,0.03158000111579895,0.0],[0.40404000878334045,0.017240000888705254,0.04301000013947487,0.2795700132846832,0.18197999894618988,0.04698999971151352,0.19564999639987946,0.40404000878334045,0.40404000878334045,0.008539999835193157,0.18197999894618988,0.14714999496936798,0.010099999606609344,0.04698999971151352,0.0,0.02061999961733818,0.0,0.0348300002515316,0.008539999835193157,0.05931999906897545],[0.47826001048088074,0.010529999621212482,0.03962999954819679,0.31161999702453613,0.2545500099658966,0.0640999972820282,0.2982499897480011,0.37571999430656433,0.46491000056266785,0.008550000376999378,0.2199999988079071,0.17747999727725983,0.0,0.03260999917984009,0.02019999921321869,0.04355999827384949,0.0,0.032260000705718994,0.016259999945759773,0.09429000318050385],[0.41508999466896057,0.01075000036507845,0.04980999976396561,0.27741000056266785,0.22078000009059906,0.1289599984884262,0.27741000056266785,0.40637001395225525,0.4099999964237213,0.07500000298023224,0.13110999763011932,0.1262499988079071,0.00761000020429492,0.07543999701738358,0.0,0.04222000017762184,0.0,0.004860000219196081,0.07543999701738358,0.02662000060081482]]}