{"objective":4406.494140625,"runtime":0.0,"usage_matrix":[[0.20503999292850494,0.06897000223398209,0.0,0.04904000088572502,0.0,0.0,0.0,0.004980000201612711,0.0,0.0,0.0,0.018449999392032623,0.0,0.07714000344276428,0.03297000005841255,0.04145999997854233,0.01827000081539154,0.008440000005066395,0.012330000288784504,0.022549999877810478],[0.0,0.008179999887943268,0.0,0.009320000186562538,0.007459999993443489,0.1021599993109703,0.0,0.0,0.0,0.01924999989569187,0.0,0.04470000043511391,0.0,0.0,0.0,0.0368800014257431,0.0,0.0,0.0,0.010200000368058681],[0.0644799992442131,0.008700000122189522,0.025040000677108765,0.04639999940991402,0.027079999446868896,0.0005499999970197678,0.005979999899864197,0.028720000758767128,0.0,0.01075000036507845,0.037060000002384186,0.036729998886585236,0.0,0.017890000715851784,0.016950000077486038,0.0,0.008310000412166119,0.00431999983265996,0.043389998376369476,0.0],[0.0025400000158697367,0.0,0.07292000204324722,0.012240000069141388,0.013980000279843807,0.0,0.0,0.0,0.0,0.013930000364780426,0.008030000142753124,0.007149999961256981,0.016759999096393585,0.04503000155091286,0.02703000046312809,0.029410000890493393,0.0,0.0,0.0,0.011490000411868095],[0.0,0.008200000040233135,0.0,0.0,0.049959998577833176,0.025259999558329582,0.0,0.016620000824332237,0.0,0.009170000441372395,0.013179999776184559,0.0,0.046229999512434006,0.0,0.008580000139772892,0.0,0.011029999703168869,0.037050001323223114,0.002219999907538295,0.05000000074505806],[0.0014400000218302011,0.004769999999552965,0.020600000396370888,0.0,0.0,0.1412999927997589,0.010169999673962593,0.013039999641478062,0.0020200000144541264,0.027780000120401382,0.09892000257968903,0.07627999782562256,0.0,0.05094999819993973,0.0,0.0,0.0,0.04210999980568886,0.0,0.01558000035583973],[0.0,0.03300999850034714,0.0,0.0031799999997019768,0.037039998918771744,0.02841000072658062,0.0,0.0,0.08850999921560287,0.027969999238848686,0.0,0.0,0.1530500054359436,0.015180000104010105,0.009709999896585941,0.0,0.038690000772476196,0.008620000444352627,0.0,0.0],[0.0,0.01075000036507845,0.0,0.0,0.03084000013768673,0.007430000230669975,0.0031900000758469105,0.00901000015437603,0.0,0.0,0.0,0.0,0.0,0.07129999995231628,0.03175999969244003,0.00851999968290329,0.031199999153614044,0.014589999802410603,0.021159999072551727,0.010529999621212482],[0.0,0.0,0.0,0.016769999638199806,0.0,0.0,0.03302000090479851,0.0,0.0,0.0,0.0,0.0,0.0,0.009720000438392162,0.04761999845504761,0.06334000080823898,0.0,0.0,0.02181999944150448,0.010599999688565731],[0.06964000314474106,0.009689999744296074,0.0,0.0,0.02637000009417534,0.03245000168681145,0.0,0.013670000247657299,0.0,0.0,0.0,0.07068999856710434,0.01432000007480383,0.0,0.0,0.02679000049829483,0.019220000132918358,0.0,0.0,0.0]],"frequency_matrix":[[0.5596299767494202,0.06897000223398209,0.08128999918699265,0.10525999963283539,0.022549999877810478,0.08128999918699265,0.004980000201612711,0.004980000201612711,0.2732999920845032,0.0,0.12370999902486801,0.12370999902486801,0.24231000244617462,0.2008499950170517,0.03297000005841255,0.04145999997854233,0.023259999230504036,0.008440000005066395,0.08128999918699265,0.022549999877810478],[0.23815999925136566,0.008179999887943268,0.11033999919891357,0.02857000008225441,0.017659999430179596,0.11033999919891357,0.01924999989569187,0.01924999989569187,0.1278200000524521,0.01924999989569187,0.07327000051736832,0.07327000051736832,0.11015000194311142,0.07327000051736832,0.0,0.0368800014257431,0.01924999989569187,0.0,0.008179999887943268,0.010200000368058681],[0.38234999775886536,0.008700000122189522,0.07767000049352646,0.11711999773979187,0.027079999446868896,0.052629999816417694,0.04544999822974205,0.03946999832987785,0.2401999980211258,0.01075000036507845,0.1909099966287613,0.1538500040769577,0.20879000425338745,0.20879000425338745,0.016950000077486038,0.0,0.05375999957323074,0.00431999983265996,0.052080001682043076,0.0],[0.2605000138282776,0.0,0.07292000204324722,0.05319000035524368,0.025469999760389328,0.0,0.013930000364780426,0.013930000364780426,0.18504999577999115,0.013930000364780426,0.06837999820709229,0.060339998453855515,0.15958000719547272,0.11339999735355377,0.02703000046312809,0.029410000890493393,0.013930000364780426,0.0,0.0,0.011490000411868095],[0.27750998735427856,0.008200000040233135,0.035679999738931656,0.045409999787807465,0.09995999932289124,0.035679999738931656,0.025800000876188278,0.025800000876188278,0.2418300062417984,0.009170000441372395,0.05858999863266945,0.045409999787807465,0.10482999682426453,0.05858999863266945,0.008580000139772892,0.0,0.03681999817490578,0.037050001323223114,0.010420000180602074,0.05000000074505806],[0.5049499869346619,0.004769999999552965,0.16666999459266663,0.05099000036716461,0.01558000035583973,0.14607000350952148,0.05099000036716461,0.04081999883055687,0.3368400037288666,0.027780000120401382,0.2261900007724762,0.12726999819278717,0.2771399915218353,0.2771399915218353,0.0,0.0,0.05099000036716461,0.04210999980568886,0.004769999999552965,0.01558000035583973],[0.4433700144290924,0.03300999850034714,0.061420001089572906,0.07955999672412872,0.037039998918771744,0.061420001089572906,0.027969999238848686,0.027969999238848686,0.3819499909877777,0.027969999238848686,0.07955999672412872,0.07955999672412872,0.24778999388217926,0.09474000334739685,0.009709999896585941,0.0,0.0666700005531311,0.008620000444352627,0.03300999850034714,0.0],[0.2502799928188324,0.01075000036507845,0.039340000599622726,0.07515999674797058,0.041370000690221786,0.039340000599622726,0.012199999764561653,0.00901000015437603,0.21094000339508057,0.0,0.07515999674797058,0.07515999674797058,0.15498000383377075,0.14645999670028687,0.03175999969244003,0.00851999968290329,0.04340000078082085,0.014589999802410603,0.0319099985063076,0.010529999621212482],[0.2029000073671341,0.0,0.02181999944150448,0.09741000086069107,0.010599999688565731,0.02181999944150448,0.03302000090479851,0.0,0.18107999861240387,0.0,0.09741000086069107,0.09741000086069107,0.1704699993133545,0.10712999850511551,0.04761999845504761,0.06334000080823898,0.03302000090479851,0.0,0.02181999944150448,0.010599999688565731],[0.28282999992370605,0.009689999744296074,0.0421300008893013,0.03288999944925308,0.02637000009417534,0.0421300008893013,0.013670000247657299,0.013670000247657299,0.1710599958896637,0.0,0.10357999801635742,0.10357999801635742,0.144679993391037,0.10357999801635742,0.0,0.02679000049829483,0.03288999944925308,0.0,0.009689999744296074,0.0]]}