{"objective":4750.9423828125,"runtime":0.0,"usage_matrix":[[0.0,0.0,0.0,0.0,0.11214999854564667,0.012160000391304493,0.0,0.008390000090003014,0.008259999565780163,0.05455999821424484,0.0,0.0,0.0,0.0508899986743927,0.017000000923871994,0.0,0.011239999905228615,0.0,0.016170000657439232,0.054349999874830246],[0.0059899999760091305,0.01817999966442585,0.04019000008702278,0.010099999606609344,0.0,0.012079999782145023,0.037039998918771744,0.005489999894052744,0.014790000393986702,0.0,0.015359999611973763,0.016200000420212746,0.0,0.09371999651193619,0.04123999923467636,0.043049998581409454,0.02019999921321869,0.016589999198913574,0.00989999994635582,0.0055599999614059925],[0.050680000334978104,0.0,0.00877000018954277,0.0,0.0,0.08162999898195267,0.016950000077486038,0.0,0.017880000174045563,0.05344000086188316,0.0,0.0,0.019700000062584877,0.042739998549222946,0.02150999940931797,0.01042999979108572,0.05747000128030777,0.03125,0.010769999586045742,0.01075000036507845],[0.021309999749064445,0.0,0.021740000694990158,0.0,0.010870000347495079,0.031550001353025436,0.0,0.009340000338852406,0.04493999853730202,0.0036800000816583633,0.028130000457167625,0.0,0.009510000236332417,0.0029800001066178083,0.0014299999456852674,0.0,0.052080001682043076,0.0,0.011110000312328339,0.04544999822974205],[0.0,0.037039998918771744,0.02061999961733818,0.05000000074505806,0.03691999986767769,0.07636000216007233,0.01066999975591898,0.0,0.0013000000035390258,0.0,0.020239999517798424,0.02542000077664852,0.007619999814778566,0.0,0.01803000085055828,0.0,0.029410000890493393,0.0,0.0,0.0189800001680851],[0.0,0.0631600022315979,0.013729999773204327,0.02061999961733818,0.0,0.0,0.0,0.0451200008392334,0.028680000454187393,0.0,0.014469999819993973,0.02483999915421009,0.0,0.0,0.0,0.0,0.005810000002384186,0.01257999986410141,0.04493999853730202,0.0],[0.07850000262260437,0.010420000180602074,0.026319999247789383,0.03658999875187874,0.020600000396370888,0.08043999969959259,0.04901999980211258,0.0,0.02677999995648861,0.0,0.02215000055730343,0.019999999552965164,0.03596000000834465,0.014580000191926956,0.0,0.0,0.0,0.0,0.04081999883055687,0.05784999951720238],[0.059220001101493835,0.0,0.0,0.0094200000166893,0.003490000031888485,0.023749999701976776,0.009259999729692936,0.0,0.000750000006519258,0.0,0.0,0.052080001682043076,0.0012199999764561653,0.11067000031471252,0.0,0.05561000108718872,0.009349999949336052,0.0,0.018850000575184822,0.003490000031888485],[0.08897999674081802,0.024390000849962234,0.019050000235438347,0.03587999939918518,0.0,0.0036700000055134296,0.0,0.01358999963849783,0.0,0.0,0.0,0.009800000116229057,0.004480000119656324,0.04162000119686127,0.017389999702572823,0.04648999869823456,0.009800000116229057,0.010320000350475311,0.0,0.004889999981969595],[0.0221599992364645,0.0,0.0,0.0,0.065420001745224,0.0,0.0,0.0,0.0,0.0024999999441206455,0.0362900011241436,0.030300000682473183,0.00989999994635582,0.030249999836087227,0.0,0.04064000025391579,0.007259999867528677,0.0,0.009999999776482582,0.0]],"frequency_matrix":[[0.34516000747680664,0.0,0.0,0.0,0.11214999854564667,0.26109999418258667,0.0,0.23770000040531158,0.008259999565780163,0.22104999423027039,0.3281700015068054,0.0,0.26109999418258667,0.31198999285697937,0.017000000923871994,0.34516000747680664,0.011239999905228615,0.0,0.016170000657439232,0.054349999874830246],[0.4056600034236908,0.01817999966442585,0.04019000008702278,0.010099999606609344,0.016589999198913574,0.0928800031542778,0.037039998918771744,0.06061000004410744,0.03297000005841255,0.022140000015497208,0.27834999561309814,0.016200000420212746,0.14926999807357788,0.24299000203609467,0.04123999923467636,0.36263999342918396,0.02019999921321869,0.016589999198913574,0.00989999994635582,0.0055599999614059925],[0.4339599907398224,0.0,0.00877000018954277,0.0,0.03125,0.2524299919605255,0.016950000077486038,0.1133200004696846,0.017880000174045563,0.09544999897480011,0.33441001176834106,0.0,0.2809000015258789,0.32363998889923096,0.02150999940931797,0.3663400113582611,0.05747000128030777,0.03125,0.010769999586045742,0.01075000036507845],[0.29412001371383667,0.0,0.021740000694990158,0.0,0.010870000347495079,0.19791999459266663,0.0,0.11428999900817871,0.04493999853730202,0.05999999865889549,0.2713800072669983,0.0,0.22916999459266663,0.23214000463485718,0.0014299999456852674,0.2728100121021271,0.052080001682043076,0.0,0.011110000312328339,0.04544999822974205],[0.35260000824928284,0.037039998918771744,0.02061999961733818,0.05000000074505806,0.03691999986767769,0.20000000298023224,0.01066999975591898,0.09423000365495682,0.038339998573064804,0.055890001356601715,0.3239000141620636,0.02542000077664852,0.2536599934101105,0.2536599934101105,0.01803000085055828,0.34193000197410583,0.029410000890493393,0.0,0.0,0.0189800001680851],[0.2739500105381012,0.0631600022315979,0.013729999773204327,0.02061999961733818,0.01257999986410141,0.155349999666214,0.0,0.1495400071144104,0.091839998960495,0.01257999986410141,0.2739500105381012,0.02483999915421009,0.1939300000667572,0.1939300000667572,0.0,0.2739500105381012,0.005810000002384186,0.01257999986410141,0.04493999853730202,0.0],[0.5199999809265137,0.010420000180602074,0.026319999247789383,0.03658999875187874,0.020600000396370888,0.19607999920845032,0.04901999980211258,0.11563999950885773,0.03719000145792961,0.07844000309705734,0.3924799859523773,0.019999999552965164,0.27834999561309814,0.292930006980896,0.0,0.3924799859523773,0.0,0.0,0.04081999883055687,0.05784999951720238],[0.3571400046348572,0.0,0.0,0.0094200000166893,0.003490000031888485,0.04081999883055687,0.009259999729692936,0.007720000110566616,0.000750000006519258,0.006969999987632036,0.23305000364780426,0.052080001682043076,0.09412000328302383,0.20478999614715576,0.0,0.2886599898338318,0.009349999949336052,0.0,0.018850000575184822,0.003490000031888485],[0.3303599953651428,0.024390000849962234,0.019050000235438347,0.03587999939918518,0.010320000350475311,0.0666700005531311,0.0,0.05319000035524368,0.024390000849962234,0.015209999866783619,0.17749999463558197,0.009800000116229057,0.10000000149011612,0.1416199952363968,0.017389999702572823,0.2413800060749054,0.009800000116229057,0.010320000350475311,0.0,0.004889999981969595],[0.254720002412796,0.0,0.0,0.0,0.065420001745224,0.07518000155687332,0.0,0.06791999936103821,0.0,0.06791999936103821,0.19191999733448029,0.030300000682473183,0.11537999659776688,0.14563000202178955,0.0,0.23255999386310577,0.007259999867528677,0.0,0.009999999776482582,0.0]]}