{"objective":5120.0791015625,"runtime":0.0,"usage_matrix":[[0.03706999868154526,0.0,0.0,0.05505000054836273,0.06295999884605408,0.01979999989271164,0.038830000907182693,0.03922000154852867,0.0,0.00839999970048666,0.03807000070810318,0.009499999694526196,0.0,0.0,0.0012100000167265534,0.05122999846935272,0.0,0.009259999729692936,0.019589999690651894,0.02565000019967556],[0.015370000153779984,0.0,0.011239999905228615,0.037039998918771744,0.0,0.0,0.0,0.009800000116229057,0.005510000046342611,0.008969999849796295,0.01916000060737133,0.02112000063061714,0.05415999889373779,0.0,0.011819999665021896,0.01727999933063984,0.04645000025629997,0.0,0.0,0.012350000441074371],[0.0,0.04018000140786171,0.0,0.0,0.06442999839782715,0.0,0.007849999703466892,0.009619999676942825,0.010259999893605709,0.038270000368356705,0.0,0.001500000013038516,0.017190000042319298,0.044679999351501465,0.006390000227838755,0.0,0.08180999755859375,0.01075000036507845,0.01954999938607216,0.019610000774264336],[0.01056000031530857,0.014279999770224094,0.018869999796152115,0.0,0.03681999817490578,0.0,0.019610000774264336,0.01923000067472458,0.0,0.028300000354647636,0.07806999981403351,0.05974999815225601,0.0,0.0,0.0,0.06780999898910522,0.0047599999234080315,0.07954999804496765,0.07970999926328659,0.00406000018119812],[0.0,0.0,0.02679000049829483,0.04799000173807144,0.03102000057697296,0.04405999928712845,0.021050000563263893,0.014890000224113464,0.01785999909043312,0.04806999862194061,0.0276699997484684,0.0,0.035110000520944595,0.03311999887228012,0.0,0.0,0.0018599999602884054,0.0,0.016419999301433563,0.07142999768257141],[0.029969999566674232,0.11135999858379364,0.0760900005698204,0.02019999921321869,0.002570000011473894,0.0,0.0,0.029410000890493393,0.024890000000596046,0.032999999821186066,0.0,0.012249999679625034,0.007819999940693378,0.0,0.08296000212430954,0.007329999934881926,0.00343000004068017,0.0,0.0760900005698204,0.01769999973475933],[0.052069999277591705,0.061319999396800995,0.008469999767839909,0.02061999961733818,0.007079999893903732,0.03613999858498573,0.03370999917387962,0.011850000359117985,0.06674999743700027,0.020649999380111694,0.09064000099897385,0.0,0.0,0.0,0.027130000293254852,0.01583999954164028,0.0,0.0,0.02751999907195568,0.02019999921321869],[0.00007000000186963007,0.04548000171780586,0.04761999845504761,0.0,0.024170000106096268,0.050119999796152115,0.03370999917387962,0.0,0.009340000338852406,0.029969999566674232,0.016720000654459,0.021050000563263893,0.0009299999801442027,0.035909999161958694,0.0,0.0,0.067330002784729,0.0,0.022339999675750732,0.0],[0.0,0.0,0.0,0.0,0.07819999754428864,0.004920000210404396,0.04188999906182289,0.02563999965786934,0.0,0.025520000606775284,0.0,0.03260999917984009,0.0012700000079348683,0.019610000774264336,0.04439999908208847,0.0,0.006039999891072512,0.02246999926865101,0.010049999691545963,0.05232999846339226],[0.0,0.11315999925136566,0.010099999606609344,0.054349999874830246,0.0071299998089671135,0.0,0.021810000762343407,0.04904999956488609,0.036570001393556595,0.04236999899148941,0.0,0.0,0.0,0.015169999562203884,0.01874000020325184,0.07467000186443329,0.030209999531507492,0.004689999856054783,0.0,0.0]],"frequency_matrix":[[0.4158399999141693,0.26782000064849854,0.0,0.05505000054836273,0.14806999266147614,0.01979999989271164,0.038830000907182693,0.03922000154852867,0.02565000019967556,0.00839999970048666,0.3703700006008148,0.04870999976992607,0.04870999976992607,0.04870999976992607,0.08511000126600266,0.1197500005364418,0.26782000064849854,0.009259999729692936,0.028850000351667404,0.02565000019967556],[0.2702699899673462,0.15123000741004944,0.011239999905228615,0.037039998918771744,0.04885999858379364,0.0,0.0,0.009800000116229057,0.01785999909043312,0.02019999921321869,0.23468999564647675,0.03092999942600727,0.08508999645709991,0.08508999645709991,0.04885999858379364,0.1023700013756752,0.19766999781131744,0.0,0.0,0.012350000441074371],[0.37209001183509827,0.21428999304771423,0.0,0.0,0.1011200025677681,0.0,0.007849999703466892,0.009619999676942825,0.02986999973654747,0.038279999047517776,0.3338199853897095,0.011110000312328339,0.028300000354647636,0.07298000156879425,0.03669999912381172,0.07298000156879425,0.296099990606308,0.01075000036507845,0.030300000682473183,0.019610000774264336],[0.521369993686676,0.3571400046348572,0.018869999796152115,0.0,0.19607999920845032,0.0,0.019610000774264336,0.01923000067472458,0.00406000018119812,0.0471699982881546,0.4636400043964386,0.07897999882698059,0.07897999882698059,0.07897999882698059,0.15926000475883484,0.14678999781608582,0.3619000017642975,0.07954999804496765,0.15926000475883484,0.00406000018119812],[0.43735000491142273,0.22262999415397644,0.02679000049829483,0.04799000173807144,0.09544000029563904,0.04405999928712845,0.021050000563263893,0.014890000224113464,0.08929000049829483,0.07485000044107437,0.3624899983406067,0.014890000224113464,0.05000000074505806,0.08312000334262848,0.06441999971866608,0.12717999517917633,0.2244900017976761,0.0,0.016419999301433563,0.07142999768257141],[0.5350900292396545,0.3499999940395355,0.0760900005698204,0.02019999921321869,0.18182000517845154,0.0,0.0,0.029410000890493393,0.04258999973535538,0.10909000039100647,0.3960300087928772,0.041669998317956924,0.049479998648166656,0.049479998648166656,0.17925000190734863,0.05682000145316124,0.35343000292778015,0.0,0.0760900005698204,0.01769999973475933],[0.5,0.20749999582767487,0.008469999767839909,0.02061999961733818,0.0823500007390976,0.03613999858498573,0.03370999917387962,0.011850000359117985,0.08696000277996063,0.0291300006210804,0.4187999963760376,0.011850000359117985,0.011850000359117985,0.011850000359117985,0.07526999711990356,0.06383000314235687,0.20749999582767487,0.0,0.02751999907195568,0.02019999921321869],[0.4047600030899048,0.20000000298023224,0.04761999845504761,0.0,0.046509999781847,0.050119999796152115,0.03370999917387962,0.0,0.009349999949336052,0.07759000360965729,0.32710000872612,0.021050000563263893,0.021980000659823418,0.05789000168442726,0.022339999675750732,0.10801000148057938,0.26732999086380005,0.0,0.022339999675750732,0.0],[0.36496999859809875,0.23917999863624573,0.0,0.0,0.15512000024318695,0.004920000210404396,0.04188999906182289,0.02563999965786934,0.05232999846339226,0.025529999285936356,0.3394399881362915,0.05824999883770943,0.05951999872922897,0.07913000136613846,0.07692000269889832,0.08405999839305878,0.24522000551223755,0.02246999926865101,0.032519999891519547,0.05232999846339226],[0.4780200123786926,0.33695998787879944,0.010099999606609344,0.054349999874830246,0.08490999788045883,0.0,0.021810000762343407,0.04904999956488609,0.036570001393556595,0.052469998598098755,0.42555001378059387,0.04904999956488609,0.04904999956488609,0.06421999633312225,0.07778000086545944,0.13888999819755554,0.3671700060367584,0.004689999856054783,0.004689999856054783,0.0]]}