{"objective":4931.05859375,"runtime":0.0,"usage_matrix":[[0.09638000279664993,0.0,0.007710000034421682,0.007379999849945307,0.0,0.047120001167058945,0.0857900008559227,0.0398700013756752,0.0,0.004720000084489584,0.0,0.0,0.008849999867379665,0.010639999993145466,0.014680000022053719,0.003719999920576811,0.0,0.013419999741017818,0.018689999356865883,0.0],[0.0,0.00892999954521656,0.0,0.011900000274181366,0.0,0.0014799999771639705,0.0,0.10000000149011612,0.05510000139474869,0.0,0.010420000180602074,0.0,0.01923000067472458,0.0,0.0,0.0013500000350177288,0.016659999266266823,0.003100000089034438,0.03311999887228012,0.0],[0.0,0.028039999306201935,0.04052000120282173,0.06074000149965286,0.0,0.03894999995827675,0.018060000613331795,0.0,0.03058999963104725,0.0,0.008849999867379665,0.014299999922513962,0.0,0.01030999980866909,0.0,0.0,0.0,0.011500000022351742,0.0,0.049559999257326126],[0.13809999823570251,0.03474000096321106,0.0,0.0,0.045099999755620956,0.0,0.07151000201702118,0.0,0.030789999291300774,0.0,0.007519999984651804,0.0494999997317791,0.00786999985575676,0.02841999940574169,0.019610000774264336,0.0,0.0,0.0,0.0,0.0001900000061141327],[0.025869999080896378,0.0075599998235702515,0.020810000598430634,0.0,0.0,0.0,0.07954999804496765,0.014499999582767487,0.0,0.0,0.01030999980866909,0.02150999940931797,0.0,0.004769999999552965,0.0,0.033330000936985016,0.027710000053048134,0.021609999239444733,0.03922000154852867,0.019999999552965164],[0.0,0.012020000256597996,0.0,0.02061999961733818,0.0027000000700354576,0.0,0.032349999994039536,0.03911000117659569,0.11658000200986862,0.0,0.010990000329911709,0.032260000705718994,0.0,0.0,0.009619999676942825,0.018219999969005585,0.0,0.004389999900013208,0.038270000368356705,0.0006900000153109431],[0.013650000095367432,0.0763000026345253,0.01001999992877245,0.06302999705076218,0.0,0.0,0.01119999960064888,0.0017000000225380063,0.0,0.0,0.0,0.009089999832212925,0.016850000247359276,0.029410000890493393,0.0,0.061409998685121536,0.039159998297691345,0.05555000156164169,0.0,0.0],[0.0,0.006579999811947346,0.0,0.0,0.10723000019788742,0.0,0.0,0.0007900000200606883,0.04205000028014183,0.0,0.0,0.04309999942779541,0.017640000209212303,0.016279999166727066,0.010529999621212482,0.018650000914931297,0.0,0.019540000706911087,0.05119999870657921,0.06639999896287918],[0.001019999966956675,0.0,0.0,0.03187999874353409,0.03370999917387962,0.01566999964416027,0.013120000250637531,0.0,0.0,0.00007999999797903001,0.0,0.0,0.02500000037252903,0.02019999921321869,0.0,0.0016799999866634607,0.0284000001847744,0.016259999945759773,0.0266100000590086,0.0037700000684708357],[0.06328000128269196,0.035280000418424606,0.0,0.01737000048160553,0.043480001389980316,0.0,0.005750000011175871,0.002400000113993883,0.0,0.01600000075995922,0.0,0.01785999909043312,0.0,0.0666700005531311,0.0,0.011710000224411488,0.0435199998319149,0.023250000551342964,0.0,0.012659999541938305]],"frequency_matrix":[[0.3589699864387512,0.0,0.1339299976825714,0.01802000030875206,0.0,0.2444400042295456,0.10752999782562256,0.05454999953508377,0.2625899910926819,0.24917000532150269,0.0,0.0,0.008849999867379665,0.010639999993145466,0.014680000022053719,0.021740000694990158,0.2625899910926819,0.013419999741017818,0.018689999356865883,0.014680000022053719],[0.26128000020980835,0.00892999954521656,0.0463699996471405,0.011900000274181366,0.0,0.17600999772548676,0.013260000385344028,0.10000000149011612,0.26128000020980835,0.17600999772548676,0.010420000180602074,0.0,0.01923000067472458,0.0,0.0,0.013260000385344028,0.20619000494480133,0.013509999960660934,0.03311999887228012,0.0],[0.3114199936389923,0.028039999306201935,0.12962999939918518,0.0710500031709671,0.0,0.26047998666763306,0.08911000192165375,0.06385999917984009,0.3114199936389923,0.26047998666763306,0.008849999867379665,0.014299999922513962,0.0,0.01030999980866909,0.0,0.0710500031709671,0.28082001209259033,0.020349999889731407,0.0,0.049559999257326126],[0.4333299994468689,0.03474000096321106,0.09994000196456909,0.02841999940574169,0.045099999755620956,0.2118300050497055,0.09994000196456909,0.06928999722003937,0.29524001479148865,0.25692999362945557,0.007519999984651804,0.0494999997317791,0.00786999985575676,0.02841999940574169,0.019610000774264336,0.02841999940574169,0.2644500136375427,0.007519999984651804,0.0,0.01978999935090542],[0.32673001289367676,0.0075599998235702515,0.17767000198364258,0.004769999999552965,0.0,0.241239994764328,0.11765000224113464,0.05601000040769577,0.3008599877357483,0.241239994764328,0.01030999980866909,0.02150999940931797,0.0,0.004769999999552965,0.0,0.038100000470876694,0.3008599877357483,0.0319099985063076,0.03922000154852867,0.019999999552965164],[0.33781999349594116,0.012020000256597996,0.1094600036740303,0.02061999961733818,0.0027000000700354576,0.20317000150680542,0.0711899995803833,0.08167999982833862,0.33781999349594116,0.20587000250816345,0.010990000329911709,0.032260000705718994,0.0,0.0,0.009619999676942825,0.038830000907182693,0.22123999893665314,0.01537999976426363,0.038270000368356705,0.01030999980866909],[0.38738998770713806,0.0763000026345253,0.17507000267505646,0.09244000166654587,0.0,0.2790200114250183,0.16504999995231628,0.01078999973833561,0.37373998761177063,0.2790200114250183,0.0,0.009089999832212925,0.016850000247359276,0.029410000890493393,0.0,0.1538500040769577,0.37373998761177063,0.055560000240802765,0.0,0.0],[0.4000000059604645,0.006579999811947346,0.08613999933004379,0.016279999166727066,0.10723000019788742,0.23117999732494354,0.034929998219013214,0.12082000076770782,0.4000000059604645,0.33840999007225037,0.0,0.04309999942779541,0.017640000209212303,0.016279999166727066,0.010529999621212482,0.034929998219013214,0.35795000195503235,0.019540000706911087,0.05119999870657921,0.07692000269889832],[0.2173900008201599,0.0,0.09348999708890915,0.052080001682043076,0.03370999917387962,0.1379300057888031,0.066880002617836,0.0037700000684708357,0.21637000143527985,0.1717199981212616,0.0,0.0,0.02500000037252903,0.02019999921321869,0.0,0.05375999957323074,0.21637000143527985,0.016259999945759773,0.0266100000590086,0.0037700000684708357],[0.3592199981212616,0.035280000418424606,0.1014999970793724,0.08403000235557556,0.043480001389980316,0.16968999803066254,0.1014999970793724,0.032919999212026596,0.29594001173973083,0.22916999459266663,0.0,0.01785999909043312,0.0,0.0666700005531311,0.0,0.09573999792337418,0.29594001173973083,0.023259999230504036,0.0,0.012659999541938305]]}