{"objective":6396.47802734375,"runtime":0.0,"usage_matrix":[[0.05528999865055084,0.0,0.043790001422166824,0.023819999769330025,0.002520000096410513,0.029160000383853912,0.013749999925494194,0.017309999093413353,0.030899999663233757,0.04984999820590019,0.043129999190568924,0.0,0.0,0.004399999976158142,0.0,0.011760000139474869,0.00015999999595806003,0.0,0.0,0.010990000329911709],[0.0,0.019050000235438347,0.016049999743700027,0.0,0.0,0.05200999975204468,0.016270000487565994,0.00675999978557229,0.0,0.028470000252127647,0.0,0.0269399993121624,0.013829999603331089,0.0,0.10312999784946442,0.011359999887645245,0.006630000192672014,0.021050000563263893,0.0494999997317791,0.030300000682473183],[0.0,0.038759998977184296,0.04489000141620636,0.0,0.0028800000436604023,0.05071999877691269,0.0,0.01655000075697899,0.0,0.027899999171495438,0.03959999978542328,0.1691800057888031,0.0007999999797903001,0.0,0.0,0.012070000171661377,0.06965000182390213,0.0,0.009429999627172947,0.02655000053346157],[0.0,0.0,0.0,0.0,0.05327000096440315,0.0,0.0,0.0,0.0,0.05610999837517738,0.0,0.02027999982237816,0.023350000381469727,0.024170000106096268,0.0,0.04416000097990036,0.03951000049710274,0.007899999618530273,0.0,0.0328500010073185],[0.0,0.0,0.006010000128298998,0.05553999915719032,0.03849000111222267,0.049959998577833176,0.0,0.0,0.0,0.030460000038146973,0.0,0.0,0.017160000279545784,0.04732999950647354,0.01145000010728836,0.00215000007301569,0.0,0.004350000061094761,0.009089999832212925,0.015279999934136868],[0.06071000173687935,0.03376999869942665,0.0,0.01939000003039837,0.05276999995112419,0.0,0.0,0.02969999983906746,0.038520000874996185,0.1071000024676323,0.04616999998688698,0.02751999907195568,0.0,0.0,0.032910000532865524,0.060029998421669006,0.0,0.0,0.009259999729692936,0.0],[0.0,0.0,0.0,0.0,0.0,0.042830001562833786,0.0,0.020010000094771385,0.04574999958276749,0.0,0.019050000235438347,0.0,0.06689999997615814,0.021400000900030136,0.0,0.03150999918580055,0.0,0.019050000235438347,0.01785999909043312,0.03570999950170517],[0.0,0.0,0.019260000437498093,0.03959000110626221,0.0,0.0,0.002689999993890524,0.0406000018119812,0.006550000049173832,0.0,0.0945499986410141,0.02703000046312809,0.012539999559521675,0.0,0.0,0.020010000094771385,0.08829999715089798,0.020829999819397926,0.011239999905228615,0.023259999230504036],[0.05618000030517578,0.05313999950885773,0.05803000181913376,0.01672999933362007,0.0,0.0,0.0,0.027329999953508377,0.0,0.0,0.020829999819397926,0.012040000408887863,0.019169999286532402,0.0,0.05519000068306923,0.0,0.0,0.0,0.08679000288248062,0.028300000354647636],[0.0,0.009800000116229057,0.0,0.0669500008225441,0.019940000027418137,0.05697000026702881,0.051920000463724136,0.005770000163465738,0.0,0.0,0.02102000080049038,0.02631000056862831,0.0,0.0,0.010110000148415565,0.005750000011175871,0.024410000070929527,0.09211000055074692,0.010200000368058681,0.01923000067472458]],"frequency_matrix":[[0.3368400037288666,0.0,0.055560000240802765,0.28154999017715454,0.03082999959588051,0.25773000717163086,0.06931000202894211,0.028300000354647636,0.22856999933719635,0.12381000071763992,0.043129999190568924,0.0,0.043129999190568924,0.19766999781131744,0.03082999959588051,0.011760000139474869,0.19327999651432037,0.0,0.0,0.010990000329911709],[0.40136998891830444,0.019050000235438347,0.07692000269889832,0.40136998891830444,0.037060000002384186,0.40136998891830444,0.11224000155925751,0.037060000002384186,0.34935998916625977,0.20353999733924866,0.021050000563263893,0.0269399993121624,0.03488000109791756,0.322409987449646,0.1401900053024292,0.06086999922990799,0.322409987449646,0.021050000563263893,0.0494999997317791,0.030300000682473183],[0.5089899897575378,0.038759998977184296,0.06639000028371811,0.5089899897575378,0.045979999005794525,0.5089899897575378,0.1051499992609024,0.04309999942779541,0.45827001333236694,0.11428999900817871,0.03959999978542328,0.1691800057888031,0.04039999842643738,0.2890799939632416,0.045979999005794525,0.02150999940931797,0.2890799939632416,0.0,0.009429999627172947,0.02655000053346157],[0.3015899956226349,0.0,0.04416000097990036,0.3015899956226349,0.08611000329256058,0.3015899956226349,0.04416000097990036,0.0328500010073185,0.3015899956226349,0.17347000539302826,0.007899999618530273,0.02027999982237816,0.03125,0.28130999207496643,0.08611000329256058,0.04416000097990036,0.25714001059532166,0.007899999618530273,0.0,0.0328500010073185],[0.28725001215934753,0.0,0.017240000888705254,0.28725001215934753,0.05375999957323074,0.23171000182628632,0.017240000888705254,0.015279999934136868,0.18174999952316284,0.1171799972653389,0.004350000061094761,0.0,0.02150999940931797,0.18174999952316284,0.06521999835968018,0.011239999905228615,0.1344199925661087,0.004350000061094761,0.009089999832212925,0.015279999934136868],[0.5178599953651428,0.03376999869942665,0.06928999722003937,0.4571399986743927,0.08246999979019165,0.4377500116825104,0.10305999964475632,0.02969999983906746,0.4377500116825104,0.26864999532699585,0.04616999998688698,0.02751999907195568,0.04616999998688698,0.37171000242233276,0.11537999659776688,0.06928999722003937,0.37171000242233276,0.0,0.009259999729692936,0.0],[0.32006001472473145,0.0,0.04936999827623367,0.32006001472473145,0.055720001459121704,0.32006001472473145,0.04936999827623367,0.055720001459121704,0.27722999453544617,0.16072000563144684,0.038100000470876694,0.0,0.10498999804258347,0.23148000240325928,0.055720001459121704,0.04936999827623367,0.21007999777793884,0.019050000235438347,0.01785999909043312,0.03570999950170517],[0.4064300060272217,0.0,0.05051000043749809,0.4064300060272217,0.06385000050067902,0.3668400049209595,0.05319000035524368,0.06385000050067902,0.3668400049209595,0.19177000224590302,0.11537999659776688,0.02703000046312809,0.127920001745224,0.3332599997520447,0.06385000050067902,0.03125,0.3332599997520447,0.020829999819397926,0.011239999905228615,0.023259999230504036],[0.43373000621795654,0.05313999950885773,0.1448100060224533,0.37755000591278076,0.055629998445510864,0.3608199954032898,0.1979600042104721,0.055629998445510864,0.3608199954032898,0.15082000195980072,0.020829999819397926,0.012040000408887863,0.0400100015103817,0.3487800061702728,0.11082000285387039,0.08679000288248062,0.3487800061702728,0.0,0.08679000288248062,0.028300000354647636],[0.42048999667167664,0.009800000116229057,0.015949999913573265,0.42048999667167664,0.04493999853730202,0.35354000329971313,0.07767000049352646,0.02500000037252903,0.2965700030326843,0.16818000376224518,0.11311999708414078,0.02631000056862831,0.11311999708414078,0.2702600061893463,0.05505000054836273,0.015949999913573265,0.2702600061893463,0.09211000055074692,0.010200000368058681,0.01923000067472458]]}