{"objective":5906.10205078125,"runtime":0.0,"usage_matrix":[[0.0,0.0,0.06324999779462814,0.04761999845504761,0.018519999459385872,0.0,0.011110000312328339,0.0,0.05940999835729599,0.0002500000118743628,0.02831999957561493,0.0,0.00788000039756298,0.018689999356865883,0.08997999876737595,0.0701799988746643,0.06559000164270401,0.02703000046312809,0.001509999972768128,0.0],[0.02290000021457672,0.0,0.0,0.018519999459385872,0.007439999841153622,0.061159998178482056,0.0,0.05290000140666962,0.0,0.011819999665021896,0.0002099999983329326,0.024819999933242798,0.011900000274181366,0.033330000936985016,0.0,0.0,0.0,0.0,0.04024000093340874,0.021050000563263893],[0.09864000231027603,0.003719999920576811,0.0,0.0,0.03581999987363815,0.10842999815940857,0.005710000172257423,0.026119999587535858,0.0,0.0,0.0,0.0,0.0,0.03922000154852867,0.0,0.0,0.0,0.0,0.0544699989259243,0.03751999884843826],[0.0188400000333786,0.06800000369548798,0.019700000062584877,0.06796000152826309,0.016510000452399254,0.05699000135064125,0.07017000019550323,0.005400000140070915,0.02061999961733818,0.0,0.004910000134259462,0.0,0.0213600005954504,0.0,0.0,0.0,0.02483000047504902,0.01817999966442585,0.011760000139474869,0.04351000115275383],[0.0,0.0,0.047129999846220016,0.009170000441372395,0.0,0.17854000627994537,0.010200000368058681,0.0,0.018689999356865883,0.028279999271035194,0.019600000232458115,0.08154000341892242,0.0,0.010200000368058681,0.0987899973988533,0.0,0.0,0.004610000178217888,0.009999999776482582,0.010420000180602074],[0.05381999909877777,0.0,0.02711999975144863,0.0,0.028839999809861183,0.031980000436306,0.0,0.0,0.0319099985063076,0.0,0.06684000045061111,0.02191999927163124,0.0,0.046229999512434006,0.0,0.0,0.13715000450611115,0.011359999887645245,0.0,0.021980000659823418],[0.08933000266551971,0.091279998421669,0.0,0.003809999907389283,0.0,0.0,0.0,0.0,0.017489999532699585,0.03618999943137169,0.0,0.0,0.03717000037431717,0.011110000312328339,0.042830001562833786,0.0,0.0,0.08495000004768372,0.03790000081062317,0.022670000791549683],[0.0,0.000910000002477318,0.0,0.0,0.0,0.0,0.0,0.09014999866485596,0.0,0.0,0.0,0.08171000331640244,0.08618000149726868,0.0,0.0,0.03984000161290169,0.0038999998942017555,0.020829999819397926,0.016330000013113022,0.0],[0.06543999910354614,0.019920000806450844,0.0,0.0,0.04554000124335289,0.01295000035315752,0.05640000104904175,0.0053400001488626,0.025599999353289604,0.0,0.014390000142157078,0.03480000048875809,0.022919999435544014,0.01030999980866909,0.0,0.0,0.001979999942705035,0.038830000907182693,0.008559999987483025,0.02703000046312809],[0.005090000107884407,0.05203999951481819,0.008249999955296516,0.0,0.02127999998629093,0.0,0.0,0.10728000104427338,0.008849999867379665,0.04094000160694122,0.0,0.0,0.010169999673962593,0.009800000116229057,0.0,0.03426999971270561,0.02281999960541725,0.043960001319646835,0.03020000085234642,0.008299999870359898]],"frequency_matrix":[[0.5093399882316589,0.09262000024318695,0.14285999536514282,0.04761999845504761,0.018519999459385872,0.09262000024318695,0.011110000312328339,0.3306500017642975,0.05940999835729599,0.011359999887645245,0.23015999794006348,0.0,0.23803000152111053,0.018689999356865883,0.5093399882316589,0.4193499982357025,0.09262000024318695,0.02703000046312809,0.02019999921321869,0.0],[0.3063099980354309,0.061159998178482056,0.07357999682426453,0.018519999459385872,0.007439999841153622,0.061159998178482056,0.0,0.2759700119495392,0.0,0.05768999829888344,0.15000000596046448,0.04586999863386154,0.16189999878406525,0.033330000936985016,0.2833999991416931,0.2833999991416931,0.0,0.0,0.07357999682426453,0.021050000563263893],[0.40964001417160034,0.11214999854564667,0.09369000047445297,0.0,0.03581999987363815,0.10842999815940857,0.005710000172257423,0.27518001198768616,0.0,0.043230000883340836,0.13691000640392303,0.03751999884843826,0.13691000640392303,0.03922000154852867,0.3109999895095825,0.3109999895095825,0.0,0.0,0.09369000047445297,0.03751999884843826],[0.46875,0.1679999977350235,0.052080001682043076,0.06796000152826309,0.016510000452399254,0.10000000149011612,0.07017000019550323,0.4334000051021576,0.02061999961733818,0.11367999762296677,0.23863999545574188,0.04351000115275383,0.25999999046325684,0.0,0.4499100148677826,0.4499100148677826,0.04301000013947487,0.01817999966442585,0.011760000139474869,0.04351000115275383],[0.5271700024604797,0.18314999341964722,0.08602000027894974,0.009170000441372395,0.0,0.18314999341964722,0.010200000368058681,0.42838001251220703,0.018689999356865883,0.13042999804019928,0.24523000419139862,0.09194999933242798,0.24523000419139862,0.010200000368058681,0.5271700024604797,0.42838001251220703,0.004610000178217888,0.004610000178217888,0.02019999921321869,0.010420000180602074],[0.4791699945926666,0.18050000071525574,0.10525999963283539,0.0,0.028839999809861183,0.18050000071525574,0.0,0.39649999141693115,0.0319099985063076,0.04390000179409981,0.21601000428199768,0.04390000179409981,0.21601000428199768,0.046229999512434006,0.42535001039505005,0.42535001039505005,0.14850999414920807,0.011359999887645245,0.046229999512434006,0.021980000659823418],[0.47475001215934753,0.17622999846935272,0.06650000065565109,0.003809999907389283,0.0,0.08495000004768372,0.0,0.34257999062538147,0.017489999532699585,0.05886000022292137,0.12917999923229218,0.022670000791549683,0.16635000705718994,0.011110000312328339,0.3854199945926666,0.34257999062538147,0.08495000004768372,0.08495000004768372,0.04901000112295151,0.022670000791549683],[0.33983999490737915,0.02563999965786934,0.016330000013113022,0.0,0.0,0.024730000644922256,0.0,0.30000001192092896,0.0,0.08171000331640244,0.09803000092506409,0.08171000331640244,0.18421000242233276,0.0,0.33983999490737915,0.33983999490737915,0.024730000644922256,0.020829999819397926,0.016330000013113022,0.0],[0.38999998569488525,0.07367999851703644,0.04447000101208687,0.0,0.04554000124335289,0.05375999957323074,0.05640000104904175,0.2790299952030182,0.025599999353289604,0.1182200014591217,0.17708000540733337,0.061820000410079956,0.20000000298023224,0.01030999980866909,0.3245599865913391,0.3245599865913391,0.04081999883055687,0.038830000907182693,0.018869999796152115,0.02703000046312809],[0.4032300114631653,0.11880999803543091,0.057100001722574234,0.0,0.02127999998629093,0.06677000224590302,0.0,0.34259000420570374,0.008849999867379665,0.049229998141527176,0.10632999986410141,0.008299999870359898,0.11649999767541885,0.009800000116229057,0.398140013217926,0.398140013217926,0.06677000224590302,0.043960001319646835,0.03999999910593033,0.008299999870359898]]}