{"objective":4369.3837890625,"runtime":0.0,"usage_matrix":[[0.0,0.011760000139474869,0.009089999832212925,0.05747999995946884,0.030489999800920486,0.03922000154852867,0.015790000557899475,0.03658000007271767,0.02459000051021576,0.045049998909235,0.022760000079870224,0.03889000043272972,0.0,0.015969999134540558,0.039170000702142715,0.018449999392032623,0.0,0.0,0.009349999949336052,0.0],[0.059119999408721924,0.009619999676942825,0.0,0.035840000957250595,0.033149998635053635,0.0,0.0,0.0,0.0,0.046539999544620514,0.016100000590085983,0.01735999993979931,0.0,0.008440000005066395,0.0,0.00877000018954277,0.0,0.005940000060945749,0.011760000139474869,0.0],[0.0,0.0,0.01834999956190586,0.04944999888539314,0.02419999986886978,0.0,0.0,0.018400000408291817,0.016209999099373817,0.05048999935388565,0.07925000041723251,0.02426999993622303,0.0,0.0014100000262260437,0.0,0.02281999960541725,0.02266000024974346,0.0,0.009349999949336052,0.0],[0.022019999101758003,0.0,0.0,0.0,0.008469999767839909,0.012729999609291553,0.01358999963849783,0.01948999986052513,0.0,0.018869999796152115,0.03130999952554703,0.020230000838637352,0.0,0.016429999843239784,0.021539999172091484,0.011629999615252018,0.017319999635219574,0.010529999621212482,0.044440001249313354,0.004139999859035015],[0.011020000092685223,0.0,0.007939999923110008,0.01621999964118004,0.002589999930933118,0.008059999905526638,0.0031999999191612005,0.06678999960422516,0.0,0.0,0.026639999821782112,0.02696000039577484,0.0,0.003109999932348728,0.03846000134944916,0.03260999917984009,0.0335099995136261,0.0,0.018869999796152115,0.00989999994635582],[0.0,0.03488000109791756,0.010420000180602074,0.007009999826550484,0.08741000294685364,0.0,0.0,0.024720000103116035,0.014960000291466713,0.02019999921321869,0.0,0.07291000336408615,0.05403999984264374,0.0,0.006889999844133854,0.006320000160485506,0.008369999937713146,0.0,0.006289999932050705,0.02127999998629093],[0.0,0.0,0.022520000115036964,0.07261999696493149,0.0,0.0,0.0,0.0,0.0,0.0,0.047600001096725464,0.03058999963104725,0.03446999937295914,0.0,0.018209999427199364,0.01145000010728836,0.0,0.13364000618457794,0.014390000142157078,0.0],[0.0,0.02857000008225441,0.03370999917387962,0.014700000174343586,0.001180000021122396,0.0515500009059906,0.0,0.1636199951171875,0.0,0.0,0.04190000146627426,0.004840000066906214,0.0,0.0,0.030309999361634254,0.030419999733567238,0.02449999935925007,0.009100000374019146,0.004939999897032976,0.009999999776482582],[0.01720999926328659,0.0,0.01027000043541193,0.02044999971985817,0.0,0.07759000360965729,0.02345000021159649,0.0,0.005969999823719263,0.012350000441074371,0.03392999991774559,0.040869999676942825,0.0,0.0747700035572052,0.03920000046491623,0.05375999957323074,0.027710000053048134,0.02500000037252903,0.0,0.054349999874830246],[0.1007699966430664,0.0,0.02679000049829483,0.0013099999632686377,0.044769998639822006,0.009800000116229057,0.014619999565184116,0.0,0.0,0.022220000624656677,0.0,0.09510999917984009,0.062950000166893,0.017650000751018524,0.033330000936985016,0.021050000563263893,0.0,0.0,0.009089999832212925,0.0]],"frequency_matrix":[[0.4146299958229065,0.011760000139474869,0.009089999832212925,0.10847000032663345,0.03957999870181084,0.03922000154852867,0.10000000149011612,0.2877100110054016,0.11224000155925751,0.045049998909235,0.04808000102639198,0.13888999819755554,0.2877100110054016,0.02531999908387661,0.08421000093221664,0.018449999392032623,0.03957999870181084,0.0,0.009349999949336052,0.0],[0.25262999534606934,0.009619999676942825,0.0,0.04544999822974205,0.033149998635053635,0.0,0.052480001002550125,0.13928000628948212,0.0694499984383583,0.046539999544620514,0.03629999980330467,0.06983999907970428,0.13928000628948212,0.02019999921321869,0.046539999544620514,0.00877000018954277,0.033149998635053635,0.005940000060945749,0.011760000139474869,0.0],[0.3368600010871887,0.0,0.01834999956190586,0.04944999888539314,0.04255000129342079,0.0,0.05048999935388565,0.26458999514579773,0.17143000662326813,0.05048999935388565,0.09000000357627869,0.0747700035572052,0.26458999514579773,0.01075000036507845,0.05048999935388565,0.02281999960541725,0.06521999835968018,0.0,0.009349999949336052,0.0],[0.2727299928665161,0.0,0.0,0.01686999946832657,0.008469999767839909,0.012729999609291553,0.06452000141143799,0.22221000492572784,0.11796999722719193,0.018869999796152115,0.09217999875545502,0.08474999666213989,0.22221000492572784,0.06086999922990799,0.04039999842643738,0.011629999615252018,0.025790000334382057,0.010529999621212482,0.044440001249313354,0.004139999859035015],[0.30588001012802124,0.0,0.007939999923110008,0.03418999910354614,0.010529999621212482,0.008059999905526638,0.041669998317956924,0.22806000709533691,0.09264999628067017,0.0,0.04861000180244446,0.06863000243902206,0.22806000709533691,0.021980000659823418,0.03846000134944916,0.03260999917984009,0.044029999524354935,0.0,0.018869999796152115,0.00989999994635582],[0.37571001052856445,0.03488000109791756,0.010420000180602074,0.06317000091075897,0.09782999753952026,0.0,0.027089999988675117,0.25216999650001526,0.12745000422000885,0.02019999921321869,0.006289999932050705,0.10000000149011612,0.30621999502182007,0.006289999932050705,0.027089999988675117,0.006320000160485506,0.10619000345468521,0.0,0.006289999932050705,0.02127999998629093],[0.3855000138282776,0.0,0.022520000115036964,0.07263000309467316,0.022520000115036964,0.0,0.15185000002384186,0.26695001125335693,0.08450999855995178,0.0,0.06199000030755997,0.18242999911308289,0.3014200031757355,0.014390000142157078,0.018209999427199364,0.01145000010728836,0.022520000115036964,0.13364000618457794,0.014390000142157078,0.0],[0.44933000206947327,0.02857000008225441,0.03370999917387962,0.10480999946594238,0.03488000109791756,0.0515500009059906,0.039409998804330826,0.3140999972820282,0.10621999949216843,0.0,0.04684000089764595,0.0442500002682209,0.3140999972820282,0.004939999897032976,0.030309999361634254,0.030419999733567238,0.059379998594522476,0.009100000374019146,0.004939999897032976,0.009999999776482582],[0.5168499946594238,0.0,0.01027000043541193,0.15238000452518463,0.01027000043541193,0.07759000360965729,0.10000000149011612,0.29350000619888306,0.15263999998569489,0.012350000441074371,0.10869999974966049,0.14087000489234924,0.29350000619888306,0.0747700035572052,0.0515500009059906,0.05375999957323074,0.03796999901533127,0.02500000037252903,0.0,0.054349999874830246],[0.45945999026298523,0.0,0.02679000049829483,0.011110000312328339,0.07154999673366547,0.009800000116229057,0.0701799988746643,0.26357999444007874,0.09828999638557434,0.022220000624656677,0.026739999651908875,0.1652899980545044,0.32653000950813293,0.026739999651908875,0.055560000240802765,0.021050000563263893,0.07154999673366547,0.0,0.009089999832212925,0.0]]}