{"objective":6419.00732421875,"runtime":0.0,"usage_matrix":[[0.05528999865055084,0.0,0.027249999344348907,0.023819999769330025,0.019060000777244568,0.029160000383853912,0.013749999925494194,0.028300000354647636,0.030899999663233757,0.04984999820590019,0.043129999190568924,0.0,0.0,0.004399999976158142,0.0,0.0007800000021234155,0.00015999999595806003,0.0,0.0,0.010990000329911709],[0.0,0.019050000235438347,0.03297000005841255,0.0,0.0,0.07021000236272812,0.016270000487565994,0.006570000201463699,0.0,0.028470000252127647,0.0,0.037379998713731766,0.013829999603331089,0.0,0.045249998569488525,0.015119999647140503,0.015370000153779984,0.021050000563263893,0.0494999997317791,0.030300000682473183],[0.0,0.03316999971866608,0.0,0.0,0.02087000012397766,0.090379998087883,0.0,0.0,0.11626999825239182,0.026809999719262123,0.03959999978542328,0.08472000062465668,0.0007999999797903001,0.0,0.0,0.0,0.07015000283718109,0.0,0.002139999996870756,0.024059999734163284],[0.0,0.0,0.0069599999114871025,0.0,0.027289999648928642,0.0,0.0,0.009680000133812428,0.017909999936819077,0.05610999837517738,0.0,0.02061999961733818,0.023350000381469727,0.026040000841021538,0.0,0.023110000416636467,0.04641000181436539,0.007899999618530273,0.0,0.03570999950170517],[0.0,0.0,0.006010000128298998,0.05553999915719032,0.03849000111222267,0.049959998577833176,0.0,0.011230000294744968,0.0,0.030460000038146973,0.0,0.0,0.017160000279545784,0.04732999950647354,0.002360000042244792,0.0,0.0,0.004350000061094761,0.009089999832212925,0.015279999934136868],[0.06071000173687935,0.04042999818921089,0.022579999640583992,0.01939000003039837,0.0,0.0,0.0,0.0021800000686198473,0.07045000046491623,0.1130400002002716,0.04616999998688698,0.02751999907195568,0.0,0.0,0.014440000057220459,0.09167999774217606,0.0,0.0,0.009259999729692936,0.0],[0.0,0.0,0.0,0.0,0.0,0.042830001562833786,0.0,0.05827999860048294,0.04574999958276749,0.0,0.019050000235438347,0.0,0.06930000334978104,0.01860000006854534,0.0,0.011490000411868095,0.0,0.019050000235438347,0.0,0.03570999950170517],[0.0,0.0,0.0,0.03959000110626221,0.024289999157190323,0.0,0.0,0.03187999874353409,0.033580001443624496,0.0,0.0945499986410141,0.02703000046312809,0.012659999541938305,0.0,0.0,0.00798999983817339,0.08315999805927277,0.020829999819397926,0.007600000128149986,0.023259999230504036],[0.05618000030517578,0.0522099994122982,0.08372999727725983,0.020549999549984932,0.0,0.0,0.0,0.027569999918341637,0.0,0.0,0.020829999819397926,0.03125,0.01310999970883131,0.0,0.0,0.026669999584555626,0.0,0.0,0.07332000136375427,0.028300000354647636],[0.0,0.009800000116229057,0.0,0.0669500008225441,0.021940000355243683,0.07609999924898148,0.04673000052571297,0.0,0.0,0.0,0.020999999716877937,0.021129999309778214,0.0,0.0,0.0,0.0035000001080334187,0.031120000407099724,0.09211000055074692,0.010859999805688858,0.01923000067472458]],"frequency_matrix":[[0.3368400037288666,0.0,0.055560000240802765,0.28154999017715454,0.03082999959588051,0.25773000717163086,0.06931000202894211,0.028300000354647636,0.22856999933719635,0.12381000071763992,0.043129999190568924,0.0,0.043129999190568924,0.19766999781131744,0.03082999959588051,0.011760000139474869,0.19327999651432037,0.0,0.0,0.010990000329911709],[0.40136998891830444,0.019050000235438347,0.07692000269889832,0.40136998891830444,0.04543000087141991,0.40136998891830444,0.11224000155925751,0.043960001319646835,0.33114999532699585,0.20353999733924866,0.021050000563263893,0.037379998713731766,0.03488000109791756,0.33114999532699585,0.1401900053024292,0.04543000087141991,0.33114999532699585,0.021050000563263893,0.0494999997317791,0.030300000682473183],[0.5089899897575378,0.03316999971866608,0.08472000062465668,0.5089899897575378,0.044929999858140945,0.5089899897575378,0.11789999902248383,0.08472000062465668,0.4185999929904938,0.11428999900817871,0.03959999978542328,0.08472000062465668,0.04039999842643738,0.30232998728752136,0.04707000032067299,0.024059999734163284,0.30232998728752136,0.0,0.002139999996870756,0.024059999734163284],[0.3010999858379364,0.0,0.03725999966263771,0.3010999858379364,0.08611000329256058,0.3010999858379364,0.03725999966263771,0.030300000682473183,0.3010999858379364,0.17347000539302826,0.007899999618530273,0.02061999961733818,0.03125,0.2831900119781494,0.08611000329256058,0.058820001780986786,0.25714001059532166,0.007899999618530273,0.0,0.03570999950170517],[0.28725001215934753,0.0,0.017240000888705254,0.28725001215934753,0.05375999957323074,0.23171000182628632,0.017240000888705254,0.011239999905228615,0.18174999952316284,0.1171799972653389,0.004350000061094761,0.0,0.02150999940931797,0.18174999952316284,0.06521999835968018,0.015279999934136868,0.1344199925661087,0.004350000061094761,0.009089999832212925,0.015279999934136868],[0.5178599953651428,0.04042999818921089,0.0522800013422966,0.4571399986743927,0.09167999774217606,0.4377500116825104,0.09271000325679779,0.02969999983906746,0.4377500116825104,0.27459999918937683,0.04616999998688698,0.02751999907195568,0.04616999998688698,0.3673099875450134,0.11537999659776688,0.09167999774217606,0.3673099875450134,0.0,0.009259999729692936,0.0],[0.32006001472473145,0.0,0.05827999860048294,0.32006001472473145,0.047200001776218414,0.32006001472473145,0.05827999860048294,0.05827999860048294,0.27722999453544617,0.15459999442100525,0.038100000470876694,0.0,0.10740000009536743,0.23148000240325928,0.047200001776218414,0.047200001776218414,0.2128800004720688,0.019050000235438347,0.0,0.03570999950170517],[0.4064300060272217,0.0,0.05891000106930733,0.4064300060272217,0.05553999915719032,0.3668400049209595,0.05891000106930733,0.05891000106930733,0.3668400049209595,0.19119000434875488,0.11537999659776688,0.02703000046312809,0.12804999947547913,0.3332599997520447,0.06313999742269516,0.03125,0.3332599997520447,0.020829999819397926,0.007600000128149986,0.023259999230504036],[0.43373000621795654,0.0522099994122982,0.1425500065088272,0.37755000591278076,0.05496999993920326,0.3569999933242798,0.19475999474525452,0.058820001780986786,0.3569999933242798,0.16223999857902527,0.020829999819397926,0.03125,0.03395000100135803,0.3569999933242798,0.12828999757766724,0.05496999993920326,0.3569999933242798,0.0,0.07332000136375427,0.028300000354647636],[0.42048999667167664,0.009800000116229057,0.021129999309778214,0.42048999667167664,0.04467000067234039,0.35354000329971313,0.07767000049352646,0.021129999309778214,0.27742999792099,0.16864000260829926,0.1131099984049797,0.021129999309778214,0.1131099984049797,0.27742999792099,0.05553000047802925,0.02273000031709671,0.27742999792099,0.09211000055074692,0.010859999805688858,0.01923000067472458]]}