{"objective":4391.28662109375,"runtime":0.0,"usage_matrix":[[0.16798000037670135,0.06897000223398209,0.0,0.0,0.0,0.048500001430511475,0.0,0.011110000312328339,0.0,0.0,0.0,0.05195000022649765,0.0,0.0733800008893013,0.02759999968111515,0.04221000149846077,0.01295000035315752,0.01030999980866909,0.021609999239444733,0.023070000112056732],[0.0,0.008179999887943268,0.0,0.004749999847263098,0.009209999814629555,0.09178999811410904,0.008620000444352627,0.020640000700950623,0.004629999864846468,0.020829999819397926,0.0,0.0,0.0,0.0,0.0,0.04222000017762184,0.008129999972879887,0.0,0.0,0.010200000368058681],[0.0,0.008700000122189522,0.024480000138282776,0.002630000002682209,0.02582000009715557,0.0,0.04544999822974205,0.028720000758767128,0.0,0.01075000036507845,0.022590000182390213,0.07618000358343124,0.0,0.04808000102639198,0.016950000077486038,0.0,0.04393000155687332,0.009259999729692936,0.043389998376369476,0.0],[0.007079999893903732,0.0,0.06611000001430511,0.002630000002682209,0.013980000279843807,0.0,0.02353000082075596,0.0,0.0,0.018969999626278877,0.0022700000554323196,0.0,0.016759999096393585,0.04123999923467636,0.02703000046312809,0.029410000890493393,0.0,0.0,0.0,0.011490000411868095],[0.0,0.008200000040233135,0.0,0.0,0.054349999874830246,0.0,0.02191000059247017,0.013489999808371067,0.01597999967634678,0.009170000441372395,0.01245999988168478,0.0031900000758469105,0.04594999924302101,0.0,0.008750000037252903,0.0,0.0,0.0384799987077713,0.001769999973475933,0.05000000074505806],[0.0,0.003920000046491623,0.0005200000014156103,0.0,0.0,0.092009998857975,0.04780000075697899,0.013039999641478062,0.02442000061273575,0.027780000120401382,0.06251999735832214,0.0,0.0,0.18460999429225922,0.0,0.0,0.011950000189244747,0.04210999980568886,0.0,0.01558000035583973],[0.0,0.03300999850034714,0.0,0.02363000065088272,0.037039998918771744,0.0,0.02127999998629093,0.0,0.09431999921798706,0.027559999376535416,0.0,0.0035800000187009573,0.13259999454021454,0.0,0.009709999896585941,0.0,0.05519000068306923,0.008620000444352627,0.0,0.0],[0.0,0.01075000036507845,0.0,0.027729999274015427,0.033890001475811005,0.0,0.012199999764561653,0.00901000015437603,0.0,0.0,0.0,0.0,0.0,0.027950000017881393,0.04039999842643738,0.009510000236332417,0.027890000492334366,0.02019999921321869,0.021159999072551727,0.010529999621212482],[0.0,0.0,0.023320000618696213,0.0,0.0,0.0,0.03345999866724014,0.0,0.0,0.0,0.0,0.02566000074148178,0.0,0.0,0.04422999918460846,0.05959999933838844,0.011119999922811985,0.009519999846816063,0.026690000668168068,0.009320000186562538],[0.0,0.009689999744296074,0.0,0.0022499999031424522,0.024960000067949295,0.0,0.009800000116229057,0.01785999909043312,0.0,0.0,0.0005699999746866524,0.08630000054836273,0.06298000365495682,0.011420000344514847,0.0,0.02679000049829483,0.04311000183224678,0.0,0.0,0.0]],"frequency_matrix":[[0.5596299767494202,0.06897000223398209,0.07175999879837036,0.11817000061273575,0.023070000112056732,0.07175999879837036,0.0,0.011110000312328339,0.26794999837875366,0.0,0.12370999902486801,0.12370999902486801,0.24488000571727753,0.2026599943637848,0.02759999968111515,0.04221000149846077,0.023259999230504036,0.01030999980866909,0.09057000279426575,0.023070000112056732],[0.22922000288963318,0.008179999887943268,0.09991999715566635,0.021549999713897705,0.019419999793171883,0.09991999715566635,0.008620000444352627,0.0414699986577034,0.12929999828338623,0.020829999819397926,0.09991999715566635,0.09991999715566635,0.10525000095367432,0.06302999705076218,0.0,0.04222000017762184,0.008129999972879887,0.0,0.008179999887943268,0.010200000368058681],[0.40692999958992004,0.008700000122189522,0.07767000049352646,0.11711999773979187,0.02582000009715557,0.05319000035524368,0.04544999822974205,0.03946999832987785,0.23048999905586243,0.01075000036507845,0.17643000185489655,0.1538500040769577,0.2046699970960617,0.2046699970960617,0.016950000077486038,0.0,0.05319000035524368,0.009259999729692936,0.052080001682043076,0.0],[0.2605000138282776,0.0,0.06611000001430511,0.05319000035524368,0.025469999760389328,0.0,0.02353000082075596,0.018969999626278877,0.18504999577999115,0.018969999626278877,0.06837999820709229,0.06611000001430511,0.15958000719547272,0.11339999735355377,0.02703000046312809,0.029410000890493393,0.0,0.0,0.0,0.011490000411868095],[0.28369998931884766,0.008200000040233135,0.0384799987077713,0.040630001574754715,0.1043500006198883,0.0384799987077713,0.02191000059247017,0.02266000024974346,0.22957000136375427,0.009170000441372395,0.05412999913096428,0.041669998317956924,0.10924000293016434,0.06328999996185303,0.008750000037252903,0.0,0.0384799987077713,0.0384799987077713,0.009970000013709068,0.05000000074505806],[0.5262500047683716,0.003920000046491623,0.146589994430542,0.05170999839901924,0.01558000035583973,0.14607000350952148,0.04780000075697899,0.04081999883055687,0.31714001297950745,0.027780000120401382,0.20911000669002533,0.146589994430542,0.2771399915218353,0.2771399915218353,0.0,0.0,0.05404999852180481,0.04210999980568886,0.003920000046491623,0.01558000035583973],[0.4465399980545044,0.03300999850034714,0.0638199970126152,0.0876300036907196,0.037039998918771744,0.0638199970126152,0.02127999998629093,0.027559999376535416,0.37915000319480896,0.027559999376535416,0.0674000009894371,0.0674000009894371,0.24778999388217926,0.11518999934196472,0.009709999896585941,0.0,0.0638199970126152,0.008620000444352627,0.03300999850034714,0.0],[0.2512199878692627,0.01075000036507845,0.048089999705553055,0.11224000155925751,0.04442000016570091,0.048089999705553055,0.012199999764561653,0.00901000015437603,0.20313000679016113,0.0,0.048089999705553055,0.048089999705553055,0.15871000289916992,0.14920000731945038,0.04039999842643738,0.009510000236332417,0.048089999705553055,0.02019999921321869,0.0319099985063076,0.010529999621212482],[0.2429099977016449,0.0,0.043960001319646835,0.10437999665737152,0.009320000186562538,0.020640000700950623,0.03345999866724014,0.0,0.17328999936580658,0.0,0.06961999833583832,0.06961999833583832,0.1639699935913086,0.10437999665737152,0.04422999918460846,0.05959999933838844,0.020640000700950623,0.009519999846816063,0.026690000668168068,0.009320000186562538],[0.29572999477386475,0.009689999744296074,0.04311000183224678,0.021740000694990158,0.024960000067949295,0.04311000183224678,0.009800000116229057,0.01785999909043312,0.16574999690055847,0.0,0.12997999787330627,0.1294099986553192,0.1407800018787384,0.051020000129938126,0.0,0.02679000049829483,0.04311000183224678,0.0,0.009689999744296074,0.0]]}