{"objective":4360.0185546875,"runtime":0.0,"usage_matrix":[[0.03353999927639961,0.0,0.02305999957025051,0.027170000597834587,0.019050000235438347,0.01916000060737133,0.010639999993145466,0.050620000809431076,0.0,0.016259999945759773,0.02426999993622303,0.009619999676942825,0.011710000224411488,0.017720000818371773,0.019419999793171883,0.023259999230504036,0.0,0.019419999793171883,0.0232900008559227,0.00014000000373926014],[0.03849999979138374,0.0,0.0,0.0,0.005909999832510948,0.0028899998869746923,0.0,0.0016599999507889152,0.019610000774264336,0.07215999811887741,0.04921000078320503,0.0,0.04335999861359596,0.04537000134587288,0.0,0.023259999230504036,0.0,0.04596000164747238,0.00788000039756298,0.0],[0.017270000651478767,0.0,0.05209999904036522,0.026639999821782112,0.00877000018954277,0.0,0.011629999615252018,0.020570000633597374,0.0,0.0,0.02833000011742115,0.03297000005841255,0.0,0.04343000054359436,0.0,0.1443299949169159,0.007029999978840351,0.005169999785721302,0.0,0.0],[0.0,0.03776000067591667,0.0,0.0,0.06218000128865242,0.0,0.04425999894738197,0.0,0.0,0.0376800000667572,0.0,0.008999999612569809,0.026680000126361847,0.0,0.0,0.0,0.02841000072658062,0.0,0.04808000102639198,0.01075000036507845],[0.0,0.022089999169111252,0.04645000025629997,0.0,0.011110000312328339,0.0,0.0,0.0,0.0,0.0,0.028219999745488167,0.0,0.0,0.017659999430179596,0.0,0.010639999993145466,0.025989999994635582,0.0,0.022989999502897263,0.0291300006210804],[0.017810000106692314,0.1384900063276291,0.02539999969303608,0.0,0.022770000621676445,0.058329999446868896,0.0,0.026280000805854797,0.03158000111579895,0.029410000890493393,0.0,0.05505000054836273,0.0,0.0,0.017139999195933342,0.00810999982059002,0.03736000135540962,0.0,0.018519999459385872,0.0],[0.0,0.0,0.0,0.0,0.0021200000774115324,0.08342999964952469,0.016699999570846558,0.030389999970793724,0.009519999846816063,0.0,0.011409999802708626,0.0,0.0,0.0,0.04066000133752823,0.011880000121891499,0.0,0.0,0.0,0.0206300001591444],[0.0,0.10803999751806259,0.009530000388622284,0.0,0.0,0.0,0.02419999986886978,0.011939999647438526,0.0,0.0,0.0,0.022789999842643738,0.0,0.0,0.0,0.0,0.0,0.03158000111579895,0.018869999796152115,0.004860000219196081],[0.0,0.0,0.003010000102221966,0.10865999758243561,0.018890000879764557,0.001970000099390745,0.0,0.035659998655319214,0.01769999973475933,0.009039999917149544,0.0,0.0,0.0,0.07581999897956848,0.034779999405145645,0.041669998317956924,0.009519999846816063,0.0,0.045329999178647995,0.0],[0.049300000071525574,0.0,0.008910000324249268,0.029030000790953636,0.0319099985063076,0.03654000163078308,0.0,0.016839999705553055,0.0,0.009170000441372395,0.05575000122189522,0.03260999917984009,0.0,0.006969999987632036,0.04809999838471413,0.021980000659823418,0.03355000168085098,0.010870000347495079,0.0,0.0006200000061653554]],"frequency_matrix":[[0.3483099937438965,0.16405999660491943,0.04210999980568886,0.04673000052571297,0.019050000235438347,0.11649999767541885,0.010639999993145466,0.09735000133514404,0.0,0.016259999945759773,0.14077000319957733,0.009619999676942825,0.23728999495506287,0.2782599925994873,0.019419999793171883,0.023259999230504036,0.01955999992787838,0.019419999793171883,0.0232900008559227,0.01955999992787838],[0.3557699918746948,0.10758999735116959,0.025520000606775284,0.04596000164747238,0.025520000606775284,0.05051000043749809,0.0,0.04761999845504761,0.019610000774264336,0.07215999811887741,0.09972000122070312,0.0,0.17646999657154083,0.2451000064611435,0.0,0.023259999230504036,0.04596000164747238,0.04596000164747238,0.00788000039756298,0.04596000164747238],[0.3982299864292145,0.08772999793291092,0.06086999922990799,0.038830000907182693,0.00877000018954277,0.05939999967813492,0.011629999615252018,0.05939999967813492,0.0,0.0,0.08772999793291092,0.03297000005841255,0.1485999971628189,0.33636000752449036,0.0,0.1443299949169159,0.012199999764561653,0.005169999785721302,0.0,0.005169999785721302],[0.3048099875450134,0.125,0.06218999996781349,0.039159998297691345,0.06218999996781349,0.039159998297691345,0.04425999894738197,0.039159998297691345,0.0,0.0376800000667572,0.039159998297691345,0.008999999612569809,0.21387000381946564,0.21387000381946564,0.0,0.0,0.039159998297691345,0.0,0.04808000102639198,0.01075000036507845],[0.2142699956893921,0.1284099966287613,0.05756000056862831,0.05511000007390976,0.011110000312328339,0.05511000007390976,0.0,0.05511000007390976,0.0,0.0,0.08332999795675278,0.0,0.1859699934720993,0.2142699956893921,0.0,0.010639999993145466,0.05511000007390976,0.0,0.022989999502897263,0.0291300006210804],[0.4862399995326996,0.27897998690605164,0.07975000143051147,0.03736000135540962,0.054349999874830246,0.12196999788284302,0.0,0.06363999843597412,0.03158000111579895,0.029410000890493393,0.12196999788284302,0.05505000054836273,0.3758600056171417,0.3839699923992157,0.017139999195933342,0.00810999982059002,0.03736000135540962,0.0,0.018519999459385872,0.0],[0.2267400026321411,0.1458600014448166,0.011640000157058239,0.0206300001591444,0.011640000157058239,0.1344500035047531,0.016699999570846558,0.051020000129938126,0.009519999846816063,0.0,0.1458600014448166,0.0,0.19815999269485474,0.21004000306129456,0.04066000133752823,0.011880000121891499,0.0206300001591444,0.0,0.0,0.0206300001591444],[0.23180000483989716,0.17528000473976135,0.009530000388622284,0.03643999993801117,0.0,0.04837999865412712,0.02419999986886978,0.04837999865412712,0.0,0.0,0.04837999865412712,0.022789999842643738,0.18480999767780304,0.18480999767780304,0.0,0.0,0.03643999993801117,0.03158000111579895,0.018869999796152115,0.03643999993801117],[0.4020400047302246,0.20114000141620636,0.03959999978542328,0.11817999929189682,0.03658999875187874,0.15580999851226807,0.0,0.1538500040769577,0.01769999973475933,0.009039999917149544,0.15580999851226807,0.0,0.275519996881485,0.3930000066757202,0.034779999405145645,0.041669998317956924,0.009519999846816063,0.0,0.045329999178647995,0.0],[0.39215999841690063,0.18320000171661377,0.04083000123500824,0.07406999915838242,0.0319099985063076,0.12745000422000885,0.0,0.09091000258922577,0.0,0.009170000441372395,0.18320000171661377,0.03260999917984009,0.27213001251220703,0.30107998847961426,0.04809999838471413,0.021980000659823418,0.045049998909235,0.010870000347495079,0.0,0.011490000411868095]]}