{"objective":4516.7607421875,"runtime":0.0,"usage_matrix":[[0.0654899999499321,0.0,0.0,0.0,0.04597000032663345,0.0,0.005810000002384186,0.058820001780986786,0.0,0.0,0.04546000063419342,0.0,0.0,0.0,0.0,0.0,0.0,0.0,0.0,0.03375000134110451],[0.019300000742077827,0.029410000890493393,0.0,0.0,0.022280000150203705,0.05778000131249428,0.0,0.012199999764561653,0.0020800000056624413,0.04390000179409981,0.08111999928951263,0.0024300001095980406,0.0023799999617040157,0.0036200000904500484,0.007110000122338533,0.0,0.0,0.007430000230669975,0.0,0.07852999866008759],[0.0,0.0,0.07208999991416931,0.016090000048279762,0.021980000659823418,0.01561999972909689,0.0025599999353289604,0.0,0.009349999949336052,0.03313000127673149,0.1241300031542778,0.05130000039935112,0.0,0.0,0.03282000124454498,0.015159999951720238,0.014120000414550304,0.03260999917984009,0.0,0.0],[0.0,0.04828000068664551,0.0,0.0,0.033879999071359634,0.0,0.00949000008404255,0.0,0.009619999676942825,0.0,0.0,0.09399999678134918,0.01720999926328659,0.0,0.06453999876976013,0.08332999795675278,0.0,0.0,0.0,0.039420001208782196],[0.0,0.10688000172376633,0.0272000003606081,0.0,0.029410000890493393,0.0,0.028300000354647636,0.0,0.0,0.0,0.0,0.0,0.004370000213384628,0.012430000118911266,0.0,0.010200000368058681,0.0692100003361702,0.04464000090956688,0.06519000232219696,0.0],[0.0,0.009259999729692936,0.0,0.006630000192672014,0.03339000046253204,0.03708000108599663,0.007369999773800373,0.01979999989271164,0.010990000329911709,0.057509999722242355,0.0,0.0,0.0,0.0,0.00872000027447939,0.03905000165104866,0.05623999983072281,0.010990000329911709,0.03280999884009361,0.0],[0.0758500024676323,0.0,0.0,0.0,0.004220000002533197,0.0,0.0,0.006029999814927578,0.01600000075995922,0.0,0.028629999607801437,0.043869998306035995,0.05886000022292137,0.00279999990016222,0.0,0.00989999994635582,0.0,0.0,0.038100000470876694,0.012450000271201134],[0.022460000589489937,0.03029000014066696,0.026820000261068344,0.0,0.0,0.0,0.0009800000116229057,0.0,0.009429999627172947,0.0,0.0,0.020239999517798424,0.028689999133348465,0.06558000296354294,0.0034000000450760126,0.0,0.0,0.0,0.01616000011563301,0.05663000047206879],[0.0,0.0,0.019680000841617584,0.07029999792575836,0.0,0.024080000817775726,0.0,0.0,0.0,0.029200000688433647,0.0,0.0,0.034630000591278076,0.0,0.008419999852776527,0.008469999767839909,0.005489999894052744,0.0,0.021619999781250954,0.026089999824762344],[0.0,0.0,0.04236000031232834,0.05065999925136566,0.043960001319646835,0.024399999529123306,0.062150001525878906,0.0,0.05000000074505806,0.135110005736351,0.0,0.0029299999587237835,0.0,0.0,0.0,0.004889999981969595,0.0,0.05731000006198883,0.017869999632239342,0.0]],"frequency_matrix":[[0.2553200125694275,0.0,0.05178000032901764,0.0,0.04597000032663345,0.09257999807596207,0.005810000002384186,0.058820001780986786,0.0,0.13804000616073608,0.13804000616073608,0.13804000616073608,0.0,0.09257999807596207,0.09257999807596207,0.0,0.03375000134110451,0.0,0.0,0.03375000134110451],[0.3695699870586395,0.029410000890493393,0.026739999651908875,0.0023799999617040157,0.022280000150203705,0.16303999722003937,0.0020800000056624413,0.012199999764561653,0.0020800000056624413,0.32109999656677246,0.24778999388217926,0.323529988527298,0.0023799999617040157,0.16666999459266663,0.10525999963283539,0.0,0.08595000207424164,0.007430000230669975,0.0,0.07852999866008759],[0.4409500062465668,0.0,0.13721999526023865,0.03125,0.021980000659823418,0.09516000002622604,0.011900000274181366,0.0,0.009349999949336052,0.2524299919605255,0.21930000185966492,0.30371999740600586,0.015159999951720238,0.09516000002622604,0.07954999804496765,0.015159999951720238,0.04673000052571297,0.03260999917984009,0.0,0.0],[0.39976999163627625,0.04828000068664551,0.15353000164031982,0.10055000334978104,0.033879999071359634,0.10395999997854233,0.019109999760985374,0.0,0.009619999676942825,0.15223999321460724,0.10395999997854233,0.24624000489711761,0.10055000334978104,0.10395999997854233,0.10395999997854233,0.08332999795675278,0.039420001208782196,0.0,0.0,0.039420001208782196],[0.39785000681877136,0.10688000172376633,0.09949000179767609,0.014580000191926956,0.029410000890493393,0.11386000365018845,0.028300000354647636,0.0,0.0,0.2983599901199341,0.19147999584674835,0.2983599901199341,0.014580000191926956,0.12627999484539032,0.11386000365018845,0.010200000368058681,0.11386000365018845,0.04464000090956688,0.06519000232219696,0.0],[0.32982999086380005,0.009259999729692936,0.09741999953985214,0.04566999897360802,0.03339000046253204,0.13282999396324158,0.018360000103712082,0.01979999989271164,0.010990000329911709,0.2324099987745285,0.1656399965286255,0.2324099987745285,0.03905000165104866,0.13282999396324158,0.09573999792337418,0.03905000165104866,0.06723000109195709,0.010990000329911709,0.03280999884009361,0.0],[0.29670000076293945,0.0,0.08897999674081802,0.06876000016927719,0.004220000002533197,0.018479999154806137,0.01600000075995922,0.006029999814927578,0.01600000075995922,0.08799999952316284,0.08799999952316284,0.13187000155448914,0.06876000016927719,0.02127999998629093,0.018479999154806137,0.00989999994635582,0.012450000271201134,0.0,0.038100000470876694,0.012450000271201134],[0.2806999981403351,0.03029000014066696,0.06593000143766403,0.028689999133348465,0.0,0.06004000082612038,0.010420000180602074,0.0,0.009429999627172947,0.1720699965953827,0.14178000390529633,0.19231000542640686,0.028689999133348465,0.12561999261379242,0.06004000082612038,0.0,0.05663000047206879,0.0,0.01616000011563301,0.05663000047206879],[0.24798999726772308,0.0,0.13308000564575195,0.11339999735355377,0.0,0.06407999992370605,0.0,0.0,0.0,0.11490000039339066,0.08569999784231186,0.11490000039339066,0.04309999942779541,0.06407999992370605,0.03999999910593033,0.008469999767839909,0.03158000111579895,0.0,0.021619999781250954,0.026089999824762344],[0.49164000153541565,0.0,0.25402000546455383,0.055560000240802765,0.043960001319646835,0.08171000331640244,0.11214999854564667,0.0,0.05000000074505806,0.23468999564647675,0.099590003490448,0.23761999607086182,0.004889999981969595,0.08171000331640244,0.05731000006198883,0.004889999981969595,0.05731000006198883,0.05731000006198883,0.017869999632239342,0.0]]}