{"objective":4368.4453125,"runtime":0.0,"usage_matrix":[[0.024620000272989273,0.002589999930933118,0.02305999957025051,0.022140000015497208,0.019050000235438347,0.01916000060737133,0.010639999993145466,0.050620000809431076,0.0,0.016259999945759773,0.029559999704360962,0.009619999676942825,0.01647000014781952,0.017720000818371773,0.019419999793171883,0.023259999230504036,0.0,0.019419999793171883,0.02459000051021576,0.00014000000373926014],[0.0,0.0,0.0,0.017109999433159828,0.025520000606775284,0.0028899998869746923,0.0,0.0004900000058114529,0.019610000774264336,0.06941000372171402,0.053130000829696655,0.0,0.04732000082731247,0.038759998977184296,0.0,0.023259999230504036,0.0049299998208880424,0.051100000739097595,0.010420000180602074,0.0],[0.016699999570846558,0.0,0.05209999904036522,0.038830000907182693,0.00877000018954277,0.0,0.0,0.020560000091791153,0.0,0.0,0.02833000011742115,0.03297000005841255,0.0,0.04343999922275543,0.0,0.1443299949169159,0.007029999978840351,0.005169999785721302,0.0,0.0],[0.0,0.03959000110626221,0.0,0.0,0.06218999996781349,0.0,0.04586999863386154,0.0,0.0,0.03757999837398529,0.0,0.008960000239312649,0.026520000770688057,0.0,0.0,0.0,0.034279998391866684,0.0,0.03954000025987625,0.01075000036507845],[0.0,0.044780001044273376,0.046220000833272934,0.029190000146627426,0.011110000312328339,0.0,0.0,0.0027099999133497477,0.0,0.0,0.028449999168515205,0.0,0.0,0.0,0.0,0.010289999656379223,0.02135000005364418,0.0,0.022989999502897263,0.0291300006210804],[0.0,0.15415999293327332,0.02386000007390976,0.008999999612569809,0.054349999874830246,0.058329999446868896,0.0,0.004530000034719706,0.03158000111579895,0.026650000363588333,0.0,0.051169998943805695,0.0,0.0,0.01647000014781952,0.00698000006377697,0.04526999965310097,0.0,0.018519999459385872,0.0],[0.0,0.0,0.0,0.010990000329911709,0.010850000195205212,0.08342999964952469,0.00750999990850687,0.03051000088453293,0.009519999846816063,0.0,0.0061900001019239426,0.0,0.0,0.0,0.03872000053524971,0.01066999975591898,0.0007999999797903001,0.0,0.0,0.023250000551342964],[0.0,0.1002499982714653,0.009089999832212925,0.014469999819993973,0.0,0.0,0.02469000034034252,0.015039999969303608,0.0,0.0,0.0,0.02102999947965145,0.0,0.0,0.0,0.0,0.0,0.03158000111579895,0.018869999796152115,0.005009999964386225],[0.0,0.010119999758899212,0.003019999945536256,0.06441999971866608,0.03658999875187874,0.011859999969601631,0.0,0.017969999462366104,0.01769999973475933,0.008340000174939632,0.0,0.0,0.025299999862909317,0.0723000019788742,0.034779999405145645,0.041669998317956924,0.007329999934881926,0.0,0.05375999957323074,0.0],[0.0042500002309679985,0.0,0.008910000324249268,0.07406999915838242,0.0319099985063076,0.03654000163078308,0.0,0.016829999163746834,0.0,0.009170000441372395,0.05575000122189522,0.03260999917984009,0.0,0.006969999987632036,0.04809999838471413,0.021980000659823418,0.03355000168085098,0.010870000347495079,0.0,0.0006200000061653554]],"frequency_matrix":[[0.3483099937438965,0.15929000079631805,0.04210999980568886,0.04673000052571297,0.019050000235438347,0.11649999767541885,0.010639999993145466,0.09735000133514404,0.0,0.016259999945759773,0.14607000350952148,0.009619999676942825,0.23728999495506287,0.2782599925994873,0.019419999793171883,0.023259999230504036,0.01955999992787838,0.019419999793171883,0.02459000051021576,0.01955999992787838],[0.3639099895954132,0.10363999754190445,0.025520000606775284,0.02751999907195568,0.025520000606775284,0.05051000043749809,0.0,0.04761999845504761,0.019610000774264336,0.06941000372171402,0.10363999754190445,0.0,0.17646999657154083,0.23848000168800354,0.0,0.023259999230504036,0.05601999908685684,0.051100000739097595,0.010420000180602074,0.051100000739097595],[0.3982299864292145,0.08772999793291092,0.06086999922990799,0.038830000907182693,0.00877000018954277,0.05939999967813492,0.0,0.05939999967813492,0.0,0.0,0.08772999793291092,0.03297000005841255,0.1485999971628189,0.33636000752449036,0.0,0.1443299949169159,0.012199999764561653,0.005169999785721302,0.0,0.005169999785721302],[0.30527999997138977,0.125,0.06218999996781349,0.03954000025987625,0.06218999996781349,0.03954000025987625,0.04586999863386154,0.03954000025987625,0.0,0.03757999837398529,0.03954000025987625,0.008960000239312649,0.2137099951505661,0.2137099951505661,0.0,0.0,0.04503000155091286,0.0,0.03954000025987625,0.01075000036507845],[0.2462099939584732,0.12811000645160675,0.05733000114560127,0.05217000097036362,0.011110000312328339,0.05488000065088272,0.0,0.05488000065088272,0.0,0.0,0.08332999795675278,0.0,0.1854500025510788,0.1957399994134903,0.0,0.010289999656379223,0.05048000067472458,0.0,0.022989999502897263,0.0291300006210804],[0.5008699893951416,0.27612999081611633,0.0782100036740303,0.02751999907195568,0.054349999874830246,0.12196999788284302,0.0,0.06363999843597412,0.03158000111579895,0.026650000363588333,0.12196999788284302,0.051169998943805695,0.3707999885082245,0.3777799904346466,0.01647000014781952,0.00698000006377697,0.04526999965310097,0.0,0.018519999459385872,0.0],[0.23246000707149506,0.1481499969959259,0.010850000195205212,0.010990000329911709,0.010850000195205212,0.1344500035047531,0.00750999990850687,0.051020000129938126,0.009519999846816063,0.0,0.1406400054693222,0.0,0.197720006108284,0.20839999616146088,0.03872000053524971,0.01066999975591898,0.024059999734163284,0.0,0.0,0.023259999230504036],[0.24003000557422638,0.1733199954032898,0.009089999832212925,0.033330000936985016,0.0,0.04837999865412712,0.02469000034034252,0.04837999865412712,0.0,0.0,0.04837999865412712,0.02102999947965145,0.18241000175476074,0.18241000175476074,0.0,0.0,0.03658999875187874,0.03158000111579895,0.018869999796152115,0.03658999875187874],[0.4051400125026703,0.175819993019104,0.03959999978542328,0.11817999929189682,0.03658999875187874,0.16571000218391418,0.0,0.1538500040769577,0.01769999973475933,0.008340000174939632,0.16571000218391418,0.0,0.2755100131034851,0.38947999477386475,0.034779999405145645,0.041669998317956924,0.007329999934881926,0.0,0.05375999957323074,0.0],[0.39215999841690063,0.18320000171661377,0.04083000123500824,0.07406999915838242,0.0319099985063076,0.12745000422000885,0.0,0.09091000258922577,0.0,0.009170000441372395,0.18320000171661377,0.03260999917984009,0.27213001251220703,0.30107998847961426,0.04809999838471413,0.021980000659823418,0.045049998909235,0.010870000347495079,0.0,0.011490000411868095]]}