{"objective":6029.490234375,"runtime":0.0,"usage_matrix":[[0.0,0.047240000218153,0.03260999917984009,0.0,0.004769999999552965,0.021640000864863396,0.0,0.005229999776929617,0.029190000146627426,0.0,0.013930000364780426,0.048739999532699585,0.0034199999645352364,0.02452000044286251,0.0013000000035390258,0.0,0.04602999985218048,0.0,0.0,0.01075000036507845],[0.028880000114440918,0.0,0.0361500009894371,0.009519999846816063,0.0,0.0,0.07779999822378159,0.0,0.02727000042796135,0.0002500000118743628,0.00634999992325902,0.026170000433921814,0.0,0.0,0.0,0.02525000087916851,0.0,0.0008399999933317304,0.10525999963283539,0.0],[0.0,0.0,0.07895000278949738,0.021980000659823418,0.0,0.07569000124931335,0.0,0.015449999831616879,0.02410000003874302,0.03644999861717224,0.0,0.0,0.013460000045597553,0.0,0.025539999827742577,0.010990000329911709,0.018530000001192093,0.01892000064253807,0.010200000368058681,0.020829999819397926],[0.0,0.05113000050187111,0.029340000823140144,0.0,0.03418999910354614,0.0,0.0,0.11057999730110168,0.032260000705718994,0.02150999940931797,0.0379600003361702,0.07491999864578247,0.0,0.0,0.027879999950528145,0.010409999638795853,0.0,0.009639999829232693,0.01205000001937151,0.028300000354647636],[0.00547999981790781,0.016140000894665718,0.0,0.025860000401735306,0.0,0.0,0.0,0.0,0.029410000890493393,0.01867000013589859,0.0,0.06695999950170517,0.0,0.007720000110566616,0.022110000252723694,0.012969999574124813,0.023840000852942467,0.0,0.0,0.0],[0.14102999866008759,0.0,0.009089999832212925,0.0,0.0258799996227026,0.06948000192642212,0.0,0.0,0.09573999792337418,0.020670000463724136,0.032260000705718994,0.0,0.0002899999963119626,0.0,0.0,0.0860700011253357,0.0,0.0,0.015069999732077122,0.0],[0.0,0.015359999611973763,0.020409999415278435,0.00877000018954277,0.087909996509552,0.06345000118017197,0.05728000029921532,0.018890000879764557,0.0,0.04131000116467476,0.0,0.0,0.0,0.00267999991774559,0.0,0.03929999843239784,0.04402000084519386,0.0,0.0048699998296797276,0.0],[0.10920999944210052,0.0,0.02143999934196472,0.01769999973475933,0.006839999929070473,0.0,0.0,0.023800000548362732,0.0,0.009800000116229057,0.01372000016272068,0.07620000094175339,0.0,0.0,0.010870000347495079,0.040550000965595245,0.0031999999191612005,0.0,0.0,0.0],[0.0,0.0,0.0,0.0,0.0,0.0,0.0,0.0,0.005210000090301037,0.0,0.05787999927997589,0.06638000160455704,0.06531000137329102,0.03044999949634075,0.0,0.01754000037908554,0.014349999837577343,0.0035500000230968,0.0,0.03652000054717064],[0.0,0.07016000151634216,0.010590000078082085,0.008700000122189522,0.0,0.0,0.0516199991106987,0.0,0.06086999922990799,0.012520000338554382,0.00041000000783242285,0.004579999949783087,0.05428000167012215,0.0,0.0,0.10468000173568726,0.0,0.010470000095665455,0.0,0.02459999918937683]],"frequency_matrix":[[0.28933998942375183,0.28933998942375183,0.03260999917984009,0.0,0.004769999999552965,0.16290999948978424,0.16290999948978424,0.1681399941444397,0.029190000146627426,0.029190000146627426,0.02597000077366829,0.07791999727487564,0.19607999920845032,0.19266000390052795,0.01205000001937151,0.0,0.2421099990606308,0.004769999999552965,0.0,0.01075000036507845],[0.34375,0.3148699998855591,0.0361500009894371,0.009519999846816063,0.0,0.20229999721050262,0.2800999879837036,0.2800999879837036,0.02727000042796135,0.02751999907195568,0.00634999992325902,0.053700000047683716,0.2800999879837036,0.2800999879837036,0.0,0.03477000072598457,0.3148699998855591,0.10610999912023544,0.10525999963283539,0.0],[0.3710800111293793,0.3710800111293793,0.07895000278949738,0.021980000659823418,0.0,0.2906799912452698,0.2906799912452698,0.30612000823020935,0.02410000003874302,0.06054000183939934,0.0463699996471405,0.06054000183939934,0.3195900022983551,0.30612000823020935,0.0463699996471405,0.03297000005841255,0.3710800111293793,0.0291300006210804,0.010200000368058681,0.020829999819397926],[0.4801599979400635,0.4801599979400635,0.029340000823140144,0.0,0.03418999910354614,0.30803999304771423,0.30803999304771423,0.4186199903488159,0.032260000705718994,0.05375999957323074,0.09414000064134598,0.1286800056695938,0.4186199903488159,0.4186199903488159,0.05618000030517578,0.010420000180602074,0.42904001474380493,0.055879998952150345,0.01205000001937151,0.028300000354647636],[0.22916999459266663,0.22368000447750092,0.0,0.025860000401735306,0.0,0.13715000450611115,0.13715000450611115,0.13715000450611115,0.029410000890493393,0.04808000102639198,0.022110000252723694,0.11503999680280685,0.14486999809741974,0.14486999809741974,0.022110000252723694,0.038830000907182693,0.20755000412464142,0.0,0.0,0.0],[0.4955799877643585,0.35453999042510986,0.009089999832212925,0.0,0.0258799996227026,0.2681800127029419,0.2681800127029419,0.2681800127029419,0.09573999792337418,0.11641000211238861,0.032260000705718994,0.11641000211238861,0.26846998929977417,0.2681800127029419,0.0,0.0860700011253357,0.35455000400543213,0.04094000160694122,0.015069999732077122,0.0],[0.40424999594688416,0.40424999594688416,0.020409999415278435,0.00877000018954277,0.087909996509552,0.2179500013589859,0.2752299904823303,0.29412001371383667,0.0,0.04131000116467476,0.0,0.04131000116467476,0.29679998755455017,0.29679998755455017,0.0,0.04808000102639198,0.38888999819755554,0.09278000146150589,0.0048699998296797276,0.0],[0.3333300054073334,0.22412000596523285,0.02143999934196472,0.01769999973475933,0.006839999929070473,0.1388700008392334,0.1388700008392334,0.16267000138759613,0.0,0.009800000116229057,0.02459000051021576,0.0860000029206276,0.16267000138759613,0.16267000138759613,0.010870000347495079,0.05824999883770943,0.22412000596523285,0.006839999929070473,0.0,0.0],[0.2971999943256378,0.2971999943256378,0.0,0.0,0.0,0.16955000162124634,0.16955000162124634,0.16955000162124634,0.005210000090301037,0.005210000090301037,0.09440000355243683,0.07158999890089035,0.26530998945236206,0.20000000298023224,0.03652000054717064,0.01754000037908554,0.2971999943256378,0.0035500000230968,0.0,0.03652000054717064],[0.41347000002861023,0.41347000002861023,0.010590000078082085,0.008700000122189522,0.0,0.12404000014066696,0.17565999925136566,0.17565999925136566,0.06086999922990799,0.07338999956846237,0.02500000037252903,0.07797999680042267,0.22992999851703644,0.17565999925136566,0.02459999918937683,0.11337999999523163,0.34330999851226807,0.010470000095665455,0.0,0.02459999918937683]]}