{"objective":5011.03125,"runtime":0.0,"usage_matrix":[[0.0,0.0,0.02969999983906746,0.020349999889731407,0.05795000120997429,0.03750000149011612,0.0,0.018130000680685043,0.0,0.0,0.03570999950170517,0.017270000651478767,0.04845000058412552,0.004279999993741512,0.06001000106334686,0.0,0.0,0.0,0.007770000025629997,0.0],[0.06712000072002411,0.0,0.010870000347495079,0.0036299999337643385,0.09318999946117401,0.0,0.0,0.012729999609291553,0.024769999086856842,0.0,0.027790000662207603,0.0,0.03282000124454498,0.02232000045478344,0.0797400027513504,0.0,0.00892999954521656,0.04309999942779541,0.0372299998998642,0.02273000031709671],[0.0,0.0,0.02127999998629093,0.0,0.0,0.05381999909877777,0.008179999887943268,0.0,0.00039000000106170774,0.06404999643564224,0.01834999956190586,0.0,0.0,0.023250000551342964,0.0,0.03734000027179718,0.0,0.017510000616312027,0.017419999465346336,0.02751999907195568],[0.03514000028371811,0.0,0.01075000036507845,0.006670000031590462,0.0,0.0,0.021159999072551727,0.008679999969899654,0.0,0.06185000017285347,0.023879999294877052,0.02670999988913536,0.018769999966025352,0.0,0.00812000036239624,0.029410000890493393,0.0,0.010870000347495079,0.03796999901533127,0.0],[0.0,0.02321000024676323,0.00892999954521656,0.019009999930858612,0.0,0.05803000181913376,0.0,0.030570000410079956,0.0,0.0,0.0,0.009170000441372395,0.0,0.026179999113082886,0.0004199999966658652,0.018519999459385872,0.047240000218153,0.0,0.0,0.0],[0.11816000193357468,0.006990000139921904,0.0,0.033580001443624496,0.0,0.0005600000149570405,0.0,0.0,0.0,0.0,0.03604000061750412,0.010529999621212482,0.0,0.04033000022172928,0.0,0.03773000091314316,0.06363999843597412,0.02703000046312809,0.0,0.029680000618100166],[0.0,0.013670000247657299,0.02150999940931797,0.0,0.053289998322725296,0.0,0.0,0.05211000144481659,0.0,0.0,0.007230000104755163,0.0,0.06588000059127808,0.012969999574124813,0.03206999972462654,0.0,0.10417000204324722,0.0,0.0,0.014689999632537365],[0.038920000195503235,0.03951999917626381,0.004490000195801258,0.07833000272512436,0.02450999990105629,0.0,0.09414999932050705,0.0,0.016429999843239784,0.0,0.010610000230371952,0.008620000444352627,0.05838000029325485,0.07338999956846237,0.0,0.0,0.0,0.009170000441372395,0.0,0.0],[0.0,0.029360000044107437,0.0,0.01537999976426363,0.0,0.1868399977684021,0.0,0.007689999882131815,0.0,0.0,0.010990000329911709,0.06796000152826309,0.0,0.0,0.05660000070929527,0.0,0.008070000447332859,0.010990000329911709,0.0020000000949949026,0.025210000574588776],[0.0,0.0,0.011490000411868095,0.017820000648498535,0.03232000023126602,0.02246999926865101,0.014580000191926956,0.021730000153183937,0.07773000001907349,0.0,0.0,0.0,0.0,0.023010000586509705,0.09447000175714493,0.009800000116229057,0.04081999883055687,0.011490000411868095,0.0,0.04253999888896942]],"frequency_matrix":[[0.33713001012802124,0.10698000341653824,0.02969999983906746,0.020360000431537628,0.2424200028181076,0.07321999967098236,0.29864001274108887,0.018130000680685043,0.1844799965620041,0.3167699873447418,0.03570999950170517,0.017270000651478767,0.2908700108528137,0.004279999993741512,0.08970999717712402,0.0,0.0,0.0,0.007770000025629997,0.0],[0.4869599938392639,0.09060999751091003,0.010870000347495079,0.04673000052571297,0.26761001348495483,0.027790000662207603,0.36037999391555786,0.012729999609291553,0.17441999912261963,0.37310999631881714,0.027790000662207603,0.0,0.30041998624801636,0.03125,0.09060999751091003,0.0,0.00892999954521656,0.04309999942779541,0.05996000021696091,0.02273000031709671],[0.2890999913215637,0.02127999998629093,0.02127999998629093,0.017510000616312027,0.11709000170230865,0.07216999679803848,0.17021000385284424,0.03734000027179718,0.11709000170230865,0.27160000801086426,0.01834999956190586,0.0,0.11709000170230865,0.023259999230504036,0.02127999998629093,0.03734000027179718,0.0,0.017510000616312027,0.04493999853730202,0.02751999907195568],[0.30000001192092896,0.045579999685287476,0.01075000036507845,0.01754000037908554,0.06945999711751938,0.023879999294877052,0.14736999571323395,0.038100000470876694,0.06945999711751938,0.24730999767780304,0.023879999294877052,0.02670999988913536,0.08823999762535095,0.0,0.018869999796152115,0.029410000890493393,0.0,0.010870000347495079,0.03796999901533127,0.0],[0.24128000438213348,0.04173000156879425,0.00892999954521656,0.019009999930858612,0.1731799989938736,0.05803000181913376,0.1731799989938736,0.04909000173211098,0.1731799989938736,0.22226999700069427,0.0,0.009170000441372395,0.1731799989938736,0.07343000173568726,0.009349999949336052,0.018519999459385872,0.047240000218153,0.0,0.0,0.0],[0.4042600095272064,0.0175199992954731,0.0,0.06061000004410744,0.1580899953842163,0.03660000115633011,0.18775999546051025,0.03773000091314316,0.1580899953842163,0.225490003824234,0.03604000061750412,0.010529999621212482,0.1580899953842163,0.1039699986577034,0.0,0.03773000091314316,0.06363999843597412,0.02703000046312809,0.029680000618100166,0.029680000618100166],[0.3775799870491028,0.06723999977111816,0.02150999940931797,0.0,0.24490000307559967,0.007230000104755163,0.3254700005054474,0.05211000144481659,0.19160999357700348,0.3775799870491028,0.007230000104755163,0.0,0.31077998876571655,0.11714000254869461,0.05356999859213829,0.0,0.10417000204324722,0.0,0.014689999632537365,0.014689999632537365],[0.4565199911594391,0.052629999816417694,0.004490000195801258,0.08749999850988388,0.17757000029087067,0.010610000230371952,0.33009999990463257,0.0,0.15306000411510468,0.33009999990463257,0.010610000230371952,0.008620000444352627,0.2359600067138672,0.07338999956846237,0.004490000195801258,0.0,0.0,0.009170000441372395,0.0,0.0],[0.421099990606308,0.1539199948310852,0.0,0.02637000009417534,0.35982999205589294,0.19783000648021698,0.38703998923301697,0.007689999882131815,0.35982999205589294,0.39473000168800354,0.010990000329911709,0.06796000152826309,0.35982999205589294,0.008070000447332859,0.05660000070929527,0.0,0.008070000447332859,0.010990000329911709,0.027210000902414322,0.025210000574588776],[0.4202899932861328,0.10597000271081924,0.011490000411868095,0.029319999739527702,0.3023200035095215,0.02246999926865101,0.35943999886512756,0.031539998948574066,0.27000001072883606,0.39096999168395996,0.0,0.0,0.3023200035095215,0.06383000314235687,0.10597000271081924,0.009800000116229057,0.04081999883055687,0.011490000411868095,0.04253999888896942,0.04253999888896942]]}