{"objective":5123.34765625,"runtime":0.0,"usage_matrix":[[0.04546999931335449,0.0,0.0,0.05505000054836273,0.024129999801516533,0.01979999989271164,0.038830000907182693,0.03922000154852867,0.0,0.0,0.0836699977517128,0.009499999694526196,0.0,0.0,0.0012100000167265534,0.05122999846935272,0.0,0.009259999729692936,0.019589999690651894,0.018890000879764557],[0.02434000000357628,0.0,0.011239999905228615,0.037039998918771744,0.0,0.0,0.0,0.009800000116229057,0.005510000046342611,0.0023399998899549246,0.016820000484585762,0.02112000063061714,0.05415999889373779,0.0,0.011819999665021896,0.01727999933063984,0.04645000025629997,0.0,0.0,0.012350000441074371],[0.009279999881982803,0.04018000140786171,0.0,0.0,0.055649999529123306,0.0,0.00877000018954277,0.009619999676942825,0.011970000341534615,0.01013999991118908,0.0,0.001500000013038516,0.017190000042319298,0.044679999351501465,0.006390000227838755,0.0,0.08824999630451202,0.01075000036507845,0.01954999938607216,0.019610000774264336],[0.03886000066995621,0.014279999770224094,0.018869999796152115,0.0,0.01720999926328659,0.0,0.019610000774264336,0.01923000067472458,0.0,0.04311000183224678,0.05455999821424484,0.05974999815225601,0.0,0.0,0.0,0.06780999898910522,0.0047599999234080315,0.07954999804496765,0.07970999926328659,0.00406000018119812],[0.0,0.0,0.024949999526143074,0.04799000173807144,0.009970000013709068,0.04405999928712845,0.021050000563263893,0.014890000224113464,0.017680000513792038,0.0,0.07236000150442123,0.0,0.035110000520944595,0.03311999887228012,0.0,0.0,0.0018599999602884054,0.0,0.016419999301433563,0.07142999768257141],[0.03511999920010567,0.09898000210523605,0.0760900005698204,0.02019999921321869,0.002570000011473894,0.0,0.0,0.029410000890493393,0.03424999862909317,0.03432000055909157,0.0,0.012249999679625034,0.007819999940693378,0.0,0.08296000212430954,0.007329999934881926,0.0,0.0,0.0760900005698204,0.01769999973475933],[0.0727199986577034,0.04941999912261963,0.008469999767839909,0.02061999961733818,0.0,0.03613999858498573,0.028060000389814377,0.011850000359117985,0.03539999946951866,0.0,0.15569999814033508,0.0,0.0,0.0,0.018050000071525574,0.01583999954164028,0.0,0.0,0.02751999907195568,0.02019999921321869],[0.022089999169111252,0.04083000123500824,0.04761999845504761,0.0,0.0,0.050119999796152115,0.030169999226927757,0.0,0.009340000338852406,0.065700002014637,0.0,0.021050000563263893,0.0009299999801442027,0.035909999161958694,0.0,0.0,0.06001000106334686,0.0,0.020989999175071716,0.0],[0.0,0.0,0.0,0.0,0.031690001487731934,0.004920000210404396,0.046509999781847,0.02563999965786934,0.0,0.0,0.03547000139951706,0.03260999917984009,0.0012700000079348683,0.019610000774264336,0.04439999908208847,0.0,0.021239999681711197,0.02246999926865101,0.010049999691545963,0.045559998601675034],[0.012160000391304493,0.10705000162124634,0.010099999606609344,0.054349999874830246,0.0,0.0,0.019269999116659164,0.04904999956488609,0.037039998918771744,0.019039999693632126,0.014990000054240227,0.0,0.0,0.015169999562203884,0.01271000038832426,0.07467000186443329,0.031980000436306,0.004689999856054783,0.0,0.0]],"frequency_matrix":[[0.4158399999141693,0.26782000064849854,0.0,0.05505000054836273,0.14806999266147614,0.01979999989271164,0.038830000907182693,0.03922000154852867,0.018890000879764557,0.018890000879764557,0.3703700006008148,0.04870999976992607,0.04870999976992607,0.04870999976992607,0.08511000126600266,0.1197500005364418,0.26782000064849854,0.009259999729692936,0.028850000351667404,0.018890000879764557],[0.2702699899673462,0.15123000741004944,0.011239999905228615,0.037039998918771744,0.04885999858379364,0.0,0.0,0.009800000116229057,0.01785999909043312,0.02019999921321869,0.23468999564647675,0.03092999942600727,0.08508999645709991,0.08508999645709991,0.04885999858379364,0.1023700013756752,0.19766999781131744,0.0,0.0,0.012350000441074371],[0.35354000329971313,0.21428999304771423,0.0,0.0,0.1011200025677681,0.0,0.00877000018954277,0.009619999676942825,0.03158000111579895,0.04171999916434288,0.34424999356269836,0.011110000312328339,0.028300000354647636,0.07298000156879425,0.03669999912381172,0.07298000156879425,0.3025299906730652,0.01075000036507845,0.030300000682473183,0.019610000774264336],[0.521369993686676,0.3571400046348572,0.018869999796152115,0.0,0.19607999920845032,0.0,0.019610000774264336,0.01923000067472458,0.00406000018119812,0.0471699982881546,0.4636400043964386,0.07897999882698059,0.07897999882698059,0.07897999882698059,0.15926000475883484,0.14678999781608582,0.3619000017642975,0.07954999804496765,0.15926000475883484,0.00406000018119812],[0.4109100103378296,0.22262999415397644,0.024949999526143074,0.04799000173807144,0.09544000029563904,0.04405999928712845,0.021050000563263893,0.014890000224113464,0.08910000324249268,0.08910000324249268,0.3859499990940094,0.014890000224113464,0.05000000074505806,0.08312000334262848,0.06441999971866608,0.12717999517917633,0.2244900017976761,0.0,0.016419999301433563,0.07142999768257141],[0.5350900292396545,0.33761999011039734,0.0760900005698204,0.02019999921321869,0.18182000517845154,0.0,0.0,0.029410000890493393,0.05195000022649765,0.08625999838113785,0.423880010843277,0.041669998317956924,0.049479998648166656,0.049479998648166656,0.17925000190734863,0.05682000145316124,0.33761999011039734,0.0,0.0760900005698204,0.01769999973475933],[0.5,0.20749999582767487,0.008469999767839909,0.02061999961733818,0.09425000101327896,0.03613999858498573,0.028060000389814377,0.011850000359117985,0.05559999868273735,0.05559999868273735,0.4187999963760376,0.011850000359117985,0.011850000359117985,0.011850000359117985,0.06618999689817429,0.06383000314235687,0.20749999582767487,0.0,0.02751999907195568,0.02019999921321869],[0.4047600030899048,0.20000000298023224,0.04761999845504761,0.0,0.05116000026464462,0.050119999796152115,0.030169999226927757,0.0,0.009349999949336052,0.07503999769687653,0.33504998683929443,0.021050000563263893,0.021980000659823418,0.05789000168442726,0.020989999175071716,0.10801000148057938,0.2600100040435791,0.0,0.020989999175071716,0.0],[0.34143999218940735,0.23917999863624573,0.0,0.0,0.15512000024318695,0.004920000210404396,0.046509999781847,0.02563999965786934,0.045559998601675034,0.045559998601675034,0.34143999218940735,0.05824999883770943,0.05951999872922897,0.07913000136613846,0.07692000269889832,0.08405999839305878,0.2604199945926666,0.02246999926865101,0.032519999891519547,0.045559998601675034],[0.46226000785827637,0.33695998787879944,0.010099999606609344,0.054349999874830246,0.09100999683141708,0.0,0.019269999116659164,0.04904999956488609,0.037039998918771744,0.0560699999332428,0.4399999976158142,0.04904999956488609,0.04904999956488609,0.06421999633312225,0.07174000144004822,0.13888999819755554,0.36893001198768616,0.004689999856054783,0.004689999856054783,0.0]]}