{"objective":4949.19677734375,"runtime":0.0,"usage_matrix":[[0.10136999934911728,0.0,0.026399999856948853,0.0,0.0,0.047120001167058945,0.08495000004768372,0.02118000015616417,0.0,0.013159999623894691,0.0,0.0,0.008849999867379665,0.0,0.014680000022053719,0.0,0.0,0.022579999640583992,0.018689999356865883,0.0],[0.0,0.00892999954521656,0.029249999672174454,0.0,0.0,0.004370000213384628,0.0,0.06428000330924988,0.05510000139474869,0.0,0.010420000180602074,0.0,0.01923000067472458,0.0,0.0,0.0015399999683722854,0.030169999226927757,0.0022700000554323196,0.03570999950170517,0.0],[0.0,0.008430000394582748,0.04052000120282173,0.049309998750686646,0.0,0.04960000142455101,0.018060000613331795,0.0,0.03748000040650368,0.0,0.008849999867379665,0.019610000774264336,0.0,0.010160000063478947,0.0,0.0,0.0,0.012889999896287918,0.0,0.05651000142097473],[0.13809999823570251,0.0,0.0,0.018939999863505363,0.04255000129342079,0.0,0.07029999792575836,0.04636000096797943,0.018219999969005585,0.0,0.008580000139772892,0.04049000144004822,0.0065899998880922794,0.02339000068604946,0.019610000774264336,0.0,0.0,0.0,0.0,0.0001900000061141327],[0.025869999080896378,0.0,0.056460000574588776,0.0,0.0,0.0,0.07954999804496765,0.0,0.0,0.0,0.01030999980866909,0.014109999872744083,0.0,0.010529999621212482,0.0,0.025699999183416367,0.04515000060200691,0.0020800000056624413,0.03773999959230423,0.019220000132918358],[0.0,0.0,0.0,0.0004199999966658652,0.005109999794512987,0.0,0.05398999899625778,0.023010000586509705,0.12974999845027924,0.0,0.010990000329911709,0.022760000079870224,0.0,0.0,0.009619999676942825,0.018219999969005585,0.0,0.009209999814629555,0.05404999852180481,0.0006900000153109431],[0.013650000095367432,0.06720999628305435,0.01001999992877245,0.0368800014257431,0.0,0.0,0.01119999960064888,0.01078999973833561,0.0,0.0,0.0,0.009089999832212925,0.016850000247359276,0.029410000890493393,0.0,0.061409998685121536,0.06531000137329102,0.05555000156164169,0.0,0.0],[0.0,0.0,0.031950000673532486,0.0,0.10544999688863754,0.0,0.0,0.0,0.04035999998450279,0.0,0.0,0.021129999309778214,0.016529999673366547,0.019419999793171883,0.010529999621212482,0.02295999974012375,0.0,0.016189999878406525,0.055479999631643295,0.05999999865889549],[0.001019999966956675,0.0,0.01711999997496605,0.03581999987363815,0.03370999917387962,0.013319999910891056,0.017030000686645508,0.0,0.0,0.00007999999797903001,0.0,0.0,0.02500000037252903,0.02019999921321869,0.0,0.0016799999866634607,0.024450000375509262,0.016259999945759773,0.011699999682605267,0.0],[0.06327000260353088,0.017419999465346336,0.0,0.06077999994158745,0.043480001389980316,0.0,0.005750000011175871,0.020260000601410866,0.0,0.015990000218153,0.0,0.01785999909043312,0.0,0.06679999828338623,0.0,0.011710000224411488,0.0,0.023250000551342964,0.0,0.012659999541938305]],"frequency_matrix":[[0.3589699864387512,0.0,0.1339299976825714,0.022579999640583992,0.0,0.2444400042295456,0.10752999782562256,0.05454999953508377,0.2576099932193756,0.2576099932193756,0.0,0.0,0.008849999867379665,0.0,0.014680000022053719,0.022579999640583992,0.2576099932193756,0.022579999640583992,0.018689999356865883,0.014680000022053719],[0.26128000020980835,0.00892999954521656,0.043480001389980316,0.012690000236034393,0.0,0.17600999772548676,0.014220000244677067,0.10000000149011612,0.26128000020980835,0.17600999772548676,0.010420000180602074,0.0,0.01923000067472458,0.0,0.0,0.014220000244677067,0.20619000494480133,0.012690000236034393,0.03570999950170517,0.0],[0.3114199936389923,0.028039999306201935,0.12962999939918518,0.0710500031709671,0.0,0.2637900114059448,0.08911000192165375,0.05651000142097473,0.3114199936389923,0.2637900114059448,0.008849999867379665,0.019610000774264336,0.0,0.010160000063478947,0.0,0.0710500031709671,0.27393999695777893,0.021740000694990158,0.0,0.05651000142097473],[0.4333299994468689,0.04049000144004822,0.09782999753952026,0.02751999907195568,0.04255000129342079,0.21107999980449677,0.09782999753952026,0.06616999953985214,0.29524001479148865,0.25363001227378845,0.008580000139772892,0.04049000144004822,0.0065899998880922794,0.02339000068604946,0.019610000774264336,0.02751999907195568,0.27702000737190247,0.008580000139772892,0.0,0.01979999989271164],[0.32673001289367676,0.014109999872744083,0.17410999536514282,0.012389999814331532,0.0,0.24517999589443207,0.11765000224113464,0.05697000026702881,0.3008599877357483,0.24517999589443207,0.01030999980866909,0.014109999872744083,0.0,0.010529999621212482,0.0,0.038100000470876694,0.3008599877357483,0.012389999814331532,0.03773999959230423,0.019220000132918358],[0.33781999349594116,0.022760000079870224,0.09282000362873077,0.02061999961733818,0.005109999794512987,0.20295999944210052,0.09282000362873077,0.08737000077962875,0.33781999349594116,0.20806999504566193,0.010990000329911709,0.022760000079870224,0.0,0.0,0.009619999676942825,0.038830000907182693,0.20806999504566193,0.02019999921321869,0.05404999852180481,0.01030999980866909],[0.38738998770713806,0.0763000026345253,0.17507000267505646,0.09244000166654587,0.0,0.2790200114250183,0.16504999995231628,0.01078999973833561,0.37373998761177063,0.2790200114250183,0.0,0.009089999832212925,0.016850000247359276,0.029410000890493393,0.0,0.1538500040769577,0.37373998761177063,0.055560000240802765,0.0,0.0],[0.4000000059604645,0.021129999309778214,0.07109999656677246,0.016189999878406525,0.10544999688863754,0.2347699999809265,0.03914999961853027,0.126010000705719,0.4000000059604645,0.34022000432014465,0.0,0.021129999309778214,0.016529999673366547,0.019419999793171883,0.010529999621212482,0.03914999961853027,0.3596400022506714,0.016189999878406525,0.055479999631643295,0.07051999866962433],[0.2173900008201599,0.0,0.087909996509552,0.052080001682043076,0.03370999917387962,0.1379300057888031,0.07079999893903732,0.011699999682605267,0.21637000143527985,0.1717199981212616,0.0,0.0,0.02500000037252903,0.02019999921321869,0.0,0.05375999957323074,0.21637000143527985,0.016259999945759773,0.011699999682605267,0.0],[0.3592199981212616,0.035280000418424606,0.1014999970793724,0.08403000235557556,0.043480001389980316,0.16968999803066254,0.1014999970793724,0.032919999212026596,0.2959499955177307,0.22915999591350555,0.0,0.01785999909043312,0.0,0.06679999828338623,0.0,0.09573999792337418,0.2959499955177307,0.023259999230504036,0.0,0.012659999541938305]]}