{"objective":4510.10595703125,"runtime":0.0,"usage_matrix":[[0.06985999643802643,0.0,0.022379999980330467,0.0,0.0,0.0,0.010529999621212482,0.05266999825835228,0.0,0.0,0.03288999944925308,0.0,0.0,0.0,0.0,0.0,0.01295000035315752,0.010099999606609344,0.0,0.04394000023603439],[0.020059999078512192,0.029410000890493393,0.00471000000834465,0.0,0.015440000221133232,0.05276000127196312,0.0,0.012199999764561653,0.004569999873638153,0.0,0.0776899978518486,0.0,0.010200000368058681,0.0036200000904500484,0.0,0.0,0.045740000903606415,0.010529999621212482,0.0,0.08264999836683273],[0.0,0.0,0.06145999953150749,0.011049999855458736,0.021980000659823418,0.01561999972909689,0.0025599999353289604,0.0,0.009349999949336052,0.0,0.11884000152349472,0.03410999849438667,0.010639999993145466,0.0,0.05756999924778938,0.02019999921321869,0.04495999962091446,0.03260999917984009,0.0,0.0],[0.0,0.04179000109434128,0.008349999785423279,0.0,0.04761999845504761,0.0,0.02068999968469143,0.0,0.009619999676942825,0.0,0.0,0.0,0.13112999498844147,0.0,0.01425000000745058,0.08171000331640244,0.0,0.0,0.0,0.04081999883055687],[0.0,0.11649999767541885,0.01056000031530857,0.000910000002477318,0.029410000890493393,0.0,0.028300000354647636,0.0,0.0,0.0,0.0,0.0,0.011950000189244747,0.021129999309778214,0.06863000243902206,0.010200000368058681,0.005009999964386225,0.04464000090956688,0.06102000176906586,0.0],[0.0,0.009259999729692936,0.012790000066161156,0.0,0.014680000022053719,0.03523999825119972,0.008059999905526638,0.01979999989271164,0.010990000329911709,0.0,0.0,0.0,0.020560000091791153,0.0,0.06125999987125397,0.049400001764297485,0.05318000167608261,0.010990000329911709,0.03077000007033348,0.0],[0.05942999944090843,0.0,0.0,0.04385000094771385,0.0,0.0,0.0,0.006850000005215406,0.019449999555945396,0.0,0.020339999347925186,0.0,0.08436000347137451,0.0013699999544769526,0.0,0.00989999994635582,0.0,0.0,0.038100000470876694,0.013059999793767929],[0.0,0.0319099985063076,0.044179998338222504,0.009999999776482582,0.0,0.0,0.0009800000116229057,0.0,0.009429999627172947,0.0,0.0,0.0,0.04701000079512596,0.056689999997615814,0.0006300000241026282,0.0,0.009549999609589577,0.0,0.01310999970883131,0.05940999835729599],[0.0,0.0,0.011649999767541885,0.10492999851703644,0.0,0.02157999947667122,0.0,0.0,0.0,0.0,0.0,0.0,0.031150000169873238,0.0,0.013910000212490559,0.008469999767839909,0.02484999969601631,0.0,0.018650000914931297,0.026089999824762344],[0.0,0.0,0.014030000194907188,0.044690001755952835,0.04253000020980835,0.03917999938130379,0.062150001525878906,0.0,0.05000000074505806,0.07058999687433243,0.0,0.0029299999587237835,0.0,0.0,0.0,0.010870000347495079,0.06452000141143799,0.07229000329971313,0.017869999632239342,0.0]],"frequency_matrix":[[0.2553200125694275,0.0,0.04301000013947487,0.0,0.05266999825835228,0.09661000221967697,0.010529999621212482,0.05266999825835228,0.0,0.1424500048160553,0.12950000166893005,0.1424500048160553,0.0,0.09661000221967697,0.09661000221967697,0.0,0.01295000035315752,0.010099999606609344,0.0,0.04394000023603439],[0.3695699870586395,0.029410000890493393,0.01979999989271164,0.0,0.027629999443888664,0.16303999722003937,0.004569999873638153,0.012199999764561653,0.004569999873638153,0.31951001286506653,0.24435000121593475,0.3296999931335449,0.010200000368058681,0.16666999459266663,0.11027999967336655,0.0,0.07514999806880951,0.010529999621212482,0.0,0.08264999836683273],[0.4409500062465668,0.0,0.13721999526023865,0.03125,0.021980000659823418,0.09516000002622604,0.011900000274181366,0.0,0.009349999949336052,0.2589699923992157,0.21401000022888184,0.30371999740600586,0.010639999993145466,0.09516000002622604,0.07954999804496765,0.02019999921321869,0.04495999962091446,0.03260999917984009,0.0,0.0],[0.3959699869155884,0.04179000109434128,0.12037000060081482,0.08171000331640244,0.04761999845504761,0.10268999636173248,0.030300000682473183,0.0,0.009619999676942825,0.14448000490665436,0.10268999636173248,0.2756099998950958,0.13112999498844147,0.10268999636173248,0.10268999636173248,0.08171000331640244,0.04179000109434128,0.0,0.0,0.04081999883055687],[0.408270001411438,0.11649999767541885,0.0946199968457222,0.011110000312328339,0.029410000890493393,0.09803999960422516,0.028300000354647636,0.0,0.0,0.30171000957489014,0.18018999695777893,0.31365999579429626,0.011950000189244747,0.11917000263929367,0.09803999960422516,0.010200000368058681,0.12151999771595001,0.04464000090956688,0.06102000176906586,0.0],[0.3369799852371216,0.009259999729692936,0.09222999960184097,0.049400001764297485,0.03448000177741051,0.1309799998998642,0.019050000235438347,0.01979999989271164,0.010990000329911709,0.22418999671936035,0.16175000369548798,0.2447499930858612,0.020560000091791153,0.1309799998998642,0.09573999792337418,0.049400001764297485,0.06244000047445297,0.010990000329911709,0.03077000007033348,0.0],[0.29670000076293945,0.0,0.07320000231266022,0.05375000089406967,0.006850000005215406,0.019899999722838402,0.019449999555945396,0.006850000005215406,0.019449999555945396,0.07971999794244766,0.07971999794244766,0.1640699952840805,0.08436000347137451,0.02127999998629093,0.019899999722838402,0.00989999994635582,0.0,0.0,0.038100000470876694,0.013059999793767929],[0.28290998935699463,0.0319099985063076,0.06458999961614609,0.009999999776482582,0.0,0.06004000082612038,0.010420000180602074,0.0,0.009429999627172947,0.17130999267101288,0.12984000146389008,0.21831999719142914,0.04701000079512596,0.11672999709844589,0.06004000082612038,0.0,0.04145999997854233,0.0,0.01310999970883131,0.05940999835729599],[0.2612699866294861,0.0,0.12504999339580536,0.11339999735355377,0.0,0.06157999858260155,0.0,0.0,0.0,0.1050800010561943,0.0802299976348877,0.13621999323368073,0.031150000169873238,0.06157999858260155,0.03999999910593033,0.008469999767839909,0.02484999969601631,0.0,0.018650000914931297,0.026089999824762344],[0.49164000153541565,0.0,0.25402000546455383,0.055560000240802765,0.04253000020980835,0.08171000331640244,0.11214999854564667,0.0,0.05000000074505806,0.23468999564647675,0.099590003490448,0.23761999607086182,0.0,0.08171000331640244,0.04253000020980835,0.010870000347495079,0.06452000141143799,0.07229000329971313,0.017869999632239342,0.0]]}