{"objective":4380.7646484375,"runtime":0.0,"usage_matrix":[[0.0,0.0,0.03610999882221222,0.009800000116229057,0.008500000461935997,0.013509999960660934,0.03297000005841255,0.0,0.0,0.0034099998883903027,0.02833000011742115,0.012310000136494637,0.010990000329911709,0.0,0.0,0.03926999866962433,0.016510000452399254,0.033330000936985016,0.006049999967217445,0.005940000060945749],[0.0378200002014637,0.030729999765753746,0.003700000001117587,0.0,0.03920000046491623,0.0,0.010099999606609344,0.009259999729692936,0.09605000168085098,0.0,0.0,0.02735999971628189,0.04227999970316887,0.0,0.0,0.05548999831080437,0.009519999846816063,0.010420000180602074,0.010420000180602074,0.0],[0.0,0.0,0.009709999896585941,0.03505000099539757,0.0,0.0,0.039900001138448715,0.0,0.022530000656843185,0.016519999131560326,0.05874999985098839,0.03929999843239784,0.00989999994635582,0.028389999642968178,0.0,0.0,0.0,0.018689999356865883,0.06977000087499619,0.00949000008404255],[0.0,0.008990000002086163,0.0,0.029999999329447746,0.045830000191926956,0.021740000694990158,0.0,0.021050000563263893,0.0106800002977252,0.0003600000054575503,0.0,0.10948999971151352,0.0,0.018869999796152115,0.055560000240802765,0.005640000104904175,0.0029700000304728746,0.009800000116229057,0.0,0.028039999306201935],[0.03911999985575676,0.0429299995303154,0.0,0.021740000694990158,0.0181099995970726,0.007939999923110008,0.010200000368058681,0.04255000129342079,0.0,0.0,0.0,0.0478300005197525,0.004009999800473452,0.002099999925121665,0.0,0.0,0.07201000303030014,0.018519999459385872,0.010259999893605709,0.009619999676942825],[0.0,0.0,0.01448999997228384,0.004290000069886446,0.0,0.059459999203681946,0.0,0.011110000312328339,0.037140000611543655,0.02897999994456768,0.08365000039339066,0.06921999901533127,0.0,0.0,0.0,0.009390000253915787,0.0,0.0,0.019050000235438347,0.00872000027447939],[0.0,0.01964999921619892,0.037379998713731766,0.0,0.0,0.019530000165104866,0.0,0.0,0.0551300011575222,0.06629999727010727,0.056779999285936356,0.0,0.009089999832212925,0.012620000168681145,0.01205000001937151,0.0,0.03092999942600727,0.0,0.0,0.0625],[0.0,0.0,0.0,0.0,0.005030000116676092,0.01680999994277954,0.010639999993145466,0.0,0.0,0.0,0.0,0.034210000187158585,0.06543999910354614,0.05956000089645386,0.0,0.0,0.009610000066459179,0.0,0.06634999811649323,0.03967000171542168],[0.0,0.0,0.008200000040233135,0.0,0.003539999946951866,0.03158000111579895,0.010099999606609344,0.027310000732541084,0.03212999925017357,0.0134699996560812,0.0,0.0,0.02679000049829483,0.05121000111103058,0.010099999606609344,0.0,0.054349999874830246,0.008910000324249268,0.0,0.015629999339580536],[0.03480000048875809,0.0,0.009170000441372395,0.04540000110864639,0.0,0.006730000022798777,0.0,0.009349999949336052,0.06793999671936035,0.05674999952316284,0.0,0.0014600000577047467,0.0,0.009340000338852406,0.01769999973475933,0.0,0.0,0.009999999776482582,0.010639999993145466,0.0]],"frequency_matrix":[[0.25703001022338867,0.14135999977588654,0.03610999882221222,0.009800000116229057,0.08129999786615372,0.013509999960660934,0.03297000005841255,0.0,0.14741000533103943,0.05051000043749809,0.17574000358581543,0.0961500033736229,0.010990000329911709,0.03610999882221222,0.0,0.13541999459266663,0.026319999247789383,0.033330000936985016,0.006049999967217445,0.005940000060945749],[0.38234999775886536,0.17925000190734863,0.003700000001117587,0.0,0.058820001780986786,0.0,0.010099999606609344,0.009259999729692936,0.28571000695228577,0.045990001410245895,0.28571000695228577,0.093019999563694,0.04227999970316887,0.003700000001117587,0.0,0.14850999414920807,0.009519999846816063,0.010420000180602074,0.010420000180602074,0.0],[0.3580000102519989,0.13199999928474426,0.009709999896585941,0.03505000099539757,0.07495000213384628,0.0,0.039900001138448715,0.0,0.22429999709129333,0.06452000141143799,0.283050000667572,0.12251000106334686,0.00989999994635582,0.038100000470876694,0.0,0.12251000106334686,0.03505000099539757,0.018689999356865883,0.06977000087499619,0.00949000008404255],[0.3690199851989746,0.20225000381469727,0.0,0.029999999329447746,0.1005299985408783,0.021740000694990158,0.0,0.021050000563263893,0.26848000288009644,0.01923000067472458,0.26848000288009644,0.15956999361515045,0.0,0.018869999796152115,0.055560000240802765,0.1652200073003769,0.03297000005841255,0.009800000116229057,0.0,0.028039999306201935],[0.3469400107860565,0.16755999624729156,0.0,0.021740000694990158,0.12999999523162842,0.007939999923110008,0.010200000368058681,0.04255000129342079,0.17781999707221985,0.00610999995842576,0.17781999707221985,0.11501000076532364,0.004009999800473452,0.002099999925121665,0.0,0.11501000076532364,0.09375,0.018519999459385872,0.010259999893605709,0.009619999676942825],[0.3455199897289276,0.14192000031471252,0.01448999997228384,0.004290000069886446,0.0637499988079071,0.059459999203681946,0.0,0.011110000312328339,0.19810999929904938,0.043480001389980316,0.28176000714302063,0.12381000071763992,0.0,0.01448999997228384,0.0,0.133200004696846,0.004290000069886446,0.0,0.019050000235438347,0.00872000027447939],[0.3819600045681,0.20755000412464142,0.037379998713731766,0.0,0.05045999959111214,0.019530000165104866,0.0,0.0,0.27472999691963196,0.12540000677108765,0.3315100073814392,0.12540000677108765,0.009089999832212925,0.05000000074505806,0.01205000001937151,0.12540000677108765,0.03092999942600727,0.0,0.0,0.0625],[0.3073199987411499,0.19888000190258026,0.0,0.0,0.042089998722076416,0.01680999994277954,0.010639999993145466,0.0,0.2652300000190735,0.125,0.2652300000190735,0.1592099964618683,0.06543999910354614,0.05956000089645386,0.0,0.1592099964618683,0.009619999676942825,0.0,0.06634999811649323,0.03967000171542168],[0.2933200001716614,0.1515199989080429,0.008200000040233135,0.0,0.09956999868154526,0.03158000111579895,0.010099999606609344,0.027310000732541084,0.19374999403953552,0.0996600016951561,0.19374999403953552,0.13589000701904297,0.02679000049829483,0.05940999835729599,0.010099999606609344,0.13589000701904297,0.054349999874830246,0.008910000324249268,0.0,0.015629999339580536],[0.27928000688552856,0.09606999903917313,0.009170000441372395,0.04540000110864639,0.05212999880313873,0.006730000022798777,0.0,0.009349999949336052,0.19235000014305115,0.07526999711990356,0.19235000014305115,0.09606999903917313,0.0,0.018519999459385872,0.01769999973475933,0.09606999903917313,0.04540000110864639,0.009999999776482582,0.010639999993145466,0.0]]}