{"objective":5266.6943359375,"runtime":0.0,"usage_matrix":[[0.0,0.0,0.0,0.0,0.02297000028192997,0.05962999910116196,0.0,0.01205000001937151,0.04287999868392944,0.0,0.0,0.2126999944448471,0.00824000034481287,0.01030999980866909,0.03381999954581261,0.015359999611973763,0.0,0.02274000085890293,0.007670000195503235,0.006459999829530716],[0.07836999744176865,0.06038999930024147,0.0,0.0,0.0,0.07470999658107758,0.020829999819397926,0.04236999899148941,0.0065899998880922794,0.0,0.0,0.0,0.009929999709129333,0.016529999673366547,0.005890000145882368,0.0,0.0,0.0,0.0,0.03922000154852867],[0.0,0.0,0.0,0.011660000309348106,0.015359999611973763,0.0,0.0,0.05654999986290932,0.013079999946057796,0.04400999844074249,0.0,0.045409999787807465,0.0,0.03409000113606453,0.0,0.00788000039756298,0.013949999585747719,0.00880999956279993,0.008009999990463257,0.027070000767707825],[0.0,0.0,0.007860000245273113,0.0,0.09788999706506729,0.006310000084340572,0.0392099991440773,0.01075000036507845,0.007980000227689743,0.024089999496936798,0.0,0.1705400049686432,0.008019999600946903,0.010200000368058681,0.034960001707077026,0.0,0.0,0.0,0.04334000125527382,0.0],[0.024210000410676003,0.08201000094413757,0.08253999799489975,0.0,0.043060000985860825,0.029079999774694443,0.023010000586509705,0.0,0.033649999648332596,0.08679000288248062,0.0,0.001990000018849969,0.006409999914467335,0.029410000890493393,0.010420000180602074,0.018149999901652336,0.0,0.019999999552965164,0.0,0.018869999796152115],[0.0,0.0532200001180172,0.0,0.013919999822974205,0.03613999858498573,0.0,0.035610001534223557,0.033330000936985016,0.0,0.017470000311732292,0.18008999526500702,0.03999999910593033,0.0,0.0,0.030500000342726707,0.002689999993890524,0.0,0.023259999230504036,0.0,0.00892999954521656],[0.0,0.0,0.05383000150322914,0.0,0.08596999943256378,0.0,0.051500000059604645,0.022989999502897263,0.011389999650418758,0.0,0.02500000037252903,0.06074000149965286,0.0,0.01802000030875206,0.0007200000109151006,0.0,0.032099999487400055,0.03773999959230423,0.010099999606609344,0.0],[0.028869999572634697,0.0,0.10191000252962112,0.0,0.0,0.00007000000186963007,0.0,0.009619999676942825,0.043379999697208405,0.12482000142335892,0.0,0.0,0.05961000174283981,0.0,0.02068999968469143,0.00930000003427267,0.011359999887645245,0.0,0.027289999648928642,0.00989999994635582],[0.040869999676942825,0.0,0.009759999811649323,0.07238999754190445,0.0,0.012889999896287918,0.019610000774264336,0.0,0.030719999223947525,0.0,0.061420001089572906,0.03734000027179718,0.02150999940931797,0.00989999994635582,0.06392999738454819,0.0,0.0,0.0,0.0,0.021740000694990158],[0.009739999659359455,0.011429999954998493,0.08713000267744064,0.03855999931693077,0.0,0.10208000242710114,0.0013899999903514981,0.0,0.09694000333547592,0.08173999935388565,0.0,0.0,0.0,0.0,0.00892999954521656,0.00033000000985339284,0.009170000441372395,0.01923000067472458,0.0,0.0]],"frequency_matrix":[[0.45482999086380005,0.1436000019311905,0.061230000108480453,0.1436000019311905,0.0761599987745285,0.1436000019311905,0.02274000085890293,0.01205000001937151,0.05319000035524368,0.1436000019311905,0.4483700096607208,0.3562999963760376,0.00824000034481287,0.01030999980866909,0.04586999863386154,0.061230000108480453,0.0,0.02274000085890293,0.007670000195503235,0.006459999829530716],[0.3548400104045868,0.20420999825000763,0.04826999828219414,0.20420999825000763,0.02311999909579754,0.14381000399589539,0.020829999819397926,0.04236999899148941,0.02311999909579754,0.14381000399589539,0.23725999891757965,0.20419999957084656,0.009929999709129333,0.016529999673366547,0.04826999828219414,0.04826999828219414,0.0,0.0,0.0,0.03922000154852867],[0.2858699858188629,0.1311900019645691,0.06442999839782715,0.14285999536514282,0.06253000348806381,0.08719000220298767,0.00880999956279993,0.05654999986290932,0.0471699982881546,0.1311900019645691,0.2587999999523163,0.1882600039243698,0.0,0.03409000113606453,0.05654999986290932,0.06442999839782715,0.013949999585747719,0.00880999956279993,0.008009999990463257,0.027070000767707825],[0.4611699879169464,0.1231900006532669,0.05356999859213829,0.1231900006532669,0.11608000099658966,0.09910000115633011,0.03922000154852867,0.01075000036507845,0.01817999966442585,0.1231900006532669,0.4611699879169464,0.2937299907207489,0.008019999600946903,0.010200000368058681,0.04571999981999397,0.04571999981999397,0.0,0.0,0.04334000125527382,0.0],[0.5096200108528137,0.35201001167297363,0.11111000180244446,0.35201001167297363,0.10611999779939651,0.18321000039577484,0.04301000013947487,0.0,0.06306000053882599,0.27000001072883606,0.4665299952030182,0.3540000021457672,0.006409999914467335,0.029410000890493393,0.010420000180602074,0.02857000008225441,0.0,0.019999999552965164,0.0,0.018869999796152115],[0.47516998648643494,0.19607999920845032,0.06651999801397324,0.20999999344348907,0.03613999858498573,0.12538999319076538,0.05886999890208244,0.033330000936985016,0.0,0.14285999536514282,0.4662399888038635,0.25,0.0,0.0,0.06383000314235687,0.06651999801397324,0.0,0.023259999230504036,0.0,0.00892999954521656],[0.4101000130176544,0.19888000190258026,0.07754000276327133,0.19888000190258026,0.11537999659776688,0.19888000190258026,0.08923999965190887,0.022989999502897263,0.029410000890493393,0.19888000190258026,0.4101000130176544,0.2596200108528137,0.0,0.01802000030875206,0.02370000071823597,0.02370000071823597,0.032099999487400055,0.03773999959230423,0.010099999606609344,0.0],[0.4468100070953369,0.27775999903678894,0.1415099948644638,0.27775999903678894,0.043379999697208405,0.15294000506401062,0.0,0.009619999676942825,0.043379999697208405,0.27775999903678894,0.40803998708724976,0.27775999903678894,0.05961000174283981,0.0,0.030300000682473183,0.03959999978542328,0.011359999887645245,0.0,0.027289999648928642,0.00989999994635582],[0.40206000208854675,0.10619000345468521,0.07367999851703644,0.1785700023174286,0.040619999170303345,0.10619000345468521,0.019610000774264336,0.0,0.040619999170303345,0.10619000345468521,0.33945000171661377,0.21591000258922577,0.02150999940931797,0.00989999994635582,0.06392999738454819,0.06392999738454819,0.0,0.0,0.0,0.021740000694990158],[0.4666700065135956,0.3214299976825714,0.096390001475811,0.3599799871444702,0.09694000333547592,0.22825999557971954,0.02061999961733818,0.0,0.09694000333547592,0.3100000023841858,0.45691999793052673,0.3599799871444702,0.0,0.0,0.00892999954521656,0.009259999729692936,0.009170000441372395,0.01923000067472458,0.0,0.0]]}