{"objective":6394.04052734375,"runtime":0.0,"usage_matrix":[[0.05528999865055084,0.0,0.048340000212192535,0.023819999769330025,0.01583999954164028,0.029160000383853912,0.0,0.008569999597966671,0.03342999890446663,0.040070001035928726,0.043129999190568924,0.0,0.0,0.028200000524520874,0.0,0.0,0.0,0.0,0.0,0.010990000329911709],[0.0,0.019050000235438347,0.008369999937713146,0.0,0.0,0.061879999935626984,0.03531999886035919,0.013650000095367432,0.0,0.01792999915778637,0.0,0.037379998713731766,0.013829999603331089,0.03731999918818474,0.027939999476075172,0.0014700000174343586,0.026350000873208046,0.021050000563263893,0.0494999997317791,0.030300000682473183],[0.0,0.04039999842643738,0.01336000021547079,0.0,0.01816999912261963,0.090379998087883,0.0,0.005400000140070915,0.10141000151634216,0.0,0.0364999994635582,0.16738000512123108,0.0,0.0,0.0,0.0,0.0,0.0,0.009429999627172947,0.02655000053346157],[0.0,0.0,0.03725999966263771,0.0,0.03133999928832054,0.0,0.0,0.0,0.030489999800920486,0.0014900000533089042,0.0,0.02061999961733818,0.023350000381469727,0.04526999965310097,0.04456000030040741,0.02597999945282936,0.0,0.007899999618530273,0.0,0.0328500010073185],[0.0,0.0,0.010739999823272228,0.05553999915719032,0.0398700013756752,0.06027999892830849,0.0,0.0,0.01565999910235405,0.016669999808073044,0.0,0.0,0.01576000079512596,0.0,0.04538999870419502,0.0,0.0,0.004350000061094761,0.009089999832212925,0.013899999670684338],[0.06071000173687935,0.04210999980568886,0.002689999993890524,0.01939000003039837,0.0,0.0,0.03686000034213066,0.02969999983906746,0.06019999831914902,0.06972000002861023,0.04616999998688698,0.02751999907195568,0.0,0.00016999999934341758,0.024480000138282776,0.061980001628398895,0.026900000870227814,0.0,0.009259999729692936,0.0],[0.0,0.0,0.015259999781847,0.0,0.0,0.042830001562833786,0.0,0.04405000060796738,0.046390000730752945,0.016259999945759773,0.019050000235438347,0.0,0.06360000371932983,0.0,0.0,0.0,0.0,0.019050000235438347,0.01785999909043312,0.03570999950170517],[0.0,0.0,0.03926999866962433,0.03959000110626221,0.011819999665021896,0.0,0.002689999993890524,0.02741999924182892,0.0031999999191612005,0.03855999931693077,0.0945499986410141,0.024539999663829803,0.013620000332593918,0.0,0.007780000101774931,0.0,0.04805000126361847,0.020829999819397926,0.011239999905228615,0.023259999230504036],[0.05618000030517578,0.06061000004410744,0.0016599999507889152,0.03967000171542168,0.0,0.0,0.003220000071451068,0.027300000190734863,0.0,0.0,0.020829999819397926,0.03125,0.03274000063538551,0.03581999987363815,0.0,0.0,0.0,0.0,0.0961500033736229,0.028300000354647636],[0.0,0.006630000192672014,0.0,0.0669500008225441,0.016820000484585762,0.07312999665737152,0.06345000118017197,0.004600000102072954,0.0,0.0,0.03832999989390373,0.028680000454187393,0.0035800000187009573,0.0,0.0,0.0,0.0,0.09211000055074692,0.006990000139921904,0.01923000067472458]],"frequency_matrix":[[0.3368400037288666,0.0,0.04834999889135361,0.28154999017715454,0.03539999946951866,0.25773000717163086,0.04834999889135361,0.01955999992787838,0.22856999933719635,0.12381000071763992,0.043129999190568924,0.0,0.043129999190568924,0.19514000415802002,0.04834999889135361,0.01955999992787838,0.19514000415802002,0.0,0.0,0.010990000329911709],[0.40136998891830444,0.019050000235438347,0.07692000269889832,0.40136998891830444,0.04543000087141991,0.40136998891830444,0.11224000155925751,0.043960001319646835,0.3394800126552582,0.20353999733924866,0.021050000563263893,0.037379998713731766,0.03488000109791756,0.3131299912929535,0.1401900053024292,0.04543000087141991,0.3394800126552582,0.021050000563263893,0.0494999997317791,0.030300000682473183],[0.5089899897575378,0.04039999842643738,0.06319999694824219,0.5089899897575378,0.050119999796152115,0.5089899897575378,0.06319999694824219,0.031950000673532486,0.4185999929904938,0.1133200004696846,0.0364999994635582,0.16738000512123108,0.0364999994635582,0.3172000050544739,0.06319999694824219,0.031950000673532486,0.3172000050544739,0.0,0.009429999627172947,0.02655000053346157],[0.3010999858379364,0.0,0.03725999966263771,0.3010999858379364,0.09015999734401703,0.3010999858379364,0.03725999966263771,0.0328500010073185,0.3010999858379364,0.17347000539302826,0.007899999618530273,0.02061999961733818,0.03125,0.2706100046634674,0.08182000368833542,0.058820001780986786,0.2706100046634674,0.007899999618530273,0.0,0.0328500010073185],[0.28725001215934753,0.0,0.019829999655485153,0.28725001215934753,0.05375999957323074,0.23171000182628632,0.019829999655485153,0.013899999670684338,0.17143000662326813,0.13564999401569366,0.004350000061094761,0.0,0.020109999924898148,0.1557600051164627,0.06521999835968018,0.013899999670684338,0.1557600051164627,0.004350000061094761,0.009089999832212925,0.013899999670684338],[0.5178599953651428,0.04210999980568886,0.05404999852180481,0.4571399986743927,0.09167999774217606,0.4377500116825104,0.09091000258922577,0.02969999983906746,0.4377500116825104,0.27678999304771423,0.04616999998688698,0.02751999907195568,0.04616999998688698,0.35065001249313354,0.11537999659776688,0.09167999774217606,0.37755000591278076,0.0,0.009259999729692936,0.0],[0.32006001472473145,0.0,0.03311000019311905,0.32006001472473145,0.07976999878883362,0.32006001472473145,0.03311000019311905,0.07976999878883362,0.27722999453544617,0.1291400045156479,0.038100000470876694,0.0,0.10170000046491623,0.23083999752998352,0.03311000019311905,0.07976999878883362,0.23083999752998352,0.019050000235438347,0.01785999909043312,0.03570999950170517],[0.4064300060272217,0.0,0.05051000043749809,0.4064300060272217,0.0625,0.3668400049209595,0.05319000035524368,0.050680000334978104,0.3668400049209595,0.16203999519348145,0.11537999659776688,0.024539999663829803,0.12901000678539276,0.31558001041412354,0.06097999960184097,0.050680000334978104,0.3636400103569031,0.020829999819397926,0.011239999905228615,0.023259999230504036],[0.43373000621795654,0.06061000004410744,0.15841999650001526,0.37755000591278076,0.05559999868273735,0.3378799855709076,0.161640003323555,0.05559999868273735,0.3378799855709076,0.21724000573158264,0.020829999819397926,0.03125,0.05356999859213829,0.3378799855709076,0.161640003323555,0.05559999868273735,0.3378799855709076,0.0,0.0961500033736229,0.028300000354647636],[0.42048999667167664,0.006630000192672014,0.013609999790787697,0.42048999667167664,0.04064999893307686,0.35354000329971313,0.07705999910831451,0.023830000311136246,0.28040000796318054,0.11771000176668167,0.13042999804019928,0.028680000454187393,0.13401000201702118,0.28040000796318054,0.07705999910831451,0.023830000311136246,0.28040000796318054,0.09211000055074692,0.006990000139921904,0.01923000067472458]]}