{"objective":3929.461669921875,"runtime":0.0,"usage_matrix":[[0.0,0.06863000243902206,0.020409999415278435,0.011669999919831753,0.04123999923467636,0.04094000160694122,0.0,0.011359999887645245,0.010859999805688858,0.01916000060737133,0.02311999909579754,0.062380000948905945,0.018050000071525574,0.0,0.022220000624656677,0.04544999822974205,0.0019399999873712659,0.031619999557733536,0.0,0.015209999866783619],[0.0,0.06061000004410744,0.0,0.0,0.02223999984562397,0.08109000325202942,0.010979999788105488,0.0,0.010420000180602074,0.03838999941945076,0.0,0.019179999828338623,0.019419999793171883,0.0,0.0,0.008620000444352627,0.0012000000569969416,0.0,0.04871999844908714,0.008799999952316284],[0.0,0.020409999415278435,0.0,0.029610000550746918,0.04709000140428543,0.015469999983906746,0.0,0.004530000034719706,0.0,0.01931999996304512,0.05031000077724457,0.03720000013709068,0.023809999227523804,0.0,0.0,0.0,0.039480000734329224,0.017069999128580093,0.0,0.02355000004172325],[0.08445999771356583,0.008679999969899654,0.009800000116229057,0.0,0.07175000011920929,0.016979999840259552,0.0,0.0,0.0,0.01817999966442585,0.0,0.0,0.056129999458789825,0.02669999934732914,0.010479999706149101,0.009309999644756317,0.00023999999393709004,0.04052000120282173,0.01817999966442585,0.0],[0.03415999934077263,0.0,0.020409999415278435,0.0,0.003659999929368496,0.03547000139951706,0.0215000007301569,0.009949999861419201,0.0,0.0,0.0,0.022110000252723694,0.010200000368058681,0.0792199969291687,0.02159000001847744,0.05127999931573868,0.06829000264406204,0.0,0.00892999954521656,0.08490999788045883],[0.0,0.0,0.043859999626874924,0.015850000083446503,0.0,0.0013200000394135714,0.0,0.03922000154852867,0.024890000000596046,0.05998000130057335,0.06882999837398529,0.0,0.015270000323653221,0.0031500000040978193,0.04853999987244606,0.02118000015616417,0.0,0.018640000373125076,0.0,0.08076000213623047],[0.02841000072658062,0.0,0.009709999896585941,0.009800000116229057,0.0,0.0,0.0038999998942017555,0.03999999910593033,0.02484999969601631,0.03158000111579895,0.0,0.0,0.0005000000237487257,0.1031000018119812,0.0,0.09258999675512314,0.055399999022483826,0.022989999502897263,0.009519999846816063,0.017090000212192535],[0.0,0.009800000116229057,0.019999999552965164,0.0,0.0003600000054575503,0.0,0.01924999989569187,0.04210999980568886,0.0059899999760091305,0.028999999165534973,0.13492000102996826,0.002240000059828162,0.04329000040888786,0.03133999928832054,0.0,0.011359999887645245,0.021449999883770943,0.011359999887645245,0.032930001616477966,0.03562000021338463],[0.0,0.0,0.09337999671697617,0.03158000111579895,0.0,0.006579999811947346,0.022779999300837517,0.03269999846816063,0.0,0.0,0.0,0.007249999791383743,0.0,0.0,0.0,0.04098000004887581,0.02947000041604042,0.0,0.0,0.0],[0.07655999809503555,0.009709999896585941,0.03210999816656113,0.0,0.08524999767541885,0.02061999961733818,0.0,0.0427899993956089,0.0,0.0,0.0,0.0007099999929778278,0.0,0.0,0.042490001767873764,0.0,0.0,0.018929999321699142,0.038100000470876694,0.009089999832212925]],"frequency_matrix":[[0.4442799985408783,0.06863000243902206,0.020409999415278435,0.011669999919831753,0.08163999766111374,0.0631600022315979,0.04329000040888786,0.011359999887645245,0.022220000624656677,0.01916000060737133,0.23343999683856964,0.17645999789237976,0.03846000134944916,0.12494000047445297,0.022220000624656677,0.04544999822974205,0.04039999842643738,0.031619999557733536,0.0,0.015209999866783619],[0.32965999841690063,0.06061000004410744,0.0,0.0,0.0428600013256073,0.09150999784469604,0.010979999788105488,0.0,0.010420000180602074,0.03838999941945076,0.14534999430179596,0.08839999884366989,0.019419999793171883,0.05384000018239021,0.0,0.008620000444352627,0.02061999961733818,0.0,0.04871999844908714,0.008799999952316284],[0.32785001397132874,0.020409999415278435,0.0,0.029610000550746918,0.11038000136613846,0.019999999552965164,0.04668999835848808,0.004530000034719706,0.004530000034719706,0.01931999996304512,0.2273699939250946,0.05761000141501427,0.023809999227523804,0.15705999732017517,0.0,0.0,0.06328999996185303,0.017069999128580093,0.0,0.02355000004172325],[0.37143000960350037,0.008679999969899654,0.009800000116229057,0.0,0.1379300057888031,0.016979999840259552,0.04052000120282173,0.0,0.0,0.01817999966442585,0.23261000216007233,0.017990000545978546,0.06593000143766403,0.20514999330043793,0.010479999706149101,0.009309999644756317,0.06617999821901321,0.04052000120282173,0.01817999966442585,0.0],[0.4717000126838684,0.0,0.020409999415278435,0.0,0.10255999863147736,0.045419998466968536,0.02150999940931797,0.009949999861419201,0.009949999861419201,0.0,0.2703000009059906,0.07338999956846237,0.03061000071465969,0.20329000055789948,0.02159000001847744,0.05127999931573868,0.09889999777078629,0.0,0.00892999954521656,0.08490999788045883],[0.4415000081062317,0.0,0.043859999626874924,0.015850000083446503,0.059130001813173294,0.065420001745224,0.03449000045657158,0.03922000154852867,0.0640999972820282,0.05998000130057335,0.2795700132846832,0.02118000015616417,0.059130001813173294,0.09677000343799591,0.04853999987244606,0.02118000015616417,0.059130001813173294,0.018640000373125076,0.0,0.08076000213623047],[0.44944000244140625,0.0,0.009709999896585941,0.009800000116229057,0.06560999900102615,0.06485000252723694,0.03669999912381172,0.03999999910593033,0.06485000252723694,0.03158000111579895,0.27024999260902405,0.09258999675512314,0.010200000368058681,0.2054000049829483,0.0,0.09258999675512314,0.06560999900102615,0.022989999502897263,0.009519999846816063,0.017090000212192535],[0.4510299861431122,0.009800000116229057,0.019999999552965164,0.0,0.08511000126600266,0.048089999705553055,0.03061000071465969,0.04210999980568886,0.048089999705553055,0.028999999165534973,0.33006998896598816,0.023399999365210533,0.06328999996185303,0.14706000685691833,0.0,0.011359999887645245,0.08474999666213989,0.011359999887645245,0.032930001616477966,0.03562000021338463],[0.2647300064563751,0.0,0.09337999671697617,0.03158000111579895,0.12285000085830688,0.0392800010740757,0.05435999855399132,0.03269999846816063,0.03269999846816063,0.0,0.21649999916553497,0.04822999984025955,0.09337999671697617,0.1772100031375885,0.0,0.04098000004887581,0.12285000085830688,0.0,0.0,0.0],[0.37634000182151794,0.009709999896585941,0.03210999816656113,0.0,0.11736000329256058,0.06340000033378601,0.018929999321699142,0.0427899993956089,0.0427899993956089,0.0,0.2421800047159195,0.010420000180602074,0.03210999816656113,0.13628999888896942,0.042490001767873764,0.0,0.03210999816656113,0.018929999321699142,0.038100000470876694,0.009089999832212925]]}