{"objective":5055.88330078125,"runtime":0.0,"usage_matrix":[[0.05981000140309334,0.0,0.02402999997138977,0.010859999805688858,0.0,0.001970000099390745,0.05234000086784363,0.0,0.0,0.06261999905109406,0.0,0.005619999952614307,0.0,0.03604000061750412,0.00810999982059002,0.0,0.010099999606609344,0.011629999615252018,0.03297000005841255,0.017240000888705254],[0.0,0.019829999655485153,0.0,0.010200000368058681,0.017389999702572823,0.0,0.0,0.0,0.025539999827742577,0.017960000783205032,0.0,0.0,0.0762299969792366,0.0,0.0,0.0,0.03570999950170517,0.08036000281572342,0.024210000410676003,0.01882000081241131],[0.013199999928474426,0.019379999488592148,0.0,0.01075000036507845,0.018519999459385872,0.0,0.0731699988245964,0.09137000143527985,0.005330000072717667,0.0693499967455864,0.0,0.0494999997317791,0.016920000314712524,0.03432000055909157,0.0,0.0,0.009800000116229057,0.008220000192523003,0.0,0.010169999673962593],[0.07812000066041946,0.009619999676942825,0.09378000348806381,0.06604000180959702,0.010639999993145466,0.0544000007212162,0.03725999966263771,0.0,0.033810000866651535,0.0318400003015995,0.0,0.0,0.023840000852942467,0.05940999835729599,0.0,0.019050000235438347,0.018689999356865883,0.0,0.0,0.00989999994635582],[0.0,0.06496000289916992,0.005710000172257423,0.0,0.017109999433159828,0.042089998722076416,0.05778000131249428,0.0,0.0,0.0,0.0,0.0,0.0451200008392334,0.019610000774264336,0.0,0.03125,0.0,0.019999999552965164,0.006519999820739031,0.011760000139474869],[0.0,0.005200000014156103,0.08897999674081802,0.02751999907195568,0.0,0.03392000123858452,0.0,0.050039999186992645,0.07332000136375427,0.0,0.0,0.012350000441074371,0.0,0.03370999917387962,0.07438000291585922,0.0,0.02556999959051609,0.00989999994635582,0.01923000067472458,0.00901000015437603],[0.0,0.021409999579191208,0.05330999940633774,0.026319999247789383,0.009519999846816063,0.0,0.023900000378489494,0.0,0.032340001314878464,0.041519999504089355,0.029370000585913658,0.07089000195264816,0.0,0.0051299999468028545,0.0,0.027809999883174896,0.09677000343799591,0.02295999974012375,0.0,0.0],[0.06471999734640121,0.0,0.0,0.019050000235438347,0.0,0.0,0.0,0.0,0.026820000261068344,0.01769999973475933,0.04774000123143196,0.02783999964594841,0.0,0.0,0.0,0.013389999978244305,0.0,0.05784999951720238,0.009429999627172947,0.008940000087022781],[0.0,0.04822999984025955,0.018060000613331795,0.020150000229477882,0.0,0.08154000341892242,0.0,0.0,0.0,0.04069000110030174,0.0,0.08122000098228455,0.0,0.0,0.0,0.017839999869465828,0.009519999846816063,0.0,0.03158000111579895,0.03061000071465969],[0.0,0.0,0.08628000319004059,0.010529999621212482,0.0,0.03553000092506409,0.024229999631643295,0.0,0.007290000095963478,0.04568000137805939,0.0,0.029009999707341194,0.0,0.028850000351667404,0.0,0.044530000537633896,0.02727000042796135,0.03092999942600727,0.0,0.010529999621212482]],"frequency_matrix":[[0.3333300054073334,0.066880002617836,0.09091000258922577,0.010859999805688858,0.0,0.066880002617836,0.13592000305652618,0.13760000467300415,0.010859999805688858,0.07272999733686447,0.08358000218868256,0.038589999079704285,0.13760000467300415,0.03604000061750412,0.09901999682188034,0.0,0.010099999606609344,0.011629999615252018,0.03297000005841255,0.017240000888705254],[0.3262600004673004,0.11901000142097473,0.11901000142097473,0.010200000368058681,0.017389999702572823,0.09917999804019928,0.10681000351905823,0.14322000741958618,0.05313999950885773,0.053679998964071274,0.10681000351905823,0.024210000410676003,0.2194499969482422,0.0,0.11901000142097473,0.0,0.03570999950170517,0.08036000281572342,0.024210000410676003,0.01882000081241131],[0.4300000071525574,0.07208999991416931,0.07208999991416931,0.01075000036507845,0.018519999459385872,0.05270000174641609,0.18692000210285187,0.21296000480651855,0.03460000082850456,0.0791499987244606,0.11375000327825546,0.0494999997317791,0.22989000380039215,0.03432000055909157,0.07208999991416931,0.0,0.009800000116229057,0.008220000192523003,0.0,0.010169999673962593],[0.5463899970054626,0.13333000242710114,0.22710999846458435,0.06604000180959702,0.010639999993145466,0.12370999902486801,0.19828000664710999,0.22710999846458435,0.11048000305891037,0.050530001521110535,0.16101999580860138,0.0,0.27000001072883606,0.05940999835729599,0.22710999846458435,0.019050000235438347,0.018689999356865883,0.0,0.0,0.00989999994635582],[0.32190999388694763,0.15841999650001526,0.16413000226020813,0.0,0.017109999433159828,0.09346000105142593,0.07490000128746033,0.17065000534057617,0.017109999433159828,0.0,0.017109999433159828,0.006519999820739031,0.2470099925994873,0.019610000774264336,0.16413000226020813,0.03125,0.0,0.019999999552965164,0.006519999820739031,0.011760000139474869],[0.46312999725341797,0.09173999726772308,0.1807200014591217,0.02751999907195568,0.0,0.08653999865055084,0.12640999257564545,0.33671998977661133,0.10085000097751617,0.02556999959051609,0.12640999257564545,0.03158000111579895,0.33671998977661133,0.03370999917387962,0.2551000118255615,0.0,0.02556999959051609,0.00989999994635582,0.01923000067472458,0.00901000015437603],[0.46125999093055725,0.0494999997317791,0.10281000286340714,0.026319999247789383,0.009519999846816063,0.02809000015258789,0.25975000858306885,0.17371000349521637,0.06818000227212906,0.13830000162124634,0.2358500063419342,0.07089000195264816,0.2015099972486496,0.0051299999468028545,0.10281000286340714,0.027809999883174896,0.09677000343799591,0.02295999974012375,0.0,0.0],[0.2934800088405609,0.06678999960422516,0.06678999960422516,0.019050000235438347,0.0,0.06678999960422516,0.11130999773740768,0.10406000167131424,0.04586999863386154,0.01769999973475933,0.11130999773740768,0.03726999834179878,0.11745999753475189,0.0,0.06678999960422516,0.013389999978244305,0.0,0.05784999951720238,0.009429999627172947,0.008940000087022781],[0.37942999601364136,0.16038000583648682,0.1784300059080124,0.020150000229477882,0.0,0.11214999854564667,0.07035999745130539,0.2912299931049347,0.020150000229477882,0.050209999084472656,0.07035999745130539,0.1128000020980835,0.30906999111175537,0.0,0.1784300059080124,0.017839999869465828,0.009519999846816063,0.0,0.03158000111579895,0.03061000071465969],[0.3806599974632263,0.10582999885082245,0.19211000204086304,0.010529999621212482,0.0,0.10582999885082245,0.11501000076532364,0.22111999988555908,0.017820000648498535,0.07294999808073044,0.09077999740839005,0.029009999707341194,0.2656500041484833,0.028850000351667404,0.19211000204086304,0.044530000537633896,0.02727000042796135,0.03092999942600727,0.0,0.010529999621212482]]}