{"objective":3991.103515625,"runtime":0.0,"usage_matrix":[[0.05406000092625618,0.0,0.0,0.00989999994635582,0.012889999896287918,0.029410000890493393,0.05217000097036362,0.04628000035881996,0.0,0.0,0.03700000047683716,0.028039999306201935,0.0,0.06266999989748001,0.07850000262260437,0.009429999627172947,0.01140000019222498,0.0,0.029999999329447746,0.03824999928474426],[0.0,0.012149999849498272,0.0,0.0,0.10930000245571136,0.03277000039815903,0.0,0.010639999993145466,0.0,0.028020000085234642,0.0012499999720603228,0.012190000154078007,0.06363999843597412,0.0,0.043859999626874924,0.0,0.02061999961733818,0.0,0.03448000177741051,0.022220000624656677],[0.0,0.007939999923110008,0.13802999258041382,0.019610000774264336,0.03407999873161316,0.0,0.01696000061929226,0.00901000015437603,0.0,0.057339999824762344,0.0,0.017580000683665276,0.04255000129342079,0.0,0.024299999698996544,0.009349999949336052,0.0,0.009089999832212925,0.0,0.0],[0.013179999776184559,0.04837999865412712,0.05641999840736389,0.05857999995350838,0.0,0.0,0.00877000018954277,0.03125,0.038350000977516174,0.0724399983882904,0.05268999934196472,0.007840000092983246,0.032519999891519547,0.0,0.0,0.007619999814778566,0.0,0.009259999729692936,0.06522999703884125,0.01075000036507845],[0.02418999932706356,0.04546999931335449,0.0,0.0,0.0,0.022390000522136688,0.019050000235438347,0.029999999329447746,0.041019998490810394,0.01372000016272068,0.027620000764727592,0.0,0.0,0.006680000107735395,0.09245000034570694,0.0,0.0,0.030209999531507492,0.02061999961733818,0.010420000180602074],[0.005379999987781048,0.0,0.010370000265538692,0.0016799999866634607,0.0,0.08620999753475189,0.0,0.0,0.022190000861883163,0.011780000291764736,0.023900000378489494,0.0,0.022830000147223473,0.02979999966919422,0.0,0.0,0.0,0.015440000221133232,0.0,0.04878000169992447],[0.05215999856591225,0.0,0.0,0.01030999980866909,0.008329999633133411,0.0005600000149570405,0.01979999989271164,0.0067900000140070915,0.01030999980866909,0.0,0.0,0.01355000026524067,0.0,0.07430999726057053,0.06164000183343887,0.0,0.012160000391304493,0.04706000164151192,0.01030999980866909,0.05200999975204468],[0.0,0.002369999885559082,0.010859999805688858,0.010420000180602074,0.08076000213623047,0.01104000024497509,0.008070000447332859,0.02019999921321869,0.0,0.04179000109434128,0.0,0.026340000331401825,0.010529999621212482,0.0,0.06296999752521515,0.026319999247789383,0.004610000178217888,0.0319099985063076,0.009800000116229057,0.0],[0.006670000031590462,0.03610999882221222,0.0,0.01817999966442585,0.02377999946475029,0.0,0.0,0.0,0.00892999954521656,0.0,0.0,0.004819999914616346,0.009429999627172947,0.03472999855875969,0.07626999914646149,0.0625,0.04675000160932541,0.034779999405145645,0.06741999834775925,0.0],[0.0,0.0030900000128895044,0.0,0.009709999896585941,0.014340000227093697,0.02020999975502491,0.0,0.01817999966442585,0.010639999993145466,0.0,0.026969999074935913,0.006810000166296959,0.0,0.0,0.026019999757409096,0.011629999615252018,0.011070000007748604,0.03528999909758568,0.0,0.010449999943375587]],"frequency_matrix":[[0.5,0.04628000035881996,0.08327999711036682,0.00989999994635582,0.05082999914884567,0.05940999835729599,0.05217000097036362,0.04628000035881996,0.0,0.08907999843358994,0.08327999711036682,0.028039999306201935,0.0,0.24527999758720398,0.18261000514030457,0.009429999627172947,0.020829999819397926,0.0,0.029999999329447746,0.03824999928474426],[0.39114001393318176,0.08641999959945679,0.08766999840736389,0.0,0.12150000035762787,0.06724999845027924,0.0,0.010639999993145466,0.0,0.17173999547958374,0.08766999840736389,0.012199999764561653,0.06363999843597412,0.1521500051021576,0.1521500051021576,0.0,0.02061999961733818,0.0,0.03448000177741051,0.022220000624656677],[0.3858399987220764,0.05950000137090683,0.19753000140190125,0.019610000774264336,0.08036000281572342,0.0,0.01696000061929226,0.00901000015437603,0.0,0.13770000636577606,0.05950000137090683,0.026669999584555626,0.04255000129342079,0.23117999732494354,0.23117999732494354,0.009349999949336052,0.009349999949336052,0.009089999832212925,0.0,0.0],[0.5132700204849243,0.11214999854564667,0.2212499976158142,0.05857999995350838,0.07568000257015228,0.06522999703884125,0.00877000018954277,0.03125,0.038350000977516174,0.15887999534606934,0.1648399978876114,0.017100000753998756,0.032519999891519547,0.26721999049186707,0.26721999049186707,0.007619999814778566,0.04597000032663345,0.009259999729692936,0.06522999703884125,0.01075000036507845],[0.38383999466896057,0.07547000050544739,0.10309000313282013,0.0,0.030209999531507492,0.04301000013947487,0.019050000235438347,0.029999999329447746,0.041019998490810394,0.054349999874830246,0.10309000313282013,0.030209999531507492,0.0,0.24323999881744385,0.23656000196933746,0.0,0.041019998490810394,0.030209999531507492,0.02061999961733818,0.010420000180602074],[0.27834999561309814,0.022830000147223473,0.057100001722574234,0.0016799999866634607,0.017109999433159828,0.08620999753475189,0.0,0.0,0.022190000861883163,0.07767000049352646,0.04673000052571297,0.015440000221133232,0.022830000147223473,0.10909000039100647,0.0792900025844574,0.0,0.022190000861883163,0.015440000221133232,0.0,0.04878000169992447],[0.3793100118637085,0.0067900000140070915,0.0067900000140070915,0.01030999980866909,0.07925000041723251,0.010870000347495079,0.01979999989271164,0.0067900000140070915,0.01030999980866909,0.1312599927186966,0.0067900000140070915,0.06061000004410744,0.0,0.1652200073003769,0.09091000258922577,0.0,0.02246999926865101,0.04706000164151192,0.01030999980866909,0.05200999975204468],[0.35798001289367676,0.03310000151395798,0.043960001319646835,0.010420000180602074,0.14943000674247742,0.02085000090301037,0.008070000447332859,0.02019999921321869,0.0,0.19121000170707703,0.03310000151395798,0.05824999883770943,0.010529999621212482,0.1378600001335144,0.1378600001335144,0.026319999247789383,0.03092999942600727,0.0319099985063076,0.009800000116229057,0.0],[0.4303799867630005,0.04554999992251396,0.04554999992251396,0.01817999966442585,0.08156000077724457,0.06741999834775925,0.0,0.0,0.00892999954521656,0.08156000077724457,0.04554999992251396,0.03959999978542328,0.009429999627172947,0.27472999691963196,0.23999999463558197,0.0625,0.11817999929189682,0.034779999405145645,0.06741999834775925,0.0],[0.20442000031471252,0.02127999998629093,0.048239998519420624,0.009709999896585941,0.06616000086069107,0.02020999975502491,0.0,0.01817999966442585,0.010639999993145466,0.07660000026226044,0.048239998519420624,0.04210999980568886,0.0,0.10760000348091125,0.10760000348091125,0.011629999615252018,0.033330000936985016,0.03528999909758568,0.0,0.010449999943375587]]}