{"objective":6004.26416015625,"runtime":0.0,"usage_matrix":[[0.06356000155210495,0.05682000145316124,0.011110000312328339,0.0,0.02449999935925007,0.02653999999165535,0.0,0.09467999637126923,0.0,0.0,0.009089999832212925,0.0,0.027969999238848686,0.01592000015079975,0.09702999889850616,0.031550001353025436,0.0,0.0,0.004530000034719706,0.01817999966442585],[0.01281999982893467,0.0,0.0,0.04763000085949898,0.018160000443458557,0.07167000323534012,0.0,0.0,0.07357999682426453,0.0,0.0,0.010200000368058681,0.07094000279903412,0.0,0.03392000123858452,0.0,0.0,0.007230000104755163,0.0,0.0],[0.024380000308156013,0.04464000090956688,0.00989999994635582,0.01496999990195036,0.06078999862074852,0.0,0.060430001467466354,0.07241000235080719,0.0,0.0016700000269338489,0.0,0.0,0.01307000033557415,0.007960000075399876,0.021290000528097153,0.0,0.02263999916613102,0.0,0.0,0.0],[0.0,0.0,0.01498000044375658,0.010870000347495079,0.04227999970316887,0.0,0.05640000104904175,0.0,0.02020999975502491,0.028379999101161957,0.010529999621212482,0.07309000194072723,0.048659998923540115,0.0,0.05559000000357628,0.0,0.005810000002384186,0.02531999908387661,0.03370999917387962,0.019829999655485153],[0.1614599972963333,0.008259999565780163,0.02019999921321869,0.02954999916255474,0.0,0.0,0.0,0.0,0.0,0.0,0.02857000008225441,0.0384799987077713,0.14403000473976135,0.041019998490810394,0.05274000018835068,0.029330000281333923,0.0,0.008170000277459621,0.02061999961733818,0.01537999976426363],[0.0,0.021740000694990158,0.029999999329447746,0.03830999881029129,0.009410000406205654,0.03125,0.03742000088095665,0.0,0.0,0.0,0.0,0.03999999910593033,0.0,0.017990000545978546,0.0025599999353289604,0.0,0.026000000536441803,0.017389999702572823,0.0,0.03229000046849251],[0.0033499998971819878,0.02353999949991703,0.021700000390410423,0.08303999900817871,0.0,0.0,0.047109998762607574,0.0,0.0,0.0,0.0,0.06105000153183937,0.0,0.0,0.0,0.0822099968791008,0.11787000298500061,0.0,0.03125,0.009999999776482582],[0.0,0.01384000014513731,0.01205000001937151,0.015869999304413795,0.0,0.05999999865889549,0.0,0.007470000069588423,0.0,0.08775000274181366,0.0,0.05996999889612198,0.0003499999875202775,0.00646999990567565,0.0,0.009429999627172947,0.02239999920129776,0.0,0.010420000180602074,0.0],[0.0,0.0,0.0,0.02905000001192093,0.04699999839067459,0.09523999691009521,0.0,0.001290000043809414,0.008150000125169754,0.0,0.009519999846816063,0.0,0.0008500000112690032,0.011490000411868095,0.02857000008225441,0.0,0.006829999852925539,0.019610000774264336,0.0,0.0008999999845400453],[0.0,0.0,0.017090000212192535,0.009279999881982803,0.0,0.04210999980568886,0.014879999682307243,0.03914999961853027,0.021609999239444733,0.0,0.00892999954521656,0.007269999943673611,0.023919999599456787,0.015159999951720238,0.016529999673366547,0.060029998421669006,0.09983000159263611,0.0,0.0,0.049320001155138016]],"frequency_matrix":[[0.4814800024032593,0.05682000145316124,0.011110000312328339,0.41791999340057373,0.41791999340057373,0.02653999999165535,0.41791999340057373,0.38888999819755554,0.41791999340057373,0.41791999340057373,0.009089999832212925,0.004530000034719706,0.054999999701976776,0.02703000046312809,0.1538500040769577,0.058820001780986786,0.08154000341892242,0.0,0.004530000034719706,0.02727000042796135],[0.3461500108242035,0.0,0.0,0.3333300054073334,0.21211999654769897,0.07167000323534012,0.2856999933719635,0.1837500035762787,0.2856999933719635,0.2856999933719635,0.0,0.010200000368058681,0.07094000279903412,0.0,0.03392000123858452,0.0,0.14983999729156494,0.007230000104755163,0.0,0.0],[0.3541699945926666,0.04464000090956688,0.00989999994635582,0.32978999614715576,0.2527100145816803,0.0,0.31481000781059265,0.19191999733448029,0.2527100145816803,0.25439000129699707,0.0,0.0,0.03092999942600727,0.01785999909043312,0.06593000143766403,0.0,0.05356999859213829,0.0,0.0,0.0],[0.44565001130104065,0.0,0.01498000044375658,0.44565001130104065,0.32978999614715576,0.0,0.4347800016403198,0.1807200014591217,0.3499999940395355,0.3783800005912781,0.010529999621212482,0.10679999738931656,0.06363999843597412,0.01498000044375658,0.05559000000357628,0.03034999966621399,0.09476999938488007,0.02531999908387661,0.03370999917387962,0.03034999966621399],[0.5978299975395203,0.008259999565780163,0.02019999921321869,0.4363600015640259,0.4068099856376648,0.0,0.4068099856376648,0.3477100133895874,0.4068099856376648,0.4068099856376648,0.02857000008225441,0.05909999832510948,0.20524999499320984,0.06122000142931938,0.06100999936461449,0.07327999919652939,0.21342000365257263,0.008170000277459621,0.02061999961733818,0.043960001319646835],[0.3043699860572815,0.021740000694990158,0.029999999329447746,0.3043699860572815,0.22863000631332397,0.03125,0.2660599946975708,0.1792300045490265,0.22863000631332397,0.22863000631332397,0.0,0.03999999910593033,0.04799000173807144,0.04799000173807144,0.024299999698996544,0.03229000046849251,0.12263000011444092,0.017389999702572823,0.0,0.03229000046849251],[0.4811300039291382,0.02353999949991703,0.021700000390410423,0.4777800142765045,0.34762001037597656,0.0,0.3947399854660034,0.25532999634742737,0.34762001037597656,0.34762001037597656,0.0,0.09229999780654907,0.021700000390410423,0.021700000390410423,0.02353999949991703,0.09221000224351883,0.13957999646663666,0.0,0.03125,0.009999999776482582],[0.30601000785827637,0.01384000014513731,0.01205000001937151,0.30601000785827637,0.20239000022411346,0.05999999865889549,0.2901400029659271,0.13200999796390533,0.20239000022411346,0.2901400029659271,0.0,0.07038000226020813,0.018869999796152115,0.018519999459385872,0.01384000014513731,0.009429999627172947,0.10126999765634537,0.0,0.010420000180602074,0.0],[0.2585200071334839,0.0,0.0,0.2585200071334839,0.22131000459194183,0.09523999691009521,0.2294600009918213,0.17430999875068665,0.2294600009918213,0.2294600009918213,0.009519999846816063,0.0,0.012350000441074371,0.011490000411868095,0.02857000008225441,0.01042999979108572,0.13402000069618225,0.019610000774264336,0.0,0.01042999979108572],[0.4251199960708618,0.0,0.017090000212192535,0.4251199960708618,0.3793500065803528,0.04210999980568886,0.4158399999141693,0.372079998254776,0.4009599983692169,0.4009599983692169,0.00892999954521656,0.007269999943673611,0.05618000030517578,0.032260000705718994,0.016529999673366547,0.11828000098466873,0.19810999929904938,0.0,0.0,0.05824999883770943]]}