{"objective":4502.0458984375,"runtime":0.0,"usage_matrix":[[0.06168000027537346,0.0,0.0,0.0,0.04610000178217888,0.0,0.0045900000259280205,0.05999999865889549,0.0,0.0,0.0,0.0,0.0,0.0,0.010329999960958958,0.0,0.019610000774264336,0.005530000198632479,0.0,0.04747999832034111],[0.01840999908745289,0.029410000890493393,0.0,0.0,0.021400000900030136,0.0,0.0,0.012199999764561653,0.004569999873638153,0.06686999648809433,0.0,0.0024300001095980406,0.002050000010058284,0.058789998292922974,0.016140000894665718,0.0,0.04751000180840492,0.004170000087469816,0.0,0.08561000227928162],[0.0,0.0,0.05138000100851059,0.016090000048279762,0.021980000659823418,0.008190000429749489,0.0025599999353289604,0.0,0.009349999949336052,0.021220000460743904,0.12020000070333481,0.05130000039935112,0.0,0.011359999887645245,0.03282000124454498,0.015159999951720238,0.04673000052571297,0.03260999917984009,0.0,0.0],[0.0,0.04628999903798103,0.0,0.0,0.03872000053524971,0.0,0.01621999964118004,0.0,0.009619999676942825,0.0,0.0,0.10231000185012817,0.021549999713897705,0.0,0.05285999923944473,0.08332999795675278,0.0,0.0,0.0,0.023809999227523804],[0.0,0.11649999767541885,0.012659999541938305,0.0,0.029410000890493393,0.0,0.027130000293254852,0.0,0.0,0.0,0.0843299999833107,0.0,0.004370000213384628,0.0,0.0,0.010200000368058681,0.0006200000061653554,0.04464000090956688,0.06402000039815903,0.0],[0.0,0.009259999729692936,0.0033499998971819878,0.008009999990463257,0.03448000177741051,0.03491999953985214,0.008059999905526638,0.01979999989271164,0.010990000329911709,0.016899999231100082,0.0,0.0,0.0,0.02425999939441681,0.00872000027447939,0.03905000165104866,0.05796999856829643,0.010990000329911709,0.04202000051736832,0.0],[0.08488000184297562,0.009170000441372395,0.0,0.0,0.007410000078380108,0.0,0.0,0.008980000391602516,0.011260000057518482,0.0,0.03813000023365021,0.027170000597834587,0.0626399964094162,0.0,0.0,0.00989999994635582,0.00005999999848427251,0.0,0.017489999532699585,0.019610000774264336],[0.022460000589489937,0.0319099985063076,0.03723999857902527,0.0,0.0,0.0,0.0002300000051036477,0.0,0.009429999627172947,0.0,0.0,0.02184000052511692,0.028689999133348465,0.023429999127984047,0.01075000036507845,0.0,0.021849999204277992,0.0,0.017340000718832016,0.05552000179886818],[0.0,0.0,0.019680000841617584,0.07029999792575836,0.0,0.00406000018119812,0.0,0.0,0.0,0.004220000002533197,0.0,0.0,0.034630000591278076,0.02060999907553196,0.008419999852776527,0.008469999767839909,0.03158000111579895,0.0,0.021740000694990158,0.02428000047802925],[0.0,0.0,0.08222000300884247,0.05065999925136566,0.043960001319646835,0.04089999943971634,0.062150001525878906,0.0,0.05000000074505806,0.0019000000320374966,0.0,0.0029299999587237835,0.0,0.009789999574422836,0.0,0.004889999981969595,0.051430001854896545,0.07229000329971313,0.018519999459385872,0.0]],"frequency_matrix":[[0.2553200125694275,0.0,0.05163000151515007,0.0,0.04610000178217888,0.08992999792098999,0.0045900000259280205,0.05999999865889549,0.0,0.14201000332832336,0.13741999864578247,0.14201000332832336,0.0,0.08992999792098999,0.08992999792098999,0.0,0.019610000774264336,0.005530000198632479,0.0,0.04747999832034111],[0.3695699870586395,0.029410000890493393,0.027629999443888664,0.002050000010058284,0.021400000900030136,0.16405999660491943,0.004569999873638153,0.012199999764561653,0.004569999873638153,0.32109999656677246,0.24966000020503998,0.323529988527298,0.002050000010058284,0.16405999660491943,0.10525999963283539,0.0,0.07692000269889832,0.004170000087469816,0.0,0.08561000227928162],[0.4409500062465668,0.0,0.13721999526023865,0.03125,0.021980000659823418,0.09910000115633011,0.011900000274181366,0.0,0.009349999949336052,0.2524299919605255,0.21930000185966492,0.30371999740600586,0.015159999951720238,0.09091000258922577,0.07954999804496765,0.015159999951720238,0.04673000052571297,0.03260999917984009,0.0,0.0],[0.3947100043296814,0.04628999903798103,0.14361000061035156,0.10488999634981155,0.03872000053524971,0.09916000068187714,0.025830000638961792,0.0,0.009619999676942825,0.14879000186920166,0.12296000123023987,0.2511099874973297,0.10488999634981155,0.09916000068187714,0.09916000068187714,0.08332999795675278,0.04628999903798103,0.0,0.0,0.023809999227523804],[0.3938800096511841,0.11649999767541885,0.10129000246524811,0.014580000191926956,0.029410000890493393,0.11711999773979187,0.027130000293254852,0.0,0.0,0.29260000586509705,0.20145000517368317,0.29260000586509705,0.014580000191926956,0.11711999773979187,0.11711999773979187,0.010200000368058681,0.11711999773979187,0.04464000090956688,0.06402000039815903,0.0],[0.3287700116634369,0.009259999729692936,0.09588000178337097,0.04706000164151192,0.03448000177741051,0.15491999685764313,0.019050000235438347,0.01979999989271164,0.010990000329911709,0.23288999497890472,0.15491999685764313,0.23288999497890472,0.03905000165104866,0.11999999731779099,0.09573999792337418,0.03905000165104866,0.06723000109195709,0.010990000329911709,0.04202000051736832,0.0],[0.29670000076293945,0.009170000441372395,0.07996000349521637,0.07254000008106232,0.007410000078380108,0.018209999427199364,0.011260000057518482,0.008980000391602516,0.011260000057518482,0.1046999990940094,0.07594999670982361,0.13187000155448914,0.07254000008106232,0.018209999427199364,0.018209999427199364,0.00989999994635582,0.009229999966919422,0.0,0.017489999532699585,0.019610000774264336],[0.2806999981403351,0.0319099985063076,0.06593000143766403,0.028689999133348465,0.0,0.08793999999761581,0.00965999998152256,0.0,0.009429999627172947,0.1704699993133545,0.1434600055217743,0.19231000542640686,0.028689999133348465,0.08793999999761581,0.06452000141143799,0.0,0.05375999957323074,0.0,0.017340000718832016,0.05552000179886818],[0.24798999726772308,0.0,0.13308000564575195,0.11339999735355377,0.0,0.06465999782085419,0.0,0.0,0.0,0.11490000039339066,0.08895000070333481,0.11490000039339066,0.04309999942779541,0.06061000004410744,0.03999999910593033,0.008469999767839909,0.03158000111579895,0.0,0.021740000694990158,0.02428000047802925],[0.49164000153541565,0.0,0.25402000546455383,0.055560000240802765,0.043960001319646835,0.10211999714374542,0.11214999854564667,0.0,0.05000000074505806,0.23468999564647675,0.10211999714374542,0.23761999607086182,0.004889999981969595,0.06122000142931938,0.051430001854896545,0.004889999981969595,0.051430001854896545,0.07229000329971313,0.018519999459385872,0.0]]}