{"objective":6022.37890625,"runtime":0.0,"usage_matrix":[[0.0,0.0808899998664856,0.02679000049829483,0.04820000007748604,0.0494999997317791,0.0,0.0,0.0,0.08058000355958939,0.04307999834418297,0.0,0.00267999991774559,0.0,0.0,0.0,0.009999999776482582,0.061400000005960464,0.009039999917149544,0.011629999615252018,0.03658999875187874],[0.07199999690055847,0.09907999634742737,0.016829999163746834,0.008589999750256538,0.0,0.005770000163465738,0.007930000312626362,0.01802000030875206,0.0,0.0,0.0,0.0,0.04391999915242195,0.01909000054001808,0.027820000424981117,0.04324999824166298,0.008969999849796295,0.05127999931573868,0.010639999993145466,0.019419999793171883],[0.047269999980926514,0.0,0.0,0.0,0.03488000109791756,0.022760000079870224,0.02914999984204769,0.0,0.028130000457167625,0.0,0.08793999999761581,0.0035800000187009573,0.0,0.08330000191926956,0.0,0.0,0.04148999974131584,0.021970000118017197,0.00394000019878149,0.00795000046491623],[0.0016400000313296914,0.01307000033557415,0.0,0.0,0.0,0.0,0.05243999883532524,0.04628999903798103,0.0,0.04554000124335289,0.0,0.011420000344514847,0.0075599998235702515,0.09619999676942825,0.0,0.10279999673366547,0.0,0.01030999980866909,0.05716000124812126,0.0],[0.04292000085115433,0.0,0.010870000347495079,0.03742000088095665,0.0,0.0,0.021779999136924744,0.0,0.0065299998968839645,0.016440000385046005,0.10560999810695648,0.0,0.0340300016105175,0.0,0.08414000272750854,0.05268999934196472,0.04095999896526337,0.03466000035405159,0.0,0.007000000216066837],[0.030799999833106995,0.06791000068187714,0.018689999356865883,0.016860000789165497,0.010420000180602074,0.02160000056028366,0.0444599986076355,0.0,0.03229000046849251,0.0,0.0,0.0009500000160187483,0.0,0.0,0.0,0.0,0.02370000071823597,0.018130000680685043,0.010420000180602074,0.02061999961733818],[0.006070000119507313,0.0,0.01075000036507845,0.0,0.032519999891519547,0.0,0.01056000031530857,0.024630000814795494,0.05553999915719032,0.09241999685764313,0.07046999782323837,0.010970000177621841,0.010440000332891941,0.0021100000012665987,0.0,0.0,0.0,0.01923000067472458,0.01278000045567751,0.0],[0.0,0.0009899999713525176,0.04410000145435333,0.04544999822974205,0.0,0.016109999269247055,0.008329999633133411,0.0,0.0,0.024000000208616257,0.013620000332593918,0.012199999764561653,0.050530001521110535,0.0,0.03936000168323517,0.010529999621212482,0.0,0.01923999935388565,0.0,0.01923000067472458],[0.0,0.12818999588489532,0.0,0.0,0.007939999923110008,0.0,0.01245999988168478,0.0,0.06545999646186829,0.023070000112056732,0.024460000917315483,0.0,0.0,0.008940000087022781,0.0,0.005909999832510948,0.008870000019669533,0.03700999915599823,0.0,0.0],[0.01947000063955784,0.0,0.0,0.0017000000225380063,0.008259999565780163,0.021619999781250954,0.004040000028908253,0.0,0.0,0.011239999905228615,0.03471999987959862,0.007799999788403511,0.025709999725222588,0.0,0.0272000003606081,0.05940999835729599,0.00851999968290329,0.02961999922990799,0.08246999979019165,0.0]],"frequency_matrix":[[0.4603700041770935,0.4513300061225891,0.02679000049829483,0.05982999876141548,0.0494999997317791,0.06218999996781349,0.06218999996781349,0.009039999917149544,0.27402999997138977,0.10525999963283539,0.4513300061225891,0.06218999996781349,0.4513300061225891,0.27402999997138977,0.4513300061225891,0.009999999776482582,0.16666999459266663,0.009039999917149544,0.011629999615252018,0.03658999875187874],[0.45263001322746277,0.23958000540733337,0.016829999163746834,0.01923000067472458,0.0,0.04901999980211258,0.05694999918341637,0.06931000202894211,0.08275999873876572,0.05694999918341637,0.28349998593330383,0.04324999824166298,0.28349998593330383,0.1018500030040741,0.3113200068473816,0.04324999824166298,0.06593000143766403,0.05127999931573868,0.010639999993145466,0.019419999793171883],[0.4123699963092804,0.25519001483917236,0.0,0.00394000019878149,0.03488000109791756,0.06122000142931938,0.090379998087883,0.021970000118017197,0.1599999964237213,0.090379998087883,0.3431299924850464,0.03846000134944916,0.25519001483917236,0.24330000579357147,0.3431299924850464,0.0,0.13187000155448914,0.021970000118017197,0.00394000019878149,0.00795000046491623],[0.44444000720977783,0.37863999605178833,0.0,0.05716000124812126,0.0,0.11422999948263168,0.16666999459266663,0.05660000070929527,0.21220999956130981,0.21220999956130981,0.3862000107765198,0.11422999948263168,0.3862000107765198,0.30840998888015747,0.3862000107765198,0.10279999673366547,0.21220999956130981,0.01030999980866909,0.05716000124812126,0.0],[0.49505001306533813,0.1936900019645691,0.010870000347495079,0.03742000088095665,0.0,0.05268999934196472,0.07446999847888947,0.03466000035405159,0.14926999807357788,0.09091000258922577,0.3333300054073334,0.05268999934196472,0.2277200073003769,0.14926999807357788,0.4174799919128418,0.05268999934196472,0.13187000155448914,0.03466000035405159,0.0,0.007000000216066837],[0.31683000922203064,0.2678999900817871,0.018689999356865883,0.02727000042796135,0.010420000180602074,0.03297000005841255,0.07743000239133835,0.018130000680685043,0.15209999680519104,0.07743000239133835,0.2678999900817871,0.011359999887645245,0.2678999900817871,0.15209999680519104,0.2678999900817871,0.0,0.1011200025677681,0.018130000680685043,0.010420000180602074,0.02061999961733818],[0.358489990234375,0.22766000032424927,0.01075000036507845,0.01278000045567751,0.032519999891519547,0.04349000006914139,0.05404999852180481,0.043859999626874924,0.2127700001001358,0.14646999537944794,0.30856001377105713,0.04349000006914139,0.23810000717639923,0.21488000452518463,0.30856001377105713,0.0,0.14646999537944794,0.01923000067472458,0.01278000045567751,0.0],[0.3037000000476837,0.18095000088214874,0.04410000145435333,0.04544999822974205,0.0,0.038830000907182693,0.0471699982881546,0.01923999935388565,0.11528000235557556,0.07117000222206116,0.2451000064611435,0.02273000031709671,0.23148000240325928,0.11528000235557556,0.28446000814437866,0.010529999621212482,0.07117000222206116,0.01923999935388565,0.0,0.01923000067472458],[0.3223100006580353,0.2608399987220764,0.0,0.0,0.007939999923110008,0.013849999755620956,0.026319999247789383,0.03700999915599823,0.12370999902486801,0.04938000068068504,0.28529998660087585,0.013849999755620956,0.2608399987220764,0.1326500028371811,0.28529998660087585,0.005909999832510948,0.05824999883770943,0.03700999915599823,0.0,0.0],[0.3417699933052063,0.20506000518798828,0.0,0.08417999744415283,0.008259999565780163,0.09708999842405319,0.1011200025677681,0.02961999922990799,0.12088000029325485,0.11236000061035156,0.26548999547958374,0.07547000050544739,0.23077000677585602,0.12088000029325485,0.2926799952983856,0.05940999835729599,0.12088000029325485,0.02961999922990799,0.08246999979019165,0.0]]}