{"objective":5068.50634765625,"runtime":0.0,"usage_matrix":[[0.05981000140309334,0.0,0.0028099999763071537,0.02061999961733818,0.0,0.0,0.054269999265670776,0.0,0.0,0.04704999923706055,0.0,0.038589999079704285,0.0,0.03530000150203705,0.00810999982059002,0.0,0.010099999606609344,0.007259999867528677,0.032180000096559525,0.017240000888705254],[0.0,0.00007999999797903001,0.0,0.007660000119358301,0.017389999702572823,0.06437999755144119,0.0,0.0,0.0,0.0,0.0,0.01706000044941902,0.07795999944210052,0.0,0.0,0.0,0.032590001821517944,0.06199000030755997,0.03297000005841255,0.017470000311732292],[0.013199999928474426,0.0,0.0,0.007799999788403511,0.01745999976992607,0.015189999714493752,0.0731699988245964,0.08812999725341797,0.02604999952018261,0.058820001780986786,0.0,0.0494999997317791,0.016920000314712524,0.03488000109791756,0.0,0.0,0.009800000116229057,0.008550000376999378,0.0,0.010529999621212482],[0.07812000066041946,0.0,0.027289999648928642,0.06604000180959702,0.010520000010728836,0.04479999840259552,0.03725999966263771,0.0,0.11048000305891037,0.021940000355243683,0.0,0.0,0.042890001088380814,0.05940999835729599,0.0,0.019050000235438347,0.018689999356865883,0.0,0.0,0.00989999994635582],[0.0,0.04222999885678291,0.007550000213086605,0.0,0.02273000031709671,0.02457999996840954,0.05849999934434891,0.0,0.0,0.0,0.0,0.0,0.08105000108480453,0.019610000774264336,0.0,0.03125,0.0,0.01640000008046627,0.01802000030875206,0.0],[0.0,0.005200000014156103,0.06145999953150749,0.02751999907195568,0.0,0.03359999880194664,0.0,0.050039999186992645,0.09094999730587006,0.0,0.0,0.03158000111579895,0.0,0.03370999917387962,0.07438000291585922,0.0,0.02556999959051609,0.00989999994635582,0.01923000067472458,0.0],[0.0,0.01092000026255846,0.029030000790953636,0.026319999247789383,0.009519999846816063,0.0,0.027729999274015427,0.0,0.040139999240636826,0.041519999504089355,0.029370000585913658,0.07390999794006348,0.013869999907910824,0.0044999998062849045,0.0,0.024560000747442245,0.09677000343799591,0.028039999306201935,0.0,0.0],[0.07276999950408936,0.0,0.0,0.011859999969601631,0.0,0.00901000015437603,0.0,0.0,0.0,0.004540000110864639,0.038669999688863754,0.03829000145196915,0.0,0.0,0.0,0.04081999883055687,0.0,0.05493000149726868,0.009429999627172947,0.013159999623894691],[0.0,0.04650000110268593,0.0,0.02181999944150448,0.0,0.06151999905705452,0.0,0.0,0.01882000081241131,0.011169999837875366,0.0,0.11445000022649765,0.010649999603629112,0.0,0.0,0.019050000235438347,0.009519999846816063,0.0,0.03158000111579895,0.03061000071465969],[0.0,0.0,0.08180999755859375,0.010529999621212482,0.0,0.025259999558329582,0.025510000064969063,0.0,0.0,0.0328500010073185,0.0,0.033149998635053635,0.01834000088274479,0.028850000351667404,0.0,0.05172000080347061,0.02727000042796135,0.023320000618696213,0.0,0.010529999621212482]],"frequency_matrix":[[0.3333300054073334,0.06747999787330627,0.09091000258922577,0.02061999961733818,0.0,0.06747999787330627,0.13592000305652618,0.13760000467300415,0.007259999867528677,0.0743900015950203,0.08164999634027481,0.038589999079704285,0.13760000467300415,0.03530000150203705,0.09901999682188034,0.0,0.010099999606609344,0.007259999867528677,0.032180000096559525,0.017240000888705254],[0.3295400142669678,0.11480999737977982,0.12246999889612198,0.007660000119358301,0.017389999702572823,0.09735000133514404,0.11204999685287476,0.13954000174999237,0.06199000030755997,0.05006000027060509,0.11204999685287476,0.01706000044941902,0.21749000251293182,0.0,0.12246999889612198,0.0,0.032590001821517944,0.06199000030755997,0.03297000005841255,0.017470000311732292],[0.4300000071525574,0.06752999871969223,0.07532999664545059,0.007799999788403511,0.01745999976992607,0.05006999894976616,0.18692000210285187,0.21296000480651855,0.03460000082850456,0.0791499987244606,0.11375000327825546,0.0494999997317791,0.22989000380039215,0.03488000109791756,0.07532999664545059,0.0,0.009800000116229057,0.008550000376999378,0.0,0.010529999621212482],[0.5463899970054626,0.13378000259399414,0.22710999846458435,0.06604000180959702,0.010520000010728836,0.123259998857975,0.19828000664710999,0.22710999846458435,0.11048000305891037,0.050530001521110535,0.16101999580860138,0.0,0.27000001072883606,0.05940999835729599,0.22710999846458435,0.019050000235438347,0.018689999356865883,0.0,0.0,0.00989999994635582],[0.32190999388694763,0.15841999650001526,0.16596999764442444,0.0,0.02273000031709671,0.09346000105142593,0.07490000128746033,0.16596999764442444,0.01640000008046627,0.0,0.01640000008046627,0.0,0.2470099925994873,0.019610000774264336,0.16596999764442444,0.03125,0.0,0.01640000008046627,0.01802000030875206,0.0],[0.46312999725341797,0.09173999726772308,0.1807200014591217,0.02751999907195568,0.0,0.08653999865055084,0.12640999257564545,0.33671998977661133,0.10085000097751617,0.02556999959051609,0.12640999257564545,0.03158000111579895,0.33671998977661133,0.03370999917387962,0.2551000118255615,0.0,0.02556999959051609,0.00989999994635582,0.01923000067472458,0.0],[0.4562099874019623,0.0494999997317791,0.10485000163316727,0.026319999247789383,0.009519999846816063,0.02906000055372715,0.26357999444007874,0.17876000702381134,0.06818000227212906,0.13830000162124634,0.2358500063419342,0.07390999794006348,0.19262999296188354,0.0044999998062849045,0.10485000163316727,0.024560000747442245,0.09677000343799591,0.028039999306201935,0.0,0.0],[0.2934800088405609,0.05925999954342842,0.0711200013756752,0.011859999969601631,0.0,0.05925999954342842,0.11130999773740768,0.10941000282764435,0.05493000149726868,0.01769999973475933,0.11130999773740768,0.03829000145196915,0.10941000282764435,0.0,0.0711200013756752,0.04081999883055687,0.0,0.05493000149726868,0.009429999627172947,0.013159999623894691],[0.3756900131702423,0.1586499959230423,0.18046000599861145,0.02181999944150448,0.0,0.11214999854564667,0.07012999802827835,0.2949199974536896,0.01882000081241131,0.05130999907851219,0.07012999802827835,0.11445000022649765,0.30555999279022217,0.0,0.18046000599861145,0.019050000235438347,0.009519999846816063,0.0,0.03158000111579895,0.03061000071465969],[0.3691299855709076,0.10582999885082245,0.19815999269485474,0.010529999621212482,0.0,0.10582999885082245,0.11947999894618988,0.23131999373435974,0.023320000618696213,0.07064999639987946,0.09397000074386597,0.033149998635053635,0.2496500015258789,0.028850000351667404,0.19815999269485474,0.05172000080347061,0.02727000042796135,0.023320000618696213,0.0,0.010529999621212482]]}