{"objective":5648.5390625,"runtime":0.0,"usage_matrix":[[0.001339999958872795,0.009530000388622284,0.0006200000061653554,0.020969999954104424,0.0,0.06616000086069107,0.0,0.03288999944925308,0.03815999999642372,0.0,0.01860000006854534,0.0,0.0,0.056299999356269836,0.019770000129938126,0.0,0.03158000111579895,0.02500000037252903,0.019999999552965164,0.035420000553131104],[0.03846000134944916,0.02353000082075596,0.008679999969899654,0.0,0.07367999851703644,0.0,0.0,0.0996600016951561,0.09341000020503998,0.004399999976158142,0.0,0.0,0.0,0.0,0.030300000682473183,0.03971000015735626,0.021050000563263893,0.01802000030875206,0.010639999993145466,0.0],[0.0,0.0013099999632686377,0.0,0.00279999990016222,0.0,0.0,0.0,0.08335000276565552,0.1137000024318695,0.0,0.0,0.06702999770641327,0.018689999356865883,0.0,0.02353000082075596,0.07413999736309052,0.0291300006210804,0.008700000122189522,0.0284000001847744,0.0],[0.06021999940276146,0.0,0.0,0.031369999051094055,0.0030799999367445707,0.012500000186264515,0.09303999692201614,0.0006699999794363976,0.0,0.010099999606609344,0.000750000006519258,0.00343000004068017,0.0044200001284480095,0.05889999866485596,0.022989999502897263,0.06537000089883804,0.04808000102639198,0.010099999606609344,0.013170000165700912,0.0],[0.12901000678539276,0.01979999989271164,0.0,0.0,0.009510000236332417,0.0,0.0,0.0,0.0,0.0,0.048179998993873596,0.0,0.00989999994635582,0.043219998478889465,0.07215999811887741,0.04741999879479408,0.0,0.0,0.03020000085234642,0.016119999811053276],[0.07797999680042267,0.0,0.014310000464320183,0.14756999909877777,0.0,0.05558000132441521,0.0,0.0,0.00865000020712614,0.0,0.0,0.007499999832361937,0.018890000879764557,0.0,0.0,0.0,0.05057999864220619,0.0,0.0,0.009429999627172947],[0.0,0.0,0.0005099999834783375,0.03906000033020973,0.0,0.0258799996227026,0.0,0.10204999893903732,0.0,0.0,0.0,0.09167999774217606,0.001509999972768128,0.0,0.029980000108480453,0.0,0.0,0.0,0.03158000111579895,0.0],[0.0,0.007139999885112047,0.04301000013947487,0.08392000198364258,0.0,0.0,0.014279999770224094,0.03423000127077103,0.0,0.01995999924838543,0.033229999244213104,0.048500001430511475,0.010099999606609344,0.01193000003695488,0.0,0.0031300000846385956,0.0,0.03528999909758568,0.0,0.05931999906897545],[0.01334999967366457,0.010529999621212482,0.019039999693632126,0.01281999982893467,0.03454999998211861,0.01432000007480383,0.043699998408555984,0.0,0.0884300023317337,0.008550000376999378,0.04473999887704849,0.012210000306367874,0.0,0.0,0.02019999921321869,0.01372000016272068,0.0,0.03010999970138073,0.016259999945759773,0.09573999792337418],[0.005090000107884407,0.0,0.0,0.0,0.08456999808549881,0.0,0.058410000056028366,0.039250001311302185,0.007939999923110008,0.0700099989771843,0.0,0.0,0.010870000347495079,0.0052999998442828655,0.0,0.0335099995136261,0.0,0.012199999764561653,0.06612999737262726,0.021810000762343407]],"frequency_matrix":[[0.37634000182151794,0.009530000388622284,0.02061999961733818,0.17045000195503235,0.14948000013828278,0.09545999765396118,0.14948000013828278,0.3368400037288666,0.375,0.0,0.14948000013828278,0.13087999820709229,0.0,0.07692000269889832,0.019770000129938126,0.02930000051856041,0.03158000111579895,0.02500000037252903,0.019999999552965164,0.035420000553131104],[0.46154001355171204,0.02353000082075596,0.01931999996304512,0.17161999642848969,0.17161999642848969,0.09793999791145325,0.17161999642848969,0.3296700119972229,0.4230799973011017,0.004399999976158142,0.09793999791145325,0.09793999791145325,0.0,0.01931999996304512,0.030300000682473183,0.0935399979352951,0.021050000563263893,0.01802000030875206,0.010639999993145466,0.0],[0.4507800042629242,0.019999999552965164,0.0284000001847744,0.1875,0.18469999730587006,0.11766000092029572,0.18469999730587006,0.3370800018310547,0.4507800042629242,0.0,0.18469999730587006,0.18469999730587006,0.018689999356865883,0.0284000001847744,0.02353000082075596,0.11766000092029572,0.0291300006210804,0.008700000122189522,0.0284000001847744,0.0],[0.4381999969482422,0.0044200001284480095,0.013170000165700912,0.24706000089645386,0.12263999879360199,0.11537999659776688,0.2156900018453598,0.37797999382019043,0.37797999382019043,0.010099999606609344,0.11957000195980072,0.11880999803543091,0.0044200001284480095,0.07207000255584717,0.022989999502897263,0.09278000146150589,0.04808000102639198,0.010099999606609344,0.013170000165700912,0.0],[0.42552998661994934,0.02969999983906746,0.03020000085234642,0.22311000525951385,0.22311000525951385,0.14928999543190002,0.22311000525951385,0.29653000831604004,0.29653000831604004,0.0,0.21358999609947205,0.16540999710559845,0.00989999994635582,0.07342000305652618,0.07215999811887741,0.14928999543190002,0.0,0.0,0.03020000085234642,0.016119999811053276],[0.39048001170158386,0.018890000879764557,0.014310000464320183,0.23896999657154083,0.09139999747276306,0.07446999847888947,0.09139999747276306,0.303849995136261,0.3125,0.0,0.09139999747276306,0.09139999747276306,0.018890000879764557,0.014310000464320183,0.0,0.018890000879764557,0.05057999864220619,0.0,0.0,0.009429999627172947],[0.32225000858306885,0.001509999972768128,0.03209000080823898,0.18811999261379242,0.14905999600887299,0.05737999826669693,0.14905999600887299,0.32225000858306885,0.32225000858306885,0.0,0.14905999600887299,0.14905999600887299,0.001509999972768128,0.03209000080823898,0.029980000108480453,0.03149000182747841,0.0,0.0,0.03158000111579895,0.0],[0.40404000878334045,0.017240000888705254,0.04301000013947487,0.2795700132846832,0.18137000501155853,0.04032000154256821,0.19564999639987946,0.40404000878334045,0.40404000878334045,0.01995999924838543,0.18137000501155853,0.1481499969959259,0.010099999606609344,0.05494999885559082,0.0,0.0203699991106987,0.0,0.03528999909758568,0.0,0.05931999906897545],[0.47826001048088074,0.010529999621212482,0.03530000150203705,0.3110699951648712,0.2545500099658966,0.06730999797582626,0.2982499897480011,0.37648001313209534,0.46491000056266785,0.008550000376999378,0.2199999988079071,0.1752600073814392,0.0,0.03530000150203705,0.02019999921321869,0.044440001249313354,0.0,0.03010999970138073,0.016259999945759773,0.09573999792337418],[0.41508999466896057,0.010870000347495079,0.06612999737262726,0.2791900038719177,0.22078000009059906,0.1143999993801117,0.2791900038719177,0.40206000208854675,0.4099999964237213,0.0700099989771843,0.13620999455451965,0.13620999455451965,0.010870000347495079,0.07142999768257141,0.0,0.0443900004029274,0.0,0.012199999764561653,0.06612999737262726,0.021810000762343407]]}