{"objective":6062.95361328125,"runtime":0.0,"usage_matrix":[[0.0,0.03316999971866608,0.0558600015938282,0.0009599999757483602,0.0,0.0,0.0,0.01737000048160553,0.0,0.016209999099373817,0.03909999877214432,0.02150999940931797,0.006810000166296959,0.0,0.0,0.015069999732077122,0.009800000116229057,0.05460000038146973,0.026429999619722366,0.0],[0.0,0.02986999973654747,0.0,0.009510000236332417,0.04944000020623207,0.0,0.0717800036072731,0.0,0.0,0.0,0.010099999606609344,0.0,0.041450001299381256,0.03282000124454498,0.052230000495910645,0.0,0.0,0.0,0.04210999980568886,0.010359999723732471],[0.005549999885261059,0.0,0.049550000578165054,0.006670000031590462,0.0,0.009349999949336052,0.044780001044273376,0.05810999870300293,0.00791999977082014,0.0,0.029079999774694443,0.010529999621212482,0.00989999994635582,0.0261400006711483,0.0,0.00675999978557229,0.03136000037193298,0.0,0.0,0.022989999502897263],[0.0,0.029820000752806664,0.07084999978542328,0.03694000095129013,0.02459000051021576,0.0,0.12208999693393707,0.0016899999463930726,0.00901000015437603,0.0,0.0,0.02776999957859516,0.005289999768137932,0.06191999837756157,0.02029000036418438,0.0,0.024390000849962234,0.0,0.0,0.0],[0.006969999987632036,0.025100000202655792,0.0,0.0,0.02930000051856041,0.0,0.0,0.0,0.008849999867379665,0.06919000297784805,0.0,0.003969999961555004,0.008940000087022781,0.0,0.0,0.015990000218153,0.029090000316500664,0.0,0.06729999929666519,0.0],[0.0,0.0,0.0,0.0,0.0,0.08776000142097473,0.033330000936985016,0.02897999994456768,0.019670000299811363,0.03884999826550484,0.0269399993121624,0.010099999606609344,0.0006699999794363976,0.07062999904155731,0.07283999770879745,0.0,0.0010999999940395355,0.03448000177741051,0.043480001389980316,0.022220000624656677],[0.0,0.0,0.0,0.0,0.005080000031739473,0.13402000069618225,0.021449999883770943,0.0,0.052629999816417694,0.017430000007152557,0.0,0.0,0.01679999940097332,0.0,0.02548000030219555,0.03424999862909317,0.016170000657439232,0.0,0.04493999853730202,0.0],[0.046390000730752945,0.0,0.0,0.02287999913096428,0.0,0.018300000578165054,0.0,0.030339999124407768,0.0384100005030632,0.046310000121593475,0.022530000656843185,0.06863000243902206,0.0,0.0,0.03370999917387962,0.0,0.03457000106573105,0.026830000802874565,0.0,0.011110000312328339],[0.030990000814199448,0.0,0.04402000084519386,0.0038799999747425318,0.031230000779032707,0.0,0.04258999973535538,0.0,0.022220000624656677,0.02191999927163124,0.04117000102996826,0.010870000347495079,0.0,0.029400000348687172,0.0,0.0,0.010529999621212482,0.03158000111579895,0.0,0.0],[0.0,0.0,0.009119999594986439,0.016769999638199806,0.0,0.0,0.0,0.0,0.016680000349879265,0.04989999905228615,0.07075999677181244,0.008469999767839909,0.0,0.0,0.07672999799251556,0.0,0.02126999944448471,0.0,0.0,0.020829999819397926]],"frequency_matrix":[[0.2969000041484833,0.19607999920845032,0.06566999852657318,0.06837999820709229,0.2818300127983093,0.0,0.14669999480247498,0.2818300127983093,0.0,0.16290999948978424,0.06061000004410744,0.02150999940931797,0.06741999834775925,0.2818300127983093,0.16290999948978424,0.2969000041484833,0.009800000116229057,0.05460000038146973,0.026429999619722366,0.0],[0.34964999556541443,0.2063400000333786,0.010359999723732471,0.06106000021100044,0.31683000922203064,0.0,0.12425000220537186,0.26739001274108887,0.0,0.12425000220537186,0.010099999606609344,0.0,0.0515500009059906,0.34964999556541443,0.17646999657154083,0.34964999556541443,0.010359999723732471,0.0,0.04210999980568886,0.010359999723732471],[0.3186799883842468,0.14868000149726868,0.1039000004529953,0.05618000030517578,0.2708899974822998,0.009349999949336052,0.14868000149726868,0.2629700005054474,0.00791999977082014,0.14868000149726868,0.03959999978542328,0.010529999621212482,0.0494999997317791,0.2970300018787384,0.14868000149726868,0.3131299912929535,0.054349999874830246,0.0,0.0,0.022989999502897263],[0.43463999032974243,0.26743999123573303,0.09523999691009521,0.07000000029802322,0.37272998690605164,0.0,0.2173299938440323,0.3391300141811371,0.00901000015437603,0.2173299938440323,0.02776999957859516,0.02776999957859516,0.03305999934673309,0.43463999032974243,0.23761999607086182,0.43463999032974243,0.024390000849962234,0.0,0.0,0.0],[0.264710009098053,0.19067999720573425,0.029090000316500664,0.012910000048577785,0.24174000322818756,0.0,0.096390001475811,0.2035900056362152,0.008849999867379665,0.16558000445365906,0.003969999961555004,0.003969999961555004,0.012910000048577785,0.24174000322818756,0.16558000445365906,0.25773000717163086,0.029090000316500664,0.0,0.06729999929666519,0.0],[0.4910599887371063,0.24630999565124512,0.023320000618696213,0.037709999829530716,0.3326700031757355,0.08776000142097473,0.13461999595165253,0.31299999356269836,0.019670000299811363,0.17347000539302826,0.037039998918771744,0.010099999606609344,0.037709999829530716,0.4032999873161316,0.24630999565124512,0.4910599887371063,0.023320000618696213,0.03448000177741051,0.043480001389980316,0.022220000624656677],[0.368259996175766,0.12547999620437622,0.016170000657439232,0.01679999940097332,0.19999000430107117,0.13402000069618225,0.08257000148296356,0.1422799974679947,0.052629999816417694,0.10000000149011612,0.0,0.0,0.01679999940097332,0.19999000430107117,0.12547999620437622,0.368259996175766,0.016170000657439232,0.0,0.04493999853730202,0.0],[0.4000000059604645,0.15252000093460083,0.04568000137805939,0.11404000222682953,0.3353100121021271,0.018300000578165054,0.0725099965929985,0.2969000041484833,0.0384100005030632,0.11880999803543091,0.09115000069141388,0.06863000243902206,0.09115000069141388,0.3353100121021271,0.15252000093460083,0.35361000895500183,0.04568000137805939,0.026830000802874565,0.0,0.011110000312328339],[0.320389986038208,0.15062999725341797,0.05454999953508377,0.05592000111937523,0.25999999046325684,0.0,0.12871000170707703,0.2065500020980835,0.022220000624656677,0.15062999725341797,0.05203999951481819,0.010870000347495079,0.05203999951481819,0.28940001130104065,0.15062999725341797,0.28940001130104065,0.010529999621212482,0.03158000111579895,0.0,0.0],[0.29054000973701477,0.17786000669002533,0.05121999979019165,0.0960099995136261,0.29054000973701477,0.0,0.05121999979019165,0.27386999130249023,0.016680000349879265,0.1011200025677681,0.07924000173807144,0.008469999767839909,0.07924000173807144,0.29054000973701477,0.17786000669002533,0.29054000973701477,0.04210999980568886,0.0,0.0,0.020829999819397926]]}