{"objective":4368.1611328125,"runtime":0.0,"usage_matrix":[[0.0,0.011760000139474869,0.009089999832212925,0.07670000195503235,0.030489999800920486,0.03903999924659729,0.015790000557899475,0.03513000160455704,0.024399999529123306,0.045049998909235,0.0,0.03889000043272972,0.0,0.02469000034034252,0.039170000702142715,0.018519999459385872,0.0,0.0,0.009239999577403069,0.0],[0.047690000385046005,0.009619999676942825,0.0,0.027070000767707825,0.033149998635053635,0.0,0.0,0.0,0.0,0.046539999544620514,0.024529999122023582,0.01735999993979931,0.0,0.02019999921321869,0.0,0.00877000018954277,0.0,0.005940000060945749,0.011760000139474869,0.0],[0.005760000087320805,0.0,0.01834999956190586,0.026969999074935913,0.02419999986886978,0.0,0.0,0.02012000046670437,0.016209999099373817,0.05048999935388565,0.08065000176429749,0.02426999993622303,0.0,0.01075000036507845,0.0,0.02353000082075596,0.02266000024974346,0.0,0.009349999949336052,0.0],[0.0,0.0,0.0,0.0,0.008469999767839909,0.01923000067472458,0.01358999963849783,0.014680000022053719,0.0,0.018869999796152115,0.02850000001490116,0.020230000838637352,0.0,0.05773000046610832,0.021539999172091484,0.0,0.017319999635219574,0.010529999621212482,0.044440001249313354,0.010300000198185444],[0.021649999544024467,0.0,0.007939999923110008,0.0015800000401213765,0.002589999930933118,0.008059999905526638,0.0031999999191612005,0.06678999960422516,0.0,0.0,0.02167999930679798,0.02696000039577484,0.0,0.021980000659823418,0.03846000134944916,0.022709999233484268,0.0335099995136261,0.0,0.018869999796152115,0.00989999994635582],[0.0,0.03488000109791756,0.010420000180602074,0.01384000014513731,0.08741000294685364,0.0,0.0,0.024720000103116035,0.01665000058710575,0.02019999921321869,0.0,0.07291000336408615,0.05353999882936478,0.007400000002235174,0.006889999844133854,0.0,0.008369999937713146,0.0,0.004610000178217888,0.014349999837577343],[0.0,0.0,0.022520000115036964,0.06126999855041504,0.0,0.0,0.0,0.0,0.0,0.0,0.04047999903559685,0.03058999963104725,0.03581000119447708,0.00848000030964613,0.018209999427199364,0.011760000139474869,0.0,0.13364000618457794,0.02150999940931797,0.0],[0.009060000069439411,0.02857000008225441,0.03370999917387962,0.049320001155138016,0.001180000021122396,0.044509999454021454,0.0,0.16471000015735626,0.0,0.0,0.0,0.004840000066906214,0.0,0.0,0.030309999361634254,0.02199999988079071,0.02274000085890293,0.009100000374019146,0.007459999993443489,0.009999999776482582],[0.0,0.0,0.01027000043541193,0.09743999689817429,0.0,0.07759000360965729,0.02345000021159649,0.0,0.0057299998588860035,0.012350000441074371,0.031109999865293503,0.04061000049114227,0.0,0.07425999641418457,0.03920000046491623,0.0,0.027710000053048134,0.02500000037252903,0.0,0.05404999852180481],[0.08651000261306763,0.0,0.02679000049829483,0.0,0.045660000294446945,0.009800000116229057,0.014619999565184116,0.0,0.0,0.022220000624656677,0.005030000116676092,0.09585999697446823,0.06413000077009201,0.03061000071465969,0.033330000936985016,0.015809999778866768,0.0,0.0,0.009089999832212925,0.0]],"frequency_matrix":[[0.4179399907588959,0.011760000139474869,0.009089999832212925,0.10699000209569931,0.03957999870181084,0.03903999924659729,0.10000000149011612,0.2862600088119507,0.11224000155925751,0.045049998909235,0.04826999828219414,0.13888999819755554,0.2862600088119507,0.02469000034034252,0.08421000093221664,0.018519999459385872,0.03957999870181084,0.0,0.009239999577403069,0.0],[0.25262999534606934,0.009619999676942825,0.0,0.04544999822974205,0.033149998635053635,0.0,0.052480001002550125,0.13928000628948212,0.0694499984383583,0.046539999544620514,0.03629999980330467,0.06983999907970428,0.13928000628948212,0.02019999921321869,0.046539999544620514,0.00877000018954277,0.033149998635053635,0.005940000060945749,0.011760000139474869,0.0],[0.3333300054073334,0.0,0.01834999956190586,0.05051000043749809,0.04255000129342079,0.0,0.05048999935388565,0.26631999015808105,0.17143000662326813,0.05048999935388565,0.09000000357627869,0.0747700035572052,0.26631999015808105,0.01075000036507845,0.05048999935388565,0.02353000082075596,0.06521999835968018,0.0,0.009349999949336052,0.0],[0.2854200005531311,0.0,0.0,0.010300000198185444,0.008469999767839909,0.01923000067472458,0.06452000141143799,0.21739999949932098,0.11796999722719193,0.018869999796152115,0.09217999875545502,0.08474999666213989,0.21739999949932098,0.05773000046610832,0.04039999842643738,0.010300000198185444,0.025790000334382057,0.010529999621212482,0.044440001249313354,0.010300000198185444],[0.30588001012802124,0.0,0.007939999923110008,0.03418999910354614,0.010529999621212482,0.008059999905526638,0.041669998317956924,0.22806000709533691,0.09264999628067017,0.0,0.04861000180244446,0.06863000243902206,0.22806000709533691,0.021980000659823418,0.03846000134944916,0.03260999917984009,0.044029999524354935,0.0,0.018869999796152115,0.00989999994635582],[0.3761900067329407,0.03488000109791756,0.010420000180602074,0.06307999789714813,0.09782999753952026,0.0,0.027089999988675117,0.25216999650001526,0.12745000422000885,0.02019999921321869,0.004610000178217888,0.10000000149011612,0.30570998787879944,0.007400000002235174,0.027089999988675117,0.014349999837577343,0.10619000345468521,0.0,0.004610000178217888,0.014349999837577343],[0.3842700123786926,0.0,0.022520000115036964,0.0730300024151802,0.022520000115036964,0.0,0.15185000002384186,0.26695001125335693,0.08450999855995178,0.0,0.06199000030755997,0.18242999911308289,0.3027600049972534,0.00848000030964613,0.018209999427199364,0.011760000139474869,0.022520000115036964,0.13364000618457794,0.02150999940931797,0.0],[0.4375,0.02857000008225441,0.03370999917387962,0.10988999903202057,0.03488000109791756,0.044509999454021454,0.039409998804330826,0.3185499906539917,0.10959000140428543,0.0,0.05197000131011009,0.0442500002682209,0.3185499906539917,0.0,0.030309999361634254,0.03200000151991844,0.05762000009417534,0.009100000374019146,0.007459999993443489,0.009999999776482582],[0.518779993057251,0.0,0.01027000043541193,0.15150000154972076,0.01027000043541193,0.07759000360965729,0.10000000149011612,0.29302000999450684,0.15240000188350677,0.012350000441074371,0.10869999974966049,0.1406099945306778,0.29302000999450684,0.07425999641418457,0.0515500009059906,0.05404999852180481,0.03796999901533127,0.02500000037252903,0.0,0.05404999852180481],[0.45945999026298523,0.0,0.02679000049829483,0.015809999778866768,0.07244999706745148,0.009800000116229057,0.0701799988746643,0.2624000012874603,0.09636999666690826,0.022220000624656677,0.023919999599456787,0.16603000462055206,0.32653000950813293,0.03061000071465969,0.055560000240802765,0.015809999778866768,0.07244999706745148,0.0,0.009089999832212925,0.0]]}