{"objective":4385.74169921875,"runtime":0.0,"usage_matrix":[[0.0,0.0,0.03610999882221222,0.009800000116229057,0.03460000082850456,0.012910000048577785,0.03269999846816063,0.0,0.0,0.0034099998883903027,0.03400000184774399,0.0017000000225380063,0.010990000329911709,0.0,0.0,0.04303999990224838,0.01583000086247921,0.0,0.006630000192672014,0.009349999949336052],[0.07670000195503235,0.021469999104738235,0.003700000001117587,0.0,0.012839999981224537,0.0,0.010099999606609344,0.009259999729692936,0.09605000168085098,0.0,0.0,0.03420000150799751,0.04227999970316887,0.0,0.0,0.05548999831080437,0.009519999846816063,0.00031999999191612005,0.010420000180602074,0.0],[0.0,0.0,0.009709999896585941,0.035259999334812164,0.011669999919831753,0.0,0.028389999642968178,0.0,0.028839999809861183,0.016519999131560326,0.0636100023984909,0.03799999877810478,0.00989999994635582,0.028389999642968178,0.0,0.0,0.0,0.0,0.06977000087499619,0.011490000411868095],[0.0,0.01597999967634678,0.0,0.029670000076293945,0.1007699966430664,0.018859999254345894,0.0,0.021050000563263893,0.022919999435544014,0.0003600000054575503,0.0,0.011540000326931477,0.0,0.018869999796152115,0.055560000240802765,0.005640000104904175,0.0,0.007809999864548445,0.0,0.028039999306201935],[0.048909999430179596,0.003269999986514449,0.0,0.021740000694990158,0.10972999781370163,0.007939999923110008,0.010200000368058681,0.04255000129342079,0.0,0.0,0.0,0.0,0.004009999800473452,0.002099999925121665,0.0,0.0,0.07201000303030014,0.008310000412166119,0.010259999893605709,0.005900000222027302],[0.0,0.0,0.01448999997228384,0.004509999882429838,0.019020000472664833,0.060679998248815536,0.0,0.009549999609589577,0.03669000044465065,0.02897999994456768,0.08297000080347061,0.05121000111103058,0.0,0.0,0.0,0.00901000015437603,0.0,0.0,0.019050000235438347,0.010099999606609344],[0.0,0.07142999768257141,0.037379998713731766,0.0,0.0,0.015879999846220016,0.0,0.0,0.0551300011575222,0.02694999985396862,0.061039999127388,0.0,0.009089999832212925,0.012620000168681145,0.01205000001937151,0.0,0.0261400006711483,0.0,0.0,0.05008000135421753],[0.005470000207424164,0.03590000048279762,0.0,0.0,0.0,0.01680999994277954,0.004809999838471413,0.0,0.0,0.0,0.0,0.02607000060379505,0.04799000173807144,0.04560000076889992,0.0,0.0,0.009610000066459179,0.0,0.06815999746322632,0.041669998317956924],[0.0,0.0,0.008200000040233135,0.0,0.00634999992325902,0.028869999572634697,0.009270000271499157,0.02686999924480915,0.028279999271035194,0.016370000317692757,0.0,0.006670000031590462,0.02679000049829483,0.05121000111103058,0.010099999606609344,0.0,0.05040000006556511,0.0,0.0,0.015629999339580536],[0.017969999462366104,0.0,0.009170000441372395,0.04854999855160713,0.0,0.010420000180602074,0.0,0.007470000069588423,0.06262999773025513,0.04052000120282173,0.0,0.034860000014305115,0.0,0.009340000338852406,0.01769999973475933,0.0,0.0,0.009999999776482582,0.010639999993145466,0.0]],"frequency_matrix":[[0.2510699927806854,0.13919000327587128,0.03610999882221222,0.009800000116229057,0.08511000126600266,0.012910000048577785,0.03269999846816063,0.0,0.1458200067281723,0.05051000043749809,0.1798200011253357,0.0961500033736229,0.010990000329911709,0.03610999882221222,0.0,0.13919000327587128,0.02563999965786934,0.03269999846816063,0.006630000192672014,0.009349999949336052],[0.38234999775886536,0.17925000190734863,0.003700000001117587,0.0,0.058820001780986786,0.0,0.010099999606609344,0.009259999729692936,0.28571000695228577,0.045990001410245895,0.28571000695228577,0.093019999563694,0.04227999970316887,0.003700000001117587,0.0,0.14850999414920807,0.009519999846816063,0.010420000180602074,0.010420000180602074,0.0],[0.3515700101852417,0.12568999826908112,0.009709999896585941,0.035259999334812164,0.07619000226259232,0.0,0.028389999642968178,0.0,0.22429999709129333,0.06452000141143799,0.28791001439094543,0.12568999826908112,0.00989999994635582,0.038100000470876694,0.0,0.12568999826908112,0.035259999334812164,0.028389999642968178,0.06977000087499619,0.011490000411868095],[0.33706000447273254,0.20225000381469727,0.0,0.029670000076293945,0.11999999731779099,0.018859999254345894,0.0,0.021050000563263893,0.2807199954986572,0.01923000067472458,0.2807199954986572,0.15956999361515045,0.0,0.018869999796152115,0.055560000240802765,0.1652200073003769,0.029670000076293945,0.007809999864548445,0.0,0.028039999306201935],[0.3469400107860565,0.16755999624729156,0.0,0.021740000694990158,0.11584000289440155,0.007939999923110008,0.010200000368058681,0.04255000129342079,0.17781999707221985,0.00610999995842576,0.17781999707221985,0.12172999978065491,0.004009999800473452,0.002099999925121665,0.0,0.12172999978065491,0.09375,0.018519999459385872,0.010259999893605709,0.005900000222027302],[0.3462800085544586,0.1423799991607666,0.01448999997228384,0.004509999882429838,0.0625,0.060679998248815536,0.0,0.009549999609589577,0.19810999929904938,0.043480001389980316,0.2810800075531006,0.12381000071763992,0.0,0.01448999997228384,0.0,0.1328199952840805,0.004509999882429838,0.0,0.019050000235438347,0.010099999606609344],[0.3777799904346466,0.20755000412464142,0.037379998713731766,0.0,0.08603999763727188,0.015879999846220016,0.0,0.0,0.27472999691963196,0.08603999763727188,0.3357599973678589,0.13610999286174774,0.009089999832212925,0.05000000074505806,0.01205000001937151,0.13610999286174774,0.0261400006711483,0.0,0.0,0.05008000135421753],[0.3020800054073334,0.1972299963235855,0.0,0.0,0.09358999878168106,0.01680999994277954,0.004809999838471413,0.0,0.26537999510765076,0.09358999878168106,0.26537999510765076,0.16132999956607819,0.04799000173807144,0.04560000076889992,0.0,0.16132999956607819,0.009619999676942825,0.004809999838471413,0.06815999746322632,0.041669998317956924],[0.2850100100040436,0.15807999670505524,0.008200000040233135,0.0,0.10891000181436539,0.028869999572634697,0.009270000271499157,0.02686999924480915,0.19645999372005463,0.10255999863147736,0.19645999372005463,0.13120999932289124,0.02679000049829483,0.05940999835729599,0.010099999606609344,0.13120999932289124,0.05040999874472618,0.009270000271499157,0.0,0.015629999339580536],[0.27928000688552856,0.10137999802827835,0.009170000441372395,0.04854999855160713,0.059039998799562454,0.010420000180602074,0.0,0.007470000069588423,0.19235000014305115,0.059039998799562454,0.19235000014305115,0.09390000253915787,0.0,0.018519999459385872,0.01769999973475933,0.09390000253915787,0.04854999855160713,0.009999999776482582,0.010639999993145466,0.0]]}