{"objective":4765.59375,"runtime":0.0,"usage_matrix":[[0.0,0.0,0.0,0.0,0.11214999854564667,0.0,0.0,0.014329999685287476,0.008259999565780163,0.05455999821424484,0.00039999998989515007,0.0,0.0,0.054760001599788666,0.017500000074505806,0.0,0.010739999823272228,0.0,0.016429999843239784,0.054349999874830246],[0.0059899999760091305,0.01817999966442585,0.04019000008702278,0.010099999606609344,0.0,0.0021800000686198473,0.037039998918771744,0.02027999982237816,0.022870000451803207,0.0,0.0023900000378489494,0.016200000420212746,0.0,0.09371999651193619,0.04123999923467636,0.043049998581409454,0.02019999921321869,0.016589999198913574,0.00989999994635582,0.0055599999614059925],[0.050680000334978104,0.0,0.00877000018954277,0.0,0.0,0.07202000170946121,0.016950000077486038,0.015289999544620514,0.017799999564886093,0.05477000027894974,0.0,0.0,0.019700000062584877,0.03951000049710274,0.02150999940931797,0.0066200001165270805,0.05747000128030777,0.03125,0.010870000347495079,0.01075000036507845],[0.020339999347925186,0.0,0.021740000694990158,0.0,0.010870000347495079,0.02043999917805195,0.0,0.05428000167012215,0.044179998338222504,0.0036800000816583633,0.0,0.0,0.009510000236332417,0.0004299999854993075,0.0,0.0,0.052080001682043076,0.0,0.011110000312328339,0.04544999822974205],[0.0,0.03152000159025192,0.02061999961733818,0.04839999973773956,0.037039998918771744,0.0803999975323677,0.01066999975591898,0.0,0.0,0.002580000087618828,0.02184000052511692,0.02542000077664852,0.007619999814778566,0.0,0.01803000085055828,0.0,0.029410000890493393,0.0,0.0,0.019050000235438347],[0.0,0.0631600022315979,0.010490000247955322,0.02061999961733818,0.0,0.0,0.0,0.05761000141501427,0.0640999972820282,0.0,0.0,0.020899999886751175,0.0,0.0,0.0,0.0,0.0,0.01257999986410141,0.029489999637007713,0.0],[0.07850000262260437,0.010420000180602074,0.026319999247789383,0.03658999875187874,0.0215000007301569,0.049570001661777496,0.04901999980211258,0.010660000145435333,0.006889999844133854,0.003590000094845891,0.0560699999332428,0.019999999552965164,0.03596000000834465,0.014580000191926956,0.0,0.0,0.0,0.0,0.04081999883055687,0.05951999872922897],[0.059220001101493835,0.0,0.0,0.00989999994635582,0.003650000086054206,0.004550000187009573,0.009259999729692936,0.0,0.0,0.0,0.010660000145435333,0.052080001682043076,0.0012199999764561653,0.11467000097036362,0.0,0.059300001710653305,0.009349999949336052,0.0,0.019610000774264336,0.003650000086054206],[0.08897999674081802,0.028039999306201935,0.019050000235438347,0.028620000928640366,0.0,0.0036700000055134296,0.0,0.009940000250935555,0.0,0.0,0.0,0.009800000116229057,0.004480000119656324,0.045010000467300415,0.017389999702572823,0.050360001623630524,0.009800000116229057,0.010320000350475311,0.0,0.004889999981969595],[0.0221599992364645,0.0,0.0,0.0,0.065420001745224,0.0,0.0,0.0,0.0,0.0010400000028312206,0.04628999903798103,0.030300000682473183,0.00686000008136034,0.030249999836087227,0.0,0.04064000025391579,0.005880000069737434,0.0,0.005880000069737434,0.0]],"frequency_matrix":[[0.3434799909591675,0.0,0.0,0.0,0.11214999854564667,0.2625499963760376,0.0,0.23537999391555786,0.008259999565780163,0.22104999423027039,0.32596999406814575,0.0,0.2625499963760376,0.31731000542640686,0.017500000074505806,0.3434799909591675,0.010739999823272228,0.0,0.016429999843239784,0.054349999874830246],[0.4056600034236908,0.01817999966442585,0.04019000008702278,0.010099999606609344,0.016589999198913574,0.0928800031542778,0.037039998918771744,0.06061000004410744,0.03297000005841255,0.022140000015497208,0.27834999561309814,0.016200000420212746,0.14926999807357788,0.24299000203609467,0.04123999923467636,0.36263999342918396,0.02019999921321869,0.016589999198913574,0.00989999994635582,0.0055599999614059925],[0.4339599907398224,0.0,0.00877000018954277,0.0,0.03125,0.2524299919605255,0.016950000077486038,0.1120700016617775,0.017799999564886093,0.09677000343799591,0.33820998668670654,0.0,0.2809000015258789,0.32041001319885254,0.02150999940931797,0.3663400113582611,0.05747000128030777,0.03125,0.010870000347495079,0.01075000036507845],[0.29412001371383667,0.0,0.021740000694990158,0.0,0.010870000347495079,0.19791999459266663,0.0,0.11428999900817871,0.044179998338222504,0.05999999865889549,0.2737799882888794,0.0,0.22916999459266663,0.2295999974012375,0.0,0.2737799882888794,0.052080001682043076,0.0,0.011110000312328339,0.04544999822974205],[0.35260000824928284,0.03152000159025192,0.02061999961733818,0.04839999973773956,0.037039998918771744,0.20000000298023224,0.01066999975591898,0.09018000215291977,0.04839999973773956,0.05866999924182892,0.3239000141620636,0.02542000077664852,0.2536599934101105,0.2536599934101105,0.01803000085055828,0.34193000197410583,0.029410000890493393,0.0,0.0,0.019050000235438347],[0.2789599895477295,0.0631600022315979,0.010490000247955322,0.02061999961733818,0.01257999986410141,0.1628500074148178,0.0,0.13334999978542328,0.08472000062465668,0.01257999986410141,0.2789599895477295,0.020899999886751175,0.194240003824234,0.194240003824234,0.0,0.2789599895477295,0.0,0.01257999986410141,0.029489999637007713,0.0],[0.5199999809265137,0.010420000180602074,0.026319999247789383,0.03658999875187874,0.02150999940931797,0.19607999920845032,0.04901999980211258,0.10569000244140625,0.043480001389980316,0.08461999893188477,0.3924799859523773,0.019999999552965164,0.27834999561309814,0.292930006980896,0.0,0.3924799859523773,0.0,0.0,0.04081999883055687,0.05951999872922897],[0.3571400046348572,0.0,0.0,0.00989999994635582,0.003650000086054206,0.04081999883055687,0.009259999729692936,0.007309999782592058,0.00989999994635582,0.007309999782592058,0.22935999929904938,0.052080001682043076,0.09412000328302383,0.20879000425338745,0.0,0.2886599898338318,0.009349999949336052,0.0,0.019610000774264336,0.003650000086054206],[0.3303599953651428,0.028039999306201935,0.019050000235438347,0.028620000928640366,0.010320000350475311,0.0666700005531311,0.0,0.05319000035524368,0.028620000928640366,0.015209999866783619,0.1736299991607666,0.009800000116229057,0.10000000149011612,0.14500999450683594,0.017389999702572823,0.2413800060749054,0.009800000116229057,0.010320000350475311,0.0,0.004889999981969595],[0.254720002412796,0.0,0.0,0.0,0.065420001745224,0.07822000235319138,0.0,0.06645999848842621,0.0,0.06645999848842621,0.19191999733448029,0.030300000682473183,0.11537999659776688,0.14563000202178955,0.0,0.23255999386310577,0.005880000069737434,0.0,0.005880000069737434,0.0]]}