{"objective":5019.3515625,"runtime":0.0,"usage_matrix":[[0.0,0.0,0.02563999965786934,0.020719999447464943,0.05610999837517738,0.036740001291036606,0.0,0.007439999841153622,0.0,0.0,0.03570999950170517,0.01721999980509281,0.04029000177979469,0.0,0.0796699970960617,0.0,0.0,0.0,0.009519999846816063,0.0],[0.12037000060081482,0.0,0.008349999785423279,0.0036299999337643385,0.09318999946117401,0.0,0.003809999907389283,0.0,0.024769999086856842,0.0,0.027790000662207603,0.0,0.04008999839425087,0.015930000692605972,0.028109999373555183,0.0,0.0,0.04309999942779541,0.0625,0.015320000238716602],[0.0,0.0,0.04123999923467636,0.0,0.0,0.05366000160574913,0.03353000059723854,0.0,0.0,0.021950000897049904,0.01834999956190586,0.0,0.0,0.006920000072568655,0.0,0.04586999863386154,0.0,0.019509999081492424,0.02191999927163124,0.016330000013113022],[0.05268999934196472,0.0,0.01075000036507845,0.006670000031590462,0.0,0.0,0.04159000143408775,0.007009999826550484,0.0,0.059780001640319824,0.021290000528097153,0.021390000358223915,0.014329999685287476,0.0,0.0,0.029410000890493393,0.0,0.010870000347495079,0.024210000410676003,0.0],[0.006339999847114086,0.02295999974012375,0.00892999954521656,0.017570000141859055,0.0,0.05772000178694725,0.0,0.05087999999523163,0.0,0.0036299999337643385,0.0,0.009170000441372395,0.0,0.022199999541044235,0.009340000338852406,0.018519999459385872,0.0,0.0,0.0,0.0],[0.16972999274730682,0.0,0.0,0.022199999541044235,0.0,0.0,0.0,0.00419999985024333,0.0,0.0,0.035270001739263535,0.00848000030964613,0.0,0.036309998482465744,0.0,0.03173999860882759,0.02239999920129776,0.02703000046312809,0.009870000183582306,0.037039998918771744],[0.0,0.013670000247657299,0.02150999940931797,0.0,0.053289998322725296,0.0,0.0,0.030629999935626984,0.0,0.019220000132918358,0.007230000104755163,0.0,0.08184000104665756,0.012969999574124813,0.043049998581409454,0.0,0.04755999892950058,0.0,0.010529999621212482,0.02597000077366829],[0.12211000174283981,0.04400999844074249,0.00887999963015318,0.07833000272512436,0.02450999990105629,0.0,0.0020699999295175076,0.0,0.016429999843239784,0.0,0.010610000230371952,0.008620000444352627,0.05838000029325485,0.07338999956846237,0.0,0.0,0.0,0.009170000441372395,0.0,0.0],[0.0,0.02807999961078167,0.0,0.02607000060379505,0.0,0.18538999557495117,0.0,0.0,0.0,0.003370000049471855,0.010990000329911709,0.06796000152826309,0.0,0.0,0.028030000627040863,0.0,0.0,0.010990000329911709,0.02857000008225441,0.012400000356137753],[0.0,0.0,0.009329999797046185,0.031610000878572464,0.03232000023126602,0.02246999926865101,0.03044000081717968,0.0,0.07773000001907349,0.0,0.0,0.0,0.0,0.021040000021457672,0.06926999986171722,0.007910000160336494,0.0,0.011490000411868095,0.03669999912381172,0.0427899993956089]],"frequency_matrix":[[0.3290799856185913,0.10642000287771225,0.02563999965786934,0.020719999447464943,0.2424200028181076,0.07246000319719315,0.30344000458717346,0.007439999841153622,0.1863200068473816,0.3290799856185913,0.03570999950170517,0.01721999980509281,0.28271999955177307,0.007439999841153622,0.08918999880552292,0.0,0.007439999841153622,0.0,0.009519999846816063,0.0],[0.4869599938392639,0.09060999751091003,0.008349999785423279,0.04673000052571297,0.26761001348495483,0.027790000662207603,0.35822999477386475,0.015320000238716602,0.17441999912261963,0.3665899932384491,0.027790000662207603,0.0,0.30768999457359314,0.03125,0.09060999751091003,0.0,0.015320000238716602,0.04309999942779541,0.0625,0.015320000238716602],[0.2792699933052063,0.02191999927163124,0.04123999923467636,0.019509999081492424,0.1171799972653389,0.07201000303030014,0.17021000385284424,0.016330000013113022,0.1171799972653389,0.2792699933052063,0.01834999956190586,0.0,0.1171799972653389,0.023240000009536743,0.02191999927163124,0.04586999863386154,0.016330000013113022,0.019509999081492424,0.02191999927163124,0.016330000013113022],[0.30000001192092896,0.04560000076889992,0.01075000036507845,0.01754000037908554,0.0738999992609024,0.021290000528097153,0.14736999571323395,0.007009999826550484,0.0738999992609024,0.24730999767780304,0.021290000528097153,0.021390000358223915,0.08823999762535095,0.007009999826550484,0.024210000410676003,0.029410000890493393,0.007009999826550484,0.010870000347495079,0.024210000410676003,0.0],[0.2272700071334839,0.04148000106215477,0.00892999954521656,0.017570000141859055,0.17228999733924866,0.05772000178694725,0.189860001206398,0.05087999999523163,0.17228999733924866,0.22092999517917633,0.0,0.009170000441372395,0.17228999733924866,0.07308000326156616,0.009349999949336052,0.018519999459385872,0.05087999999523163,0.0,0.0,0.0],[0.4042600095272064,0.01834999956190586,0.0,0.049229998141527176,0.15355999767780304,0.035270001739263535,0.2027900069952011,0.04123999923467636,0.15355999767780304,0.2345300018787384,0.035270001739263535,0.00848000030964613,0.15355999767780304,0.09994000196456909,0.009870000183582306,0.03173999860882759,0.06363999843597412,0.02703000046312809,0.009870000183582306,0.037039998918771744],[0.3674600124359131,0.06723999977111816,0.02150999940931797,0.0,0.24490000307559967,0.007230000104755163,0.32673999667167664,0.05660000070929527,0.19160999357700348,0.3674600124359131,0.007230000104755163,0.0,0.32673999667167664,0.11714000254869461,0.05356999859213829,0.0,0.10417000204324722,0.0,0.010529999621212482,0.02597000077366829],[0.4565199911594391,0.052629999816417694,0.00887999963015318,0.08749999850988388,0.17757000029087067,0.010610000230371952,0.3255299925804138,0.0,0.15306000411510468,0.33441001176834106,0.010610000230371952,0.008620000444352627,0.2359600067138672,0.07338999956846237,0.0,0.0,0.0,0.009170000441372395,0.0,0.0],[0.40185999870300293,0.15263999998569489,0.0,0.037060000002384186,0.36142000555992126,0.19638000428676605,0.39847999811172485,0.012400000356137753,0.36142000555992126,0.40185999870300293,0.010990000329911709,0.06796000152826309,0.36142000555992126,0.012400000356137753,0.05660000070929527,0.0,0.012400000356137753,0.010990000329911709,0.02857000008225441,0.012400000356137753],[0.3931199908256531,0.10597000271081924,0.009329999797046185,0.04309999942779541,0.3023200035095215,0.02246999926865101,0.3758699893951416,0.0427899993956089,0.27000001072883606,0.3931199908256531,0.0,0.0,0.3023200035095215,0.06383000314235687,0.10597000271081924,0.007910000160336494,0.0427899993956089,0.011490000411868095,0.03669999912381172,0.0427899993956089]]}