{"objective":4938.7861328125,"runtime":0.0,"usage_matrix":[[0.08574999868869781,0.0,0.026399999856948853,0.01802000030875206,0.0,0.047120001167058945,0.0857900008559227,0.02118000015616417,0.0,0.004720000084489584,0.0,0.0,0.008849999867379665,0.010639999993145466,0.014680000022053719,0.003719999920576811,0.0,0.013419999741017818,0.018689999356865883,0.0],[0.0,0.00892999954521656,0.029249999672174454,0.0029800001066178083,0.0,0.013299999758601189,0.0,0.06428000330924988,0.05510000139474869,0.0,0.010420000180602074,0.0,0.01923000067472458,0.0,0.0,0.002319999970495701,0.016659999266266823,0.003100000089034438,0.03570999950170517,0.0],[0.0,0.028039999306201935,0.039739999920129776,0.04264000058174133,0.0,0.07433000206947327,0.0,0.0,0.027049999684095383,0.0,0.008849999867379665,0.019220000132918358,0.0,0.0081599997356534,0.0,0.0,0.0,0.011500000022351742,0.0,0.05651000142097473],[0.10779000073671341,0.0301900003105402,0.0,0.0,0.04566999897360802,0.03034999966621399,0.021159999072551727,0.05090000107884407,0.03150999918580055,0.0,0.007600000128149986,0.0494999997317791,0.008550000376999378,0.030300000682473183,0.019610000774264336,0.0,0.0,0.0,0.0,0.0001900000061141327],[0.01534000039100647,0.00824000034481287,0.06287000328302383,0.0,0.0,0.0,0.0580499991774559,0.0,0.0,0.0,0.01030999980866909,0.02150999940931797,0.0,0.010529999621212482,0.0,0.02985999919474125,0.029079999774694443,0.021609999239444733,0.03906000033020973,0.02029000036418438],[0.0,0.023469999432563782,0.005040000192821026,0.0,0.006180000025779009,0.0,0.022360000759363174,0.0294599998742342,0.1222200021147728,0.0,0.010990000329911709,0.032260000705718994,0.0,0.0,0.009619999676942825,0.015359999611973763,0.0,0.00610999995842576,0.05404999852180481,0.0006900000153109431],[0.0,0.07692000269889832,0.011420000344514847,0.01551000028848648,0.0,0.07387000322341919,0.0021100000012665987,0.010870000347495079,0.0,0.0,0.0,0.009089999832212925,0.016950000077486038,0.027879999950528145,0.0,0.061409998685121536,0.035009998828172684,0.05555000156164169,0.0,0.0],[0.0,0.008059999905526638,0.021900000050663948,0.004279999993741512,0.1092199981212616,0.0,0.0,0.0,0.03485000133514404,0.0,0.0,0.028139999136328697,0.019220000132918358,0.018470000475645065,0.010529999621212482,0.01460999995470047,0.0,0.019910000264644623,0.057819999754428864,0.06260000169277191],[0.0,0.0,0.01711999997496605,0.052080001682043076,0.03370999917387962,0.013319999910891056,0.017030000686645508,0.0,0.0,0.00007999999797903001,0.0,0.0,0.02500000037252903,0.018200000748038292,0.0,0.0016799999866634607,0.023019999265670776,0.016259999945759773,0.011699999682605267,0.0],[0.0,0.0363599993288517,0.0,0.04766999930143356,0.043480001389980316,0.026739999651908875,0.0,0.02143000066280365,0.0,0.019020000472664833,0.0,0.015890000388026237,0.0,0.06593000143766403,0.0,0.005900000222027302,0.04267999902367592,0.023250000551342964,0.0,0.012659999541938305]],"frequency_matrix":[[0.3589699864387512,0.0,0.1339299976825714,0.01802000030875206,0.0,0.2444400042295456,0.10752999782562256,0.05454999953508377,0.2625899910926819,0.24917000532150269,0.0,0.0,0.008849999867379665,0.010639999993145466,0.014680000022053719,0.021740000694990158,0.2625899910926819,0.013419999741017818,0.018689999356865883,0.014680000022053719],[0.26128000020980835,0.00892999954521656,0.043480001389980316,0.011900000274181366,0.0,0.17600999772548676,0.014220000244677067,0.10000000149011612,0.26128000020980835,0.17600999772548676,0.010420000180602074,0.0,0.01923000067472458,0.0,0.0,0.014220000244677067,0.20619000494480133,0.013509999960660934,0.03570999950170517,0.0],[0.3160400092601776,0.028039999306201935,0.12962999939918518,0.07067999988794327,0.0,0.26047998666763306,0.0898900032043457,0.05651000142097473,0.3078800141811371,0.26047998666763306,0.008849999867379665,0.019220000132918358,0.0,0.0081599997356534,0.0,0.07067999988794327,0.28082001209259033,0.020349999889731407,0.0,0.05651000142097473],[0.4333299994468689,0.0301900003105402,0.10085999965667725,0.0301900003105402,0.04566999897360802,0.21046000719070435,0.10085999965667725,0.07071000337600708,0.29524001479148865,0.25613000988960266,0.007600000128149986,0.0494999997317791,0.008550000376999378,0.030300000682473183,0.019610000774264336,0.0301900003105402,0.263729989528656,0.007600000128149986,0.0,0.01979999989271164],[0.32673001289367676,0.00824000034481287,0.18051999807357788,0.00824000034481287,0.0,0.23986999690532684,0.11765000224113464,0.05934999883174896,0.3008599877357483,0.23986999690532684,0.01030999980866909,0.02150999940931797,0.0,0.010529999621212482,0.0,0.038100000470876694,0.3008599877357483,0.0319099985063076,0.03906000033020973,0.02029000036418438],[0.33781999349594116,0.023469999432563782,0.09849999845027924,0.023469999432563782,0.006180000025779009,0.19232000410556793,0.09346000105142593,0.0938199982047081,0.33781999349594116,0.19850000739097595,0.010990000329911709,0.032260000705718994,0.0,0.0,0.009619999676942825,0.038830000907182693,0.21559999883174896,0.017100000753998756,0.05404999852180481,0.01030999980866909],[0.39660999178886414,0.07692000269889832,0.17646999657154083,0.09244000166654587,0.0,0.2781600058078766,0.16504999995231628,0.010870000347495079,0.36873000860214233,0.2781600058078766,0.0,0.009089999832212925,0.016950000077486038,0.027879999950528145,0.0,0.1538500040769577,0.36873000860214233,0.055560000240802765,0.0,0.0],[0.40961000323295593,0.008059999905526638,0.07699999958276749,0.012350000441074371,0.1092199981212616,0.22717000544071198,0.05508999899029732,0.13095000386238098,0.39114001393318176,0.3363899886608124,0.0,0.028139999136328697,0.019220000132918358,0.018470000475645065,0.010529999621212482,0.02694999985396862,0.3562999963760376,0.019910000264644623,0.057819999754428864,0.07311999797821045],[0.22920000553131104,0.0,0.087909996509552,0.052080001682043076,0.03370999917387962,0.1379300057888031,0.07079999893903732,0.011699999682605267,0.21098999679088593,0.1717199981212616,0.0,0.0,0.02500000037252903,0.018200000748038292,0.0,0.05375999957323074,0.21098999679088593,0.016259999945759773,0.011699999682605267,0.0],[0.3610300123691559,0.0363599993288517,0.10582999885082245,0.08403000235557556,0.043480001389980316,0.16666999459266663,0.10582999885082245,0.03409000113606453,0.29510000348091125,0.22916999459266663,0.0,0.015890000388026237,0.0,0.06593000143766403,0.0,0.08993999660015106,0.29510000348091125,0.023259999230504036,0.0,0.012659999541938305]]}