{"objective":5119.54150390625,"runtime":0.0,"usage_matrix":[[0.04546999931335449,0.0,0.0,0.05505000054836273,0.06295999884605408,0.01979999989271164,0.038830000907182693,0.021139999851584435,0.0,0.0,0.01827000081539154,0.019869999960064888,0.0,0.0,0.06396999955177307,0.015990000218153,0.0,0.009259999729692936,0.019589999690651894,0.02565000019967556],[0.03558000177145004,0.0,0.01095999963581562,0.030079999938607216,0.0,0.0,0.0,0.009549999609589577,0.005510000046342611,0.0,0.01916000060737133,0.03092999942600727,0.0487699992954731,0.0,0.02703999914228916,0.0,0.04033999890089035,0.0,0.0,0.012350000441074371],[0.010060000233352184,0.04018000140786171,0.0,0.0,0.06185999885201454,0.0,0.0086899995803833,0.009619999676942825,0.011789999902248383,0.02964000031352043,0.0,0.0,0.008460000157356262,0.044679999351501465,0.0,0.0,0.08910000324249268,0.01075000036507845,0.009080000221729279,0.019610000774264336],[0.05773000046610832,0.014279999770224094,0.018869999796152115,0.0,0.04428999871015549,0.0,0.019610000774264336,0.01923000067472458,0.0,0.009069999679923058,0.07806999981403351,0.0,0.0,0.0,0.10462000221014023,0.0456399992108345,0.0047599999234080315,0.07954999804496765,0.02160000056028366,0.00406000018119812],[0.0,0.0,0.02679000049829483,0.04470999911427498,0.020010000094771385,0.04673000052571297,0.021050000563263893,0.02019999921321869,0.01785999909043312,0.02834000065922737,0.016499999910593033,0.0,0.03669000044465065,0.03280000016093254,0.0,0.0,0.0016400000313296914,0.0,0.01331000030040741,0.07142999768257141],[0.13906000554561615,0.10151000320911407,0.0760900005698204,0.015370000153779984,0.002570000011473894,0.0,0.0,0.029410000890493393,0.024890000000596046,0.003590000094845891,0.0,0.0,0.0,0.0,0.07015000283718109,0.0,0.00343000004068017,0.0,0.05130000039935112,0.01769999973475933],[0.0812000036239624,0.061319999396800995,0.008469999767839909,0.02061999961733818,0.007079999893903732,0.03613999858498573,0.03370999917387962,0.018869999796152115,0.06674999743700027,0.0017800000496208668,0.05449000000953674,0.0,0.0,0.0,0.046140000224113464,0.029600000008940697,0.0,0.0,0.013609999790787697,0.02019999921321869],[0.06396999955177307,0.04772000014781952,0.04029000177979469,0.01205000001937151,0.006219999864697456,0.04758000001311302,0.030540000647306442,0.0,0.0077599999494850636,0.0,0.0,0.0,0.0,0.032499998807907104,0.0,0.03432000055909157,0.05490000173449516,0.0,0.026909999549388885,0.0],[0.0,0.0019199999514967203,0.0,0.0,0.0784199982881546,0.00803999975323677,0.042180001735687256,0.02563999965786934,0.0,0.00406000018119812,0.0,0.02573000080883503,0.0012700000079348683,0.0221599992364645,0.04721999913454056,0.0,0.0076299998909235,0.02246999926865101,0.010049999691545963,0.052480001002550125],[0.022260000929236412,0.11315999925136566,0.00798999983817339,0.054349999874830246,0.0071299998089671135,0.0,0.022220000624656677,0.05217000097036362,0.037039998918771744,0.0,0.01181000005453825,0.04067999869585037,0.0,0.018850000575184822,0.01761999912559986,0.020320000126957893,0.031980000436306,0.004689999856054783,0.0,0.0]],"frequency_matrix":[[0.4158399999141693,0.26782000064849854,0.0,0.05505000054836273,0.14806999266147614,0.01979999989271164,0.038830000907182693,0.021139999851584435,0.02565000019967556,0.021139999851584435,0.3703700006008148,0.04870999976992607,0.04870999976992607,0.04870999976992607,0.08511000126600266,0.1197500005364418,0.26782000064849854,0.009259999729692936,0.028850000351667404,0.02565000019967556],[0.2702699899673462,0.1573300063610077,0.01095999963581562,0.030079999938607216,0.04755000025033951,0.0,0.0,0.009549999609589577,0.01785999909043312,0.020509999245405197,0.23468999564647675,0.03092999942600727,0.07970000058412552,0.07970000058412552,0.04755000025033951,0.10977999866008759,0.19766999781131744,0.0,0.0,0.012350000441074371],[0.35354000329971313,0.21428999304771423,0.0,0.0,0.1011200025677681,0.0,0.0086899995803833,0.009619999676942825,0.03139999881386757,0.03925999999046326,0.3434700071811676,0.019840000197291374,0.028300000354647636,0.07298000156879425,0.03925999999046326,0.07298000156879425,0.3033899962902069,0.01075000036507845,0.019840000197291374,0.019610000774264336],[0.521369993686676,0.3571400046348572,0.018869999796152115,0.0,0.19607999920845032,0.0,0.019610000774264336,0.01923000067472458,0.00406000018119812,0.0471699982881546,0.4636400043964386,0.10114999860525131,0.10114999860525131,0.10114999860525131,0.15178999304771423,0.14678999781608582,0.3619000017642975,0.07954999804496765,0.10114999860525131,0.00406000018119812],[0.39805999398231506,0.2228499948978424,0.02679000049829483,0.04470999911427498,0.09533999860286713,0.04673000052571297,0.021050000563263893,0.02019999921321869,0.08929000049829483,0.07532999664545059,0.39805999398231506,0.01331000030040741,0.05000000074505806,0.0828000009059906,0.07532999664545059,0.12750999629497528,0.2244900017976761,0.0,0.01331000030040741,0.07142999768257141],[0.5350900292396545,0.3499999940395355,0.0760900005698204,0.015370000153779984,0.18182000517845154,0.0,0.0,0.029410000890493393,0.04258999973535538,0.10909000039100647,0.3960300087928772,0.05130000039935112,0.05130000039935112,0.05130000039935112,0.17925000190734863,0.0666700005531311,0.35343000292778015,0.0,0.05130000039935112,0.01769999973475933],[0.5,0.20749999582767487,0.008469999767839909,0.02061999961733818,0.0823500007390976,0.03613999858498573,0.03370999917387962,0.018869999796152115,0.08696000277996063,0.0291300006210804,0.4187999963760376,0.013609999790787697,0.013609999790787697,0.013609999790787697,0.07526999711990356,0.06383000314235687,0.20749999582767487,0.0,0.013609999790787697,0.02019999921321869],[0.4047600030899048,0.20000000298023224,0.04029000177979469,0.01205000001937151,0.046509999781847,0.04758000001311302,0.030540000647306442,0.0,0.0077599999494850636,0.04029000177979469,0.3407900035381317,0.026909999549388885,0.026909999549388885,0.05940999835729599,0.04029000177979469,0.10576999932527542,0.2549000084400177,0.0,0.026909999549388885,0.0],[0.3492799997329712,0.23894000053405762,0.0,0.0,0.15534000098705292,0.00803999975323677,0.042180001735687256,0.02563999965786934,0.052480001002550125,0.02969999983906746,0.3492799997329712,0.05824999883770943,0.05951999872922897,0.08167999982833862,0.07692000269889832,0.08167999982833862,0.24657000601291656,0.02246999926865101,0.032519999891519547,0.052480001002550125],[0.46226000785827637,0.33695998787879944,0.00798999983817339,0.054349999874830246,0.08490999788045883,0.0,0.022220000624656677,0.05217000097036362,0.037039998918771744,0.06015999987721443,0.4399999976158142,0.04537000134587288,0.04537000134587288,0.06421999633312225,0.07778000086545944,0.13888999819755554,0.36893001198768616,0.004689999856054783,0.004689999856054783,0.0]]}