{"objective":3931.45556640625,"runtime":0.0,"usage_matrix":[[0.0,0.06863000243902206,0.020409999415278435,0.011669999919831753,0.04123999923467636,0.04094000160694122,0.0,0.011359999887645245,0.010859999805688858,0.017389999702572823,0.044119998812675476,0.061560001224279404,0.018050000071525574,0.0,0.021090000867843628,0.04544999822974205,0.0019399999873712659,0.031619999557733536,0.0,0.0],[0.004350000061094761,0.06061000004410744,0.0,0.0,0.022390000522136688,0.08287999778985977,0.010990000329911709,0.0,0.010420000180602074,0.02312999963760376,0.0,0.023800000548362732,0.019419999793171883,0.0010499999625608325,0.0,0.008620000444352627,0.0012000000569969416,0.0,0.0515500009059906,0.0],[0.0,0.020409999415278435,0.0,0.029610000550746918,0.04709000140428543,0.015469999983906746,0.0,0.004530000034719706,0.0,0.02442000061273575,0.05618000030517578,0.040219999849796295,0.023809999227523804,0.0,0.0,0.0,0.039480000734329224,0.017069999128580093,0.0,0.0],[0.08720000088214874,0.008679999969899654,0.009800000116229057,0.0,0.07175000011920929,0.01754000037908554,0.0,0.0,0.0,0.007899999618530273,0.003289999905973673,0.0,0.056129999458789825,0.029890000820159912,0.010990000329911709,0.009309999644756317,0.00023999999393709004,0.04052000120282173,0.01817999966442585,0.0],[0.016419999301433563,0.0,0.020409999415278435,0.0,0.003659999929368496,0.036559998989105225,0.0215000007301569,0.009949999861419201,0.0,0.0,0.012790000066161156,0.022110000252723694,0.010200000368058681,0.0824500024318695,0.022220000624656677,0.05127999931573868,0.06829000264406204,0.0,0.00892999954521656,0.08489999920129776],[0.0,0.0,0.043859999626874924,0.015850000083446503,0.0,0.0013200000394135714,0.0,0.03922000154852867,0.024890000000596046,0.06194999814033508,0.12223000079393387,0.0,0.015270000323653221,0.0031500000040978193,0.04789000004529953,0.021479999646544456,0.0,0.018640000373125076,0.0,0.020419999957084656],[0.05349000170826912,0.0,0.009709999896585941,0.009800000116229057,0.0,0.0,0.0038999998942017555,0.03999999910593033,0.02484999969601631,0.023590000346302986,0.0,0.0,0.0005000000237487257,0.1031000018119812,0.0,0.09258999675512314,0.055399999022483826,0.022989999502897263,0.009519999846816063,0.0],[0.01940000057220459,0.009800000116229057,0.019999999552965164,0.0,0.0003600000054575503,0.0,0.01924999989569187,0.04210999980568886,0.0059899999760091305,0.02969999983906746,0.13818000257015228,0.0029299999587237835,0.04329000040888786,0.03133999928832054,0.0,0.011359999887645245,0.021449999883770943,0.011359999887645245,0.03361000120639801,0.006659999955445528],[0.0,0.0,0.09337999671697617,0.03158000111579895,0.0,0.006579999811947346,0.022779999300837517,0.03269999846816063,0.0,0.0,0.0,0.007249999791383743,0.0,0.0,0.0,0.04098000004887581,0.02947000041604042,0.0,0.0,0.0],[0.046220000833272934,0.009709999896585941,0.03210999816656113,0.0,0.09122999757528305,0.02937999926507473,0.0,0.0427899993956089,0.0,0.0,0.008390000090003014,0.0007099999929778278,0.0,0.0,0.04839000105857849,0.0,0.0,0.020250000059604645,0.038100000470876694,0.009089999832212925]],"frequency_matrix":[[0.4463300108909607,0.06863000243902206,0.020409999415278435,0.011669999919831753,0.08163999766111374,0.0631600022315979,0.04329000040888786,0.011359999887645245,0.022220000624656677,0.017389999702572823,0.23221999406814575,0.17564000189304352,0.03846000134944916,0.12494000047445297,0.021090000867843628,0.04544999822974205,0.04039999842643738,0.031619999557733536,0.0,0.017389999702572823],[0.320389986038208,0.06061000004410744,0.0,0.0,0.04301000013947487,0.093299999833107,0.010990000329911709,0.0,0.010420000180602074,0.02312999963760376,0.14834000170230865,0.093019999563694,0.019419999793171883,0.05505000054836273,0.0,0.008620000444352627,0.02061999961733818,0.0,0.0515500009059906,0.02312999963760376],[0.31828999519348145,0.020409999415278435,0.0,0.029610000550746918,0.11038000136613846,0.019999999552965164,0.04668999835848808,0.004530000034719706,0.004530000034719706,0.02442000061273575,0.23323999345302582,0.06061999872326851,0.023809999227523804,0.15705999732017517,0.0,0.0,0.06328999996185303,0.017069999128580093,0.0,0.02442000061273575],[0.37143000960350037,0.008679999969899654,0.009800000116229057,0.0,0.1379300057888031,0.01754000037908554,0.04052000120282173,0.0,0.0,0.007899999618530273,0.22916999459266663,0.017990000545978546,0.06593000143766403,0.20833000540733337,0.010990000329911709,0.009309999644756317,0.06617999821901321,0.04052000120282173,0.01817999966442585,0.007899999618530273],[0.4717000126838684,0.0,0.020409999415278435,0.0,0.10255999863147736,0.046509999781847,0.02150999940931797,0.009949999861419201,0.009949999861419201,0.0,0.2658199965953827,0.07338999956846237,0.03061000071465969,0.20652000606060028,0.022220000624656677,0.05127999931573868,0.09889999777078629,0.0,0.00892999954521656,0.08490999788045883],[0.43615999817848206,0.0,0.043859999626874924,0.015850000083446503,0.059130001813173294,0.065420001745224,0.03449000045657158,0.03922000154852867,0.0640999972820282,0.06194999814033508,0.2844200134277344,0.021479999646544456,0.059130001813173294,0.09677000343799591,0.04789000004529953,0.021479999646544456,0.059130001813173294,0.018640000373125076,0.0,0.08236999809741974],[0.44944000244140625,0.0,0.009709999896585941,0.009800000116229057,0.06560999900102615,0.06485000252723694,0.03669999912381172,0.03999999910593033,0.06485000252723694,0.023590000346302986,0.27024999260902405,0.09258999675512314,0.010200000368058681,0.2054000049829483,0.0,0.09258999675512314,0.06560999900102615,0.022989999502897263,0.009519999846816063,0.023590000346302986],[0.4468100070953369,0.009800000116229057,0.019999999552965164,0.0,0.08511000126600266,0.048089999705553055,0.03061000071465969,0.04210999980568886,0.048089999705553055,0.02969999983906746,0.3333300054073334,0.02410000003874302,0.06328999996185303,0.14706000685691833,0.0,0.011359999887645245,0.08474999666213989,0.011359999887645245,0.03361000120639801,0.0363599993288517],[0.2647300064563751,0.0,0.09337999671697617,0.03158000111579895,0.12285000085830688,0.0392800010740757,0.05435999855399132,0.03269999846816063,0.03269999846816063,0.0,0.21649999916553497,0.04822999984025955,0.09337999671697617,0.1772100031375885,0.0,0.04098000004887581,0.12285000085830688,0.0,0.0,0.0],[0.37634000182151794,0.009709999896585941,0.03210999816656113,0.0,0.12334000319242477,0.07215999811887741,0.020250000059604645,0.0427899993956089,0.0427899993956089,0.0,0.224140003323555,0.010420000180602074,0.03210999816656113,0.14358000457286835,0.04839000105857849,0.0,0.03210999816656113,0.020250000059604645,0.038100000470876694,0.009089999832212925]]}