{"objective":3927.9677734375,"runtime":0.0,"usage_matrix":[[0.0,0.06863000243902206,0.0,0.02061999961733818,0.04247000068426132,0.021870000287890434,0.0,0.011359999887645245,0.009800000116229057,0.019999999552965164,0.046209998428821564,0.08681999891996384,0.0,0.0,0.021290000528097153,0.040619999170303345,0.0011399999493733048,0.03925999999046326,0.0,0.015130000188946724],[0.0069599999114871025,0.06061000004410744,0.0,0.0,0.022390000522136688,0.052480001002550125,0.010990000329911709,0.0,0.010420000180602074,0.04081999883055687,0.0,0.032419998198747635,0.008430000394582748,0.0034199999645352364,0.0,0.008620000444352627,0.0012000000569969416,0.0,0.0515500009059906,0.010099999606609344],[0.0,0.020409999415278435,0.0,0.0319099985063076,0.04895000159740448,0.0,0.014499999582767487,0.0036200000904500484,0.0,0.02175999991595745,0.05555000156164169,0.00750999990850687,0.0,0.04239000007510185,0.0,0.0,0.029929999262094498,0.018869999796152115,0.0,0.024790000170469284],[0.1062299981713295,0.009349999949336052,0.0,0.0,0.07175000011920929,0.0,0.0,0.0,0.0,0.013690000399947166,0.0,0.007890000008046627,0.02542000077664852,0.05982999876141548,0.008329999633133411,0.009999999776482582,0.00023999999393709004,0.04052000120282173,0.01817999966442585,0.0],[0.028689999133348465,0.0,0.0,0.0,0.003659999929368496,0.025219999253749847,0.0215000007301569,0.009949999861419201,0.0,0.0,0.012790000066161156,0.07338999956846237,0.009109999984502792,0.05268000066280365,0.021290000528097153,0.05127999931573868,0.06829000264406204,0.0,0.00892999954521656,0.08490999788045883],[0.0,0.0,0.0,0.016140000894665718,0.0,0.0,0.014480000361800194,0.03922000154852867,0.022609999403357506,0.046629998832941055,0.09830000251531601,0.0,0.025429999455809593,0.010119999758899212,0.039170000702142715,0.02751999907195568,0.0,0.01923000067472458,0.0,0.0812000036239624],[0.0033599999733269215,0.0,0.009709999896585941,0.009800000116229057,0.0,0.011769999749958515,0.0,0.03999999910593033,0.038430001586675644,0.03158000111579895,0.0,0.06785999983549118,0.0,0.03480000048875809,0.0,0.10988999903202057,0.04334999993443489,0.022260000929236412,0.009519999846816063,0.017090000212192535],[0.0,0.009800000116229057,0.019039999693632126,0.0,0.0003600000054575503,0.0,0.01924999989569187,0.04210999980568886,0.005100000184029341,0.028589999303221703,0.1292099952697754,0.012319999746978283,0.032680001109838486,0.05059000104665756,0.0,0.011359999887645245,0.021449999883770943,0.011359999887645245,0.03167000040411949,0.03423000127077103],[0.0,0.0,0.06052999943494797,0.03158000111579895,0.0,0.0,0.06452000141143799,0.029510000720620155,0.0,0.0,0.0,0.010119999758899212,0.025369999930262566,0.0,0.0,0.03409000113606453,0.032990001142024994,0.0,0.0,0.0],[0.051819998770952225,0.009709999896585941,0.021789999678730965,0.0,0.1041100025177002,0.001990000018849969,0.0,0.0427899993956089,0.0,0.0,0.01955999992787838,0.0007099999929778278,0.0,0.0,0.04839000105857849,0.0,0.008700000122189522,0.019610000774264336,0.038100000470876694,0.009089999832212925]],"frequency_matrix":[[0.44523000717163086,0.06863000243902206,0.021290000528097153,0.02061999961733818,0.0828699991106987,0.0631600022315979,0.03925999999046326,0.011359999887645245,0.021159999072551727,0.019999999552965164,0.2328599989414215,0.17607000470161438,0.03925999999046326,0.12348999828100204,0.021290000528097153,0.040619999170303345,0.04039999842643738,0.03925999999046326,0.0,0.015130000188946724],[0.320389986038208,0.06061000004410744,0.0,0.0,0.04301000013947487,0.093299999833107,0.010990000329911709,0.0,0.010420000180602074,0.04081999883055687,0.14834000170230865,0.093019999563694,0.019419999793171883,0.05505000054836273,0.0,0.008620000444352627,0.02061999961733818,0.0,0.0515500009059906,0.010099999606609344],[0.3201900124549866,0.020409999415278435,0.0,0.0319099985063076,0.11224000155925751,0.02175999991595745,0.03336000069975853,0.0036200000904500484,0.0036200000904500484,0.02175999991595745,0.23194999992847443,0.05982999876141548,0.03336000069975853,0.15464000403881073,0.0,0.0,0.06328999996185303,0.018869999796152115,0.0,0.024790000170469284],[0.37143000960350037,0.009349999949336052,0.008329999633133411,0.0,0.1379300057888031,0.02201000042259693,0.04052000120282173,0.0,0.0,0.013690000399947166,0.22978000342845917,0.017240000888705254,0.06593000143766403,0.2077600061893463,0.008329999633133411,0.009999999776482582,0.06617999821901321,0.04052000120282173,0.01817999966442585,0.0],[0.4717000126838684,0.0,0.021290000528097153,0.0,0.10255999863147736,0.046509999781847,0.02150999940931797,0.009949999861419201,0.009949999861419201,0.0,0.2658199965953827,0.07338999956846237,0.03061000071465969,0.20652000606060028,0.021290000528097153,0.05127999931573868,0.09889999777078629,0.0,0.00892999954521656,0.08490999788045883],[0.4400399923324585,0.0,0.039170000702142715,0.016140000894665718,0.059130001813173294,0.08580999821424484,0.03370999917387962,0.03922000154852867,0.061820000410079956,0.046629998832941055,0.28088000416755676,0.016140000894665718,0.059130001813173294,0.09677000343799591,0.039170000702142715,0.02751999907195568,0.059130001813173294,0.01923000067472458,0.0,0.0812000036239624],[0.44944000244140625,0.0,0.009709999896585941,0.009800000116229057,0.06560999900102615,0.05305999889969826,0.022260000929236412,0.03999999910593033,0.07842999696731567,0.03158000111579895,0.26335999369621277,0.07767000049352646,0.022260000929236412,0.21028999984264374,0.0,0.10988999903202057,0.06560999900102615,0.022260000929236412,0.009519999846816063,0.017090000212192535],[0.45914000272750854,0.009800000116229057,0.019039999693632126,0.0,0.08511000126600266,0.04763000085949898,0.03061000071465969,0.04210999980568886,0.047210000455379486,0.028589999303221703,0.3239000141620636,0.022129999473690987,0.06328999996185303,0.14706000685691833,0.0,0.011359999887645245,0.08474999666213989,0.011359999887645245,0.03167000040411949,0.03423000127077103],[0.28870999813079834,0.0,0.06052999943494797,0.03158000111579895,0.1228799968957901,0.06052999943494797,0.06452000141143799,0.029510000720620155,0.029510000720620155,0.0,0.2175000011920929,0.04170000180602074,0.0898900032043457,0.15696999430656433,0.0,0.03409000113606453,0.1228799968957901,0.0,0.0,0.0],[0.37634000182151794,0.009709999896585941,0.0701799988746643,0.0,0.13241000473499298,0.07215999811887741,0.019610000774264336,0.0427899993956089,0.0427899993956089,0.0,0.224140003323555,0.010420000180602074,0.019610000774264336,0.13241000473499298,0.04839000105857849,0.0,0.028300000354647636,0.019610000774264336,0.038100000470876694,0.009089999832212925]]}