{"objective":5014.03173828125,"runtime":0.0,"usage_matrix":[[0.0,0.0,0.02969999983906746,0.0,0.05795000120997429,0.04351000115275383,0.0,0.01834000088274479,0.0,0.0,0.027710000053048134,0.017270000651478767,0.03874000161886215,0.004279999993741512,0.08019000291824341,0.0,0.0,0.0,0.009519999846816063,0.0],[0.1149900034070015,0.0,0.010870000347495079,0.01107999961823225,0.09318999946117401,0.01616000011563301,0.0002099999983329326,0.0,0.025529999285936356,0.0,0.0,0.0,0.04008999839425087,0.02232000045478344,0.028109999373555183,0.0,0.00892999954521656,0.03564999997615814,0.0625,0.017330000177025795],[0.0,0.0,0.035840000957250595,0.0,0.0,0.0,0.032340001314878464,0.0018899999558925629,0.0,0.07964000105857849,0.0,0.0,0.0,0.021150000393390656,0.0,0.04050000011920929,0.0,0.019109999760985374,0.02127999998629093,0.02751999907195568],[0.05268999934196472,0.0,0.0012199999764561653,0.0,0.0,0.0,0.02937999926507473,0.03809000179171562,0.0,0.06185000017285347,0.018880000337958336,0.0243500005453825,0.019579999148845673,0.0,0.0,0.017240000888705254,0.0,0.010870000347495079,0.025830000638961792,0.0],[0.0,0.02222999930381775,0.00892999954521656,0.014840000309050083,0.0,0.02937999926507473,0.0,0.04854999855160713,0.0,0.0,0.0,0.009170000441372395,0.0,0.024860000237822533,0.009340000338852406,0.018519999459385872,0.047240000218153,0.0,0.0,0.0],[0.16718000173568726,0.0,0.0,0.012769999913871288,0.0,0.0,0.0,0.0,0.0,0.0,0.00901000015437603,0.008290000259876251,0.0,0.03497999906539917,0.0,0.036990001797676086,0.06363999843597412,0.02703000046312809,0.00977999996393919,0.03458999842405319],[0.0,0.012880000285804272,0.01140000019222498,0.0,0.05119000002741814,0.0,0.0,0.02710000053048134,0.0,0.0,0.003710000077262521,0.0,0.07343000173568726,0.011699999682605267,0.043049998581409454,0.0,0.10417000204324722,0.0,0.010529999621212482,0.02597000077366829],[0.1264200061559677,0.04400999844074249,0.009800000116229057,0.07626000046730042,0.02450999990105629,0.00019999999494757503,0.006649999879300594,0.0,0.01703999936580658,0.0,0.0020600000862032175,0.008620000444352627,0.05838000029325485,0.07338999956846237,0.0,0.0,0.0,0.009170000441372395,0.0,0.0],[0.0,0.028510000556707382,0.0,0.023719999939203262,0.0,0.19690999388694763,0.0,0.0,0.0,0.0,0.0,0.06796000152826309,0.0,0.0,0.028030000627040863,0.0,0.007960000075399876,0.010990000329911709,0.02857000008225441,0.016039999201893806],[0.0,0.0,0.011490000411868095,0.03798000141978264,0.03232000023126602,0.0011699999449774623,0.01624000072479248,0.0,0.07773000001907349,0.0,0.0,0.0,0.0,0.023010000586509705,0.06926999986171722,0.009800000116229057,0.04081999883055687,0.005119999870657921,0.03669999912381172,0.04044000059366226]],"frequency_matrix":[[0.32721999287605286,0.10698000341653824,0.02969999983906746,0.027710000053048134,0.2424200028181076,0.07321999967098236,0.3088800013065338,0.01834000088274479,0.1844799965620041,0.32721999287605286,0.027710000053048134,0.017270000651478767,0.28115999698638916,0.004279999993741512,0.08970999717712402,0.0,0.0,0.0,0.009519999846816063,0.0],[0.4869599938392639,0.09060999751091003,0.010870000347495079,0.04673000052571297,0.26761001348495483,0.02703000046312809,0.3546299934387207,0.017330000177025795,0.17441999912261963,0.37196001410484314,0.03564999997615814,0.0,0.30768999457359314,0.03125,0.09060999751091003,0.0,0.00892999954521656,0.03564999997615814,0.0625,0.017330000177025795],[0.2792699933052063,0.02127999998629093,0.035840000957250595,0.019109999760985374,0.11875999718904495,0.07633999735116959,0.17021000385284424,0.029410000890493393,0.11875999718904495,0.2792699933052063,0.019109999760985374,0.0,0.11875999718904495,0.021150000393390656,0.02127999998629093,0.04050000011920929,0.0,0.019109999760985374,0.02127999998629093,0.02751999907195568],[0.30000001192092896,0.05019000172615051,0.0012199999764561653,0.029750000685453415,0.06864999979734421,0.018459999933838844,0.14736999571323395,0.038100000470876694,0.06864999979734421,0.24730999767780304,0.029750000685453415,0.0243500005453825,0.08823999762535095,0.0,0.025830000638961792,0.017240000888705254,0.0,0.010870000347495079,0.025830000638961792,0.0],[0.2330700010061264,0.04075000062584877,0.00892999954521656,0.014840000309050083,0.16967999935150146,0.05682000145316124,0.18452000617980957,0.04854999855160713,0.16967999935150146,0.2330700010061264,0.0,0.009170000441372395,0.16967999935150146,0.07210999727249146,0.009349999949336052,0.018519999459385872,0.047240000218153,0.0,0.0,0.0],[0.4042600095272064,0.018069999292492867,0.0,0.04881000146269798,0.1536799967288971,0.036990001797676086,0.20249000191688538,0.03458999842405319,0.1536799967288971,0.23707999289035797,0.03604000061750412,0.008290000259876251,0.1536799967288971,0.09861999750137329,0.00977999996393919,0.036990001797676086,0.06363999843597412,0.02703000046312809,0.00977999996393919,0.03458999842405319],[0.375110000371933,0.06644999980926514,0.01140000019222498,0.003710000077262521,0.24490000307559967,0.01140000019222498,0.3220300078392029,0.0530799999833107,0.19370999932289124,0.375110000371933,0.003710000077262521,0.0,0.31832000613212585,0.11586999893188477,0.05356999859213829,0.0,0.10417000204324722,0.0,0.010529999621212482,0.02597000077366829],[0.4565199911594391,0.052629999816417694,0.009800000116229057,0.08749999850988388,0.17757000029087067,0.009999999776482582,0.33009999990463257,0.0,0.15306000411510468,0.33009999990463257,0.011239999905228615,0.008620000444352627,0.2359600067138672,0.07338999956846237,0.0,0.0,0.0,0.009170000441372395,0.0,0.0],[0.4086799919605255,0.15307000279426575,0.0,0.034699998795986176,0.3579399883747101,0.19690999388694763,0.39263999462127686,0.016039999201893806,0.3579399883747101,0.4086799919605255,0.010990000329911709,0.06796000152826309,0.3579399883747101,0.007960000075399876,0.05660000070929527,0.0,0.007960000075399876,0.010990000329911709,0.02857000008225441,0.016039999201893806],[0.4021100103855133,0.10597000271081924,0.011490000411868095,0.04309999942779541,0.3023200035095215,0.02246999926865101,0.36166998744010925,0.04044000059366226,0.27000001072883606,0.4021100103855133,0.005119999870657921,0.0,0.3023200035095215,0.06383000314235687,0.10597000271081924,0.009800000116229057,0.04081999883055687,0.005119999870657921,0.03669999912381172,0.04044000059366226]]}