{"objective":5069.6494140625,"runtime":0.0,"usage_matrix":[[0.05981000140309334,0.0,0.0,0.010440000332891941,0.0,0.0200399998575449,0.05260999873280525,0.0,0.0,0.04552999883890152,0.0,0.038589999079704285,0.0,0.03269999846816063,0.0020600000862032175,0.0,0.010099999606609344,0.011239999905228615,0.03297000005841255,0.017240000888705254],[0.0,0.003000000026077032,0.0,0.010200000368058681,0.017389999702572823,0.0,0.0,0.0,0.0,0.0056500001810491085,0.03127000108361244,0.01759999990463257,0.08305999636650085,0.0,0.0,0.0,0.03570999950170517,0.06859999895095825,0.03144000098109245,0.019610000774264336],[0.013199999928474426,0.0,0.0,0.01075000036507845,0.014890000224113464,0.007930000312626362,0.07907000184059143,0.08118999749422073,0.028839999809861183,0.06300000101327896,0.01375999953597784,0.0494999997317791,0.016920000314712524,0.022059999406337738,0.0,0.0,0.009800000116229057,0.008550000376999378,0.0,0.010529999621212482],[0.07812000066041946,0.0,0.03392000123858452,0.06604000180959702,0.010520000010728836,0.011009999550879002,0.039400000125169754,0.0,0.11224000155925751,0.022949999198317528,0.04129000008106232,0.0,0.023840000852942467,0.05940999835729599,0.0,0.019050000235438347,0.018689999356865883,0.0,0.0,0.00989999994635582],[0.0,0.03480999916791916,0.0,0.0,0.02273000031709671,0.03660000115633011,0.0715399980545044,0.0,0.01882999949157238,0.0,0.0,0.0,0.04706000164151192,0.017710000276565552,0.0,0.03125,0.0,0.019999999552965164,0.01802000030875206,0.0033599999733269215],[0.00827999971807003,0.0,0.03135000169277191,0.02751999907195568,0.0,0.0,0.0,0.058820001780986786,0.10576999932527542,0.0,0.02060999907553196,0.03158000111579895,0.0,0.03370999917387962,0.07438000291585922,0.0,0.04095999896526337,0.00989999994635582,0.0,0.0035600000992417336],[0.0,0.0,0.04303999990224838,0.026319999247789383,0.008860000409185886,0.0,0.023900000378489494,0.0,0.013949999585747719,0.041519999504089355,0.07124000042676926,0.07089000195264816,0.0,0.00892999954521656,0.0,0.027809999883174896,0.09677000343799591,0.028039999306201935,0.0,0.0],[0.06541000306606293,0.0,0.0,0.019050000235438347,0.0,0.0006900000153109431,0.0,0.0,0.0,0.004540000110864639,0.0745600014925003,0.038109999150037766,0.0,0.0,0.0,0.01358999963849783,0.0,0.05493000149726868,0.009429999627172947,0.013159999623894691],[0.0,0.04822999984025955,0.01809000037610531,0.0188400000333786,0.0,0.05858999863266945,0.0,0.0,0.021980000659823418,0.010889999568462372,0.0,0.11285000294446945,0.0,0.0,0.0,0.01785000041127205,0.009519999846816063,0.0,0.03158000111579895,0.03061000071465969],[0.0,0.0,0.057429999113082886,0.005260000005364418,0.0,0.07653000205755234,0.031050000339746475,0.0,0.0,0.04089999943971634,0.0,0.029009999707341194,0.0,0.028850000351667404,0.0,0.044530000537633896,0.02727000042796135,0.02930000051856041,0.0,0.010529999621212482]],"frequency_matrix":[[0.3333300054073334,0.06424999982118607,0.096950002014637,0.010440000332891941,0.0,0.06424999982118607,0.13592000305652618,0.13760000467300415,0.011239999905228615,0.07287000119686127,0.08331000059843063,0.038589999079704285,0.13760000467300415,0.03269999846816063,0.09901999682188034,0.0,0.010099999606609344,0.011239999905228615,0.03297000005841255,0.017240000888705254],[0.3235499858856201,0.12043000012636185,0.12043000012636185,0.010200000368058681,0.017389999702572823,0.100040003657341,0.10244999825954437,0.13804000616073608,0.06859999895095825,0.06097999960184097,0.10244999825954437,0.01759999990463257,0.22110000252723694,0.0,0.12043000012636185,0.0,0.03570999950170517,0.06859999895095825,0.03144000098109245,0.019610000774264336],[0.4300000071525574,0.06019999831914902,0.08225999772548676,0.01075000036507845,0.014890000224113464,0.04532000049948692,0.18692000210285187,0.21296000480651855,0.037379998713731766,0.08332999795675278,0.10784000158309937,0.0494999997317791,0.22989000380039215,0.022059999406337738,0.08225999772548676,0.0,0.009800000116229057,0.008550000376999378,0.0,0.010529999621212482],[0.5463899970054626,0.13378000259399414,0.22710999846458435,0.06604000180959702,0.010520000010728836,0.123259998857975,0.19828000664710999,0.22710999846458435,0.11224000155925751,0.0515500009059906,0.15887999534606934,0.0,0.27000001072883606,0.05940999835729599,0.22710999846458435,0.019050000235438347,0.018689999356865883,0.0,0.0,0.00989999994635582],[0.32190999388694763,0.1509999930858612,0.16869999468326569,0.0,0.02273000031709671,0.09346000105142593,0.07490000128746033,0.16869999468326569,0.038830000907182693,0.0033599999733269215,0.0033599999733269215,0.0,0.2470099925994873,0.017710000276565552,0.16869999468326569,0.03125,0.0,0.019999999552965164,0.01802000030875206,0.0033599999733269215],[0.4464299976825714,0.11567000299692154,0.1807200014591217,0.02751999907195568,0.0,0.11567000299692154,0.09264999628067017,0.34549999237060547,0.11567000299692154,0.044520001858472824,0.09264999628067017,0.03158000111579895,0.34549999237060547,0.03370999917387962,0.2551000118255615,0.0,0.04095999896526337,0.00989999994635582,0.0,0.0035600000992417336],[0.46125999093055725,0.050850000232458115,0.10281000286340714,0.026319999247789383,0.008860000409185886,0.0419900007545948,0.25975000858306885,0.17371000349521637,0.0419900007545948,0.13830000162124634,0.2358500063419342,0.07089000195264816,0.2015099972486496,0.00892999954521656,0.10281000286340714,0.027809999883174896,0.09677000343799591,0.028039999306201935,0.0,0.0],[0.2934800088405609,0.06505999714136124,0.06504999846220016,0.019050000235438347,0.0,0.06505999714136124,0.11130999773740768,0.1031700000166893,0.05493000149726868,0.01769999973475933,0.11130999773740768,0.038109999150037766,0.1167600005865097,0.0,0.06504999846220016,0.01358999963849783,0.0,0.05493000149726868,0.009429999627172947,0.013159999623894691],[0.37902000546455383,0.16038000583648682,0.17847000062465668,0.0188400000333786,0.0,0.11214999854564667,0.06985999643802643,0.29131999611854553,0.021980000659823418,0.051020000129938126,0.06985999643802643,0.11285000294446945,0.3091599941253662,0.0,0.17847000062465668,0.01785000041127205,0.009519999846816063,0.0,0.03158000111579895,0.03061000071465969],[0.3806599974632263,0.10582999885082245,0.19211000204086304,0.005260000005364418,0.0,0.10582999885082245,0.11501000076532364,0.22111999988555908,0.02930000051856041,0.0786999985575676,0.08395999670028687,0.029009999707341194,0.2656500041484833,0.028850000351667404,0.19211000204086304,0.044530000537633896,0.02727000042796135,0.02930000051856041,0.0,0.010529999621212482]]}