{"objective":4408.72509765625,"runtime":0.0,"usage_matrix":[[0.16169999539852142,0.06458000093698502,0.0,0.04667999967932701,0.0,0.0,0.0,0.009429999627172947,0.0,0.0,0.0,0.04969999939203262,0.0,0.0,0.03297000005841255,0.040800001472234726,0.023250000551342964,0.008270000107586384,0.09982000291347504,0.022450000047683716],[0.0,0.019050000235438347,0.0,0.02019999921321869,0.009209999814629555,0.029850000515580177,0.008369999937713146,0.0301900003105402,0.009349999949336052,0.020829999819397926,0.0,0.0,0.0,0.0264699999243021,0.0,0.04548000171780586,0.0,0.0,0.0,0.010200000368058681],[0.0,0.008700000122189522,0.025040000677108765,0.04639999940991402,0.02582000009715557,0.004459999967366457,0.04544999822974205,0.028720000758767128,0.0,0.01075000036507845,0.022590000182390213,0.07618000358343124,0.0,0.03547000139951706,0.016950000077486038,0.0,0.008310000412166119,0.0,0.052080001682043076,0.0],[0.007079999893903732,0.0,0.05473000183701515,0.016690000891685486,0.013980000279843807,0.0,0.009479999542236328,0.0,0.0,0.011380000039935112,0.0022700000554323196,0.0,0.016759999096393585,0.06021000072360039,0.02703000046312809,0.029410000890493393,0.0,0.0,0.0,0.011490000411868095],[0.0,0.008200000040233135,0.0,0.0,0.047970000654459,0.0009800000116229057,0.02246999926865101,0.019950000569224358,0.0,0.009170000441372395,0.010830000042915344,0.0033599999733269215,0.04692000150680542,0.0,0.009019999764859676,0.0,0.015049999579787254,0.03587000072002411,0.00937000010162592,0.05000000074505806],[0.0,0.010529999621212482,0.0005200000014156103,0.0,0.0,0.09471999853849411,0.05099000036716461,0.013039999641478062,0.0,0.027780000120401382,0.05900000035762787,0.0,0.0,0.220210000872612,0.0,0.0,0.0,0.039250001311302185,0.0,0.014809999614953995],[0.0,0.03474999964237213,0.0,0.01355000026524067,0.037039998918771744,0.0,0.02127999998629093,0.0,0.08569999784231186,0.029920000582933426,0.0,0.0027199999894946814,0.13596999645233154,0.0,0.009709999896585941,0.0,0.04538999870419502,0.008620000444352627,0.021889999508857727,0.0],[0.0,0.01075000036507845,0.0,0.019209999591112137,0.030339999124407768,0.026799999177455902,0.012199999764561653,0.00901000015437603,0.0,0.0,0.0,0.0,0.0,0.0015300000086426735,0.04039999842643738,0.008390000090003014,0.04044000059366226,0.014299999922513962,0.0319099985063076,0.010529999621212482],[0.0,0.0,0.031610000878572464,0.008419999852776527,0.0,0.01233999989926815,0.03302000090479851,0.0,0.0,0.0,0.0,0.02532999962568283,0.0,0.0,0.04761999845504761,0.056129999458789825,0.0,0.0,0.02215000055730343,0.008820000104606152],[0.0,0.01030999980866909,0.0,0.0,0.024960000067949295,0.013969999738037586,0.009800000116229057,0.01785999909043312,0.0,0.0,0.0005699999746866524,0.08727999776601791,0.06298000365495682,0.009039999917149544,0.0,0.02679000049829483,0.023089999333024025,0.0,0.009089999832212925,0.0]],"frequency_matrix":[[0.5596299767494202,0.06458000093698502,0.07400999963283539,0.10289999842643738,0.022450000047683716,0.07400999963283539,0.0,0.009429999627172947,0.27421998977661133,0.0,0.12370999902486801,0.12370999902486801,0.24350999295711517,0.20272000133991241,0.03297000005841255,0.040800001472234726,0.023259999230504036,0.008270000107586384,0.09982000291347504,0.022450000047683716],[0.22922000288963318,0.019050000235438347,0.09991999715566635,0.02857000008225441,0.019419999793171883,0.09991999715566635,0.008369999937713146,0.051020000129938126,0.12929999828338623,0.020829999819397926,0.09991999715566635,0.09991999715566635,0.1005299985408783,0.05505000054836273,0.0,0.04548000171780586,0.008369999937713146,0.0,0.0,0.010200000368058681],[0.4069199860095978,0.008700000122189522,0.07767000049352646,0.11711999773979187,0.02582000009715557,0.052629999816417694,0.04544999822974205,0.03946999832987785,0.23048999905586243,0.01075000036507845,0.17643000185489655,0.1538500040769577,0.2046699970960617,0.2046699970960617,0.016950000077486038,0.0,0.05375999957323074,0.0,0.052080001682043076,0.0],[0.2605000138282776,0.0,0.06611000001430511,0.05319000035524368,0.025469999760389328,0.011380000039935112,0.009479999542236328,0.011380000039935112,0.18504999577999115,0.011380000039935112,0.06837999820709229,0.06611000001430511,0.15958000719547272,0.11339999735355377,0.02703000046312809,0.029410000890493393,0.009479999542236328,0.0,0.0,0.011490000411868095],[0.2891699969768524,0.008200000040233135,0.03830999881029129,0.046539999544620514,0.09797000139951706,0.03830999881029129,0.02246999926865101,0.0291300006210804,0.23667000234127045,0.009170000441372395,0.05249999836087227,0.041669998317956924,0.10283000022172928,0.05590999871492386,0.009019999764859676,0.0,0.03751999884843826,0.03587000072002411,0.00937000010162592,0.05000000074505806],[0.5308399796485901,0.010529999621212482,0.146589994430542,0.05099000036716461,0.014809999614953995,0.14607000350952148,0.05099000036716461,0.04081999883055687,0.3252499997615814,0.027780000120401382,0.20558999478816986,0.146589994430542,0.2712000012397766,0.2712000012397766,0.0,0.0,0.05099000036716461,0.039250001311302185,0.0,0.014809999614953995],[0.4465399980545044,0.03474999964237213,0.06468000262975693,0.08991999924182892,0.037039998918771744,0.06468000262975693,0.02127999998629093,0.029920000582933426,0.37915000319480896,0.029920000582933426,0.0674000009894371,0.0674000009894371,0.24778999388217926,0.11181999742984772,0.009709999896585941,0.0,0.0666700005531311,0.008620000444352627,0.021889999508857727,0.0],[0.2558000087738037,0.01075000036507845,0.046560000628232956,0.11224000155925751,0.040869999676942825,0.046560000628232956,0.012199999764561653,0.00901000015437603,0.20924000442028046,0.0,0.046560000628232956,0.046560000628232956,0.15408000349998474,0.14568999409675598,0.04039999842643738,0.008390000090003014,0.052629999816417694,0.014299999922513962,0.0319099985063076,0.010529999621212482],[0.2454500049352646,0.0,0.043960001319646835,0.08906000107526779,0.008820000104606152,0.012350000441074371,0.03302000090479851,0.0,0.17615999281406403,0.0,0.0692799985408783,0.0692799985408783,0.16734999418258667,0.11122000217437744,0.04761999845504761,0.056129999458789825,0.03302000090479851,0.0,0.02215000055730343,0.008820000104606152],[0.29572999477386475,0.01030999980866909,0.0421300008893013,0.03288999944925308,0.024960000067949295,0.0421300008893013,0.009800000116229057,0.01785999909043312,0.16574999690055847,0.0,0.12997999787330627,0.1294099986553192,0.1407800018787384,0.051020000129938126,0.0,0.02679000049829483,0.03288999944925308,0.0,0.009089999832212925,0.0]]}