{"objective":4394.91259765625,"runtime":0.0,"usage_matrix":[[0.2199299931526184,0.06897000223398209,0.0,0.0,0.0,0.048500001430511475,0.0,0.004910000134259462,0.0,0.0,0.0,0.017500000074505806,0.0,0.045990001410245895,0.03297000005841255,0.04221000149846077,0.01295000035315752,0.01030999980866909,0.032329998910427094,0.023070000112056732],[0.0,0.007369999773800373,0.0,0.0,0.007459999993443489,0.10221000015735626,0.0,0.003220000071451068,0.0,0.020829999819397926,0.0,0.041850000619888306,0.0,0.0,0.0,0.0368800014257431,0.008129999972879887,0.0,0.0,0.010200000368058681],[0.06639000028371811,0.008700000122189522,0.024480000138282776,0.019579999148845673,0.028599999845027924,0.0,0.005979999899864197,0.028720000758767128,0.0,0.01075000036507845,0.037060000002384186,0.036729998886585236,0.0,0.0018400000408291817,0.016950000077486038,0.0,0.04393000155687332,0.009259999729692936,0.043389998376369476,0.0],[0.0025400000158697367,0.0,0.07292000204324722,0.029659999534487724,0.013980000279843807,0.0,0.004550000187009573,0.0,0.0,0.018969999626278877,0.008030000142753124,0.007149999961256981,0.016759999096393585,0.017999999225139618,0.02703000046312809,0.029410000890493393,0.0,0.0,0.0,0.011490000411868095],[0.0,0.008200000040233135,0.0,0.008679999969899654,0.054349999874830246,0.0,0.0,0.016620000824332237,0.023110000416636467,0.009170000441372395,0.010879999957978725,0.0,0.047929998487234116,0.0,0.005539999809116125,0.0,0.0,0.037370000034570694,0.002219999907538295,0.05000000074505806],[0.0014400000218302011,0.003920000046491623,0.020600000396370888,0.0,0.0,0.092009998857975,0.00698000006377697,0.013039999641478062,0.044119998812675476,0.027780000120401382,0.09892000257968903,0.07556000351905823,0.0,0.05094999819993973,0.0,0.0,0.011950000189244747,0.04210999980568886,0.0,0.01558000035583973],[0.0,0.03300999850034714,0.0,0.018570000305771828,0.037039998918771744,0.0,0.0,0.0,0.09634000062942505,0.027969999238848686,0.0,0.0,0.1530500054359436,0.005470000207424164,0.009709999896585941,0.0,0.0544699989259243,0.008620000444352627,0.0,0.0],[0.0,0.01075000036507845,0.0,0.026890000328421593,0.03415999934077263,0.0,0.0031900000758469105,0.00901000015437603,0.0,0.0,0.0,0.0,0.0,0.03829000145196915,0.04039999842643738,0.009569999761879444,0.023910000920295715,0.02019999921321869,0.021159999072551727,0.010529999621212482],[0.0,0.0,0.0,0.0243500005453825,0.0,0.0,0.03604000061750412,0.0,0.0,0.0,0.0,0.0,0.0,0.0,0.03240999951958656,0.055649999529123306,0.012140000239014626,0.009519999846816063,0.0291300006210804,0.009440000168979168],[0.06865999847650528,0.009340000338852406,0.0,0.0,0.02637000009417534,0.0,0.0,0.013299999758601189,0.0,0.0,0.0,0.08094000071287155,0.01432000007480383,0.0,0.0,0.02679000049829483,0.04311000183224678,0.0,0.0,0.0]],"frequency_matrix":[[0.5596299767494202,0.06897000223398209,0.07175999879837036,0.10621000081300735,0.023070000112056732,0.07175999879837036,0.004910000134259462,0.004910000134259462,0.26794999837875366,0.0,0.12370999902486801,0.12370999902486801,0.24488000571727753,0.2026599943637848,0.03297000005841255,0.04221000149846077,0.023259999230504036,0.01030999980866909,0.10130000114440918,0.023070000112056732],[0.23815999925136566,0.007369999773800373,0.11033999919891357,0.03141999989748001,0.017659999430179596,0.11033999919891357,0.024049999192357063,0.024049999192357063,0.1278200000524521,0.020829999819397926,0.07327000051736832,0.07327000051736832,0.11015000194311142,0.07327000051736832,0.0,0.0368800014257431,0.008129999972879887,0.0,0.007369999773800373,0.010200000368058681],[0.38234999775886536,0.008700000122189522,0.07767000049352646,0.11711999773979187,0.028599999845027924,0.05319000035524368,0.04544999822974205,0.03946999832987785,0.23829999566078186,0.01075000036507845,0.1909099966287613,0.1538500040769577,0.20969000458717346,0.20969000458717346,0.016950000077486038,0.0,0.05319000035524368,0.009259999729692936,0.052080001682043076,0.0],[0.2605000138282776,0.0,0.07292000204324722,0.05319000035524368,0.025469999760389328,0.0,0.02353000082075596,0.018969999626278877,0.18504999577999115,0.018969999626278877,0.06837999820709229,0.060339998453855515,0.15958000719547272,0.11339999735355377,0.02703000046312809,0.029410000890493393,0.0,0.0,0.0,0.011490000411868095],[0.2740800082683563,0.008200000040233135,0.037370000034570694,0.04489000141620636,0.1043500006198883,0.037370000034570694,0.025800000876188278,0.025800000876188278,0.23669999837875366,0.009170000441372395,0.05576999858021736,0.04489000141620636,0.10924000293016434,0.06131000071763992,0.005539999809116125,0.0,0.037370000034570694,0.037370000034570694,0.010420000180602074,0.05000000074505806],[0.5049499869346619,0.003920000046491623,0.16666999459266663,0.05170999839901924,0.01558000035583973,0.14607000350952148,0.04780000075697899,0.04081999883055687,0.3368400037288666,0.027780000120401382,0.2261900007724762,0.12726999819278717,0.2771399915218353,0.2771399915218353,0.0,0.0,0.05404999852180481,0.04210999980568886,0.003920000046491623,0.01558000035583973],[0.44426000118255615,0.03300999850034714,0.0630899965763092,0.07955999672412872,0.037039998918771744,0.0630899965763092,0.027969999238848686,0.027969999238848686,0.38117000460624695,0.027969999238848686,0.07955999672412872,0.07955999672412872,0.24778999388217926,0.09474000334739685,0.009709999896585941,0.0,0.0630899965763092,0.008620000444352627,0.03300999850034714,0.0],[0.24807000160217285,0.01075000036507845,0.044119998812675476,0.07100000232458115,0.044690001755952835,0.044119998812675476,0.012199999764561653,0.00901000015437603,0.20396000146865845,0.0,0.07100000232458115,0.07100000232458115,0.1592700034379959,0.14970000088214874,0.04039999842643738,0.009569999761879444,0.044119998812675476,0.02019999921321869,0.0319099985063076,0.010529999621212482],[0.20869000256061554,0.0,0.02167000062763691,0.08951999992132187,0.009440000168979168,0.02167000062763691,0.03604000061750412,0.0,0.18702000379562378,0.0,0.08951999992132187,0.08951999992132187,0.17757999897003174,0.12191999703645706,0.03240999951958656,0.055649999529123306,0.02167000062763691,0.009519999846816063,0.0291300006210804,0.009440000168979168],[0.28282999992370605,0.009340000338852406,0.04311000183224678,0.02263999916613102,0.02637000009417534,0.04311000183224678,0.013299999758601189,0.013299999758601189,0.1710599958896637,0.0,0.10357999801635742,0.10357999801635742,0.144679993391037,0.10357999801635742,0.0,0.02679000049829483,0.04311000183224678,0.0,0.009340000338852406,0.0]]}