{"objective":5909.5341796875,"runtime":0.0,"usage_matrix":[[0.0,0.0,0.00033999999868683517,0.027219999581575394,0.018519999459385872,0.048829998821020126,0.011110000312328339,0.0,0.034040000289678574,0.0,0.09925000369548798,0.0,0.0,0.018689999356865883,0.08997999876737595,0.04812999814748764,0.06599999964237213,0.02703000046312809,0.02019999921321869,0.0],[0.02290000021457672,0.0,0.05761000141501427,0.015289999544620514,0.007439999841153622,0.0,0.0,0.056449998170137405,0.0,0.0,0.0,0.02020999975502491,0.00471000000834465,0.028230000287294388,0.0,0.0,0.0,0.0,0.07241000235080719,0.021050000563263893],[0.09864000231027603,0.00039000000106170774,0.1011200025677681,0.013050000183284283,0.03581999987363815,0.0,0.0,0.011479999870061874,0.010639999993145466,0.0,0.0,0.0,0.0,0.027289999648928642,0.0,0.0,0.0,0.0,0.07421000301837921,0.03700000047683716],[0.0188400000333786,0.09529999643564224,0.009069999679923058,0.06139000132679939,0.016510000452399254,0.0,0.08045999705791473,0.005400000140070915,0.02061999961733818,0.0,0.04095999896526337,0.0,0.0213600005954504,0.0,0.0,0.0,0.02483000047504902,0.01817999966442585,0.011760000139474869,0.04405999928712845],[0.0,0.07295999675989151,0.0814099982380867,0.009170000441372395,0.0,0.05324000120162964,0.010200000368058681,0.0,0.018689999356865883,0.02930999919772148,0.02314000017940998,0.08154000341892242,0.00015999999595806003,0.010200000368058681,0.10191000252962112,0.0,0.0,0.004610000178217888,0.02019999921321869,0.010420000180602074],[0.05756999924778938,0.0106800002977252,0.0,0.0,0.03003999963402748,0.07777000218629837,0.0,0.0,0.0319099985063076,0.0,0.0,0.02191999927163124,0.0,0.07446999847888947,0.0,0.0,0.1157900020480156,0.011359999887645245,0.025669999420642853,0.021980000659823418],[0.08933000266551971,0.05510000139474869,0.0,0.010099999606609344,0.0,0.0,0.0,0.0,0.021740000694990158,0.02143000066280365,0.0,0.0,0.05803000181913376,0.0,0.042830001562833786,0.0,0.0,0.09939999878406525,0.05412000045180321,0.022670000791549683],[0.0,0.010470000095665455,0.0,0.0,0.0,0.0,0.0,0.09014999866485596,0.0,0.0,0.0,0.05485000088810921,0.08743999898433685,0.0,0.0,0.03984000161290169,0.0,0.015169999562203884,0.041919998824596405,0.0],[0.06543999910354614,0.004100000020116568,0.0017399999778717756,0.0,0.04554000124335289,0.0,0.05999999865889549,0.0053400001488626,0.02703000046312809,0.013419999741017818,0.0175199992954731,0.03891000151634216,0.022919999435544014,0.0,0.0,0.0,0.001979999942705035,0.038830000907182693,0.02019999921321869,0.02703000046312809],[0.005090000107884407,0.03539000079035759,0.0,0.0,0.02127999998629093,0.0,0.0,0.10728000104427338,0.008849999867379665,0.04470000043511391,0.0,0.0,0.022859999909996986,0.0055599999614059925,0.0,0.03426999971270561,0.030619999393820763,0.043960001319646835,0.03508999943733215,0.008299999870359898]],"frequency_matrix":[[0.5093399882316589,0.1273999959230423,0.09335999935865402,0.027219999581575394,0.018519999459385872,0.09474000334739685,0.011110000312328339,0.35269999504089355,0.034040000289678574,0.027219999581575394,0.22529999911785126,0.0,0.22529999911785126,0.018689999356865883,0.5093399882316589,0.4193499982357025,0.093019999563694,0.02703000046312809,0.02019999921321869,0.0],[0.3063099980354309,0.05761000141501427,0.05761000141501427,0.015289999544620514,0.007439999841153622,0.08478999882936478,0.0,0.2759700119495392,0.0,0.05654999986290932,0.15719999372959137,0.0412600003182888,0.16189999878406525,0.028230000287294388,0.2833999991416931,0.2833999991416931,0.0,0.0,0.07241000235080719,0.021050000563263893],[0.40964001417160034,0.11214999854564667,0.1011200025677681,0.013050000183284283,0.03581999987363815,0.07733999937772751,0.0,0.27518001198768616,0.010639999993145466,0.05006000027060509,0.15154999494552612,0.03700000047683716,0.15154999494552612,0.027289999648928642,0.3109999895095825,0.3109999895095825,0.0,0.0,0.07421000301837921,0.03700000047683716],[0.46875,0.1679999977350235,0.052080001682043076,0.06139000132679939,0.016510000452399254,0.10546000301837921,0.08045999705791473,0.4334000051021576,0.02061999961733818,0.10546000301837921,0.23863999545574188,0.04405999928712845,0.25999999046325684,0.0,0.4499100148677826,0.4499100148677826,0.04301000013947487,0.01817999966442585,0.011760000139474869,0.04405999928712845],[0.5271700024604797,0.17767000198364258,0.08602000027894974,0.009170000441372395,0.0,0.19388000667095184,0.010200000368058681,0.42524999380111694,0.018689999356865883,0.13042999804019928,0.24741999804973602,0.09194999933242798,0.24758000671863556,0.010200000368058681,0.5271700024604797,0.42524999380111694,0.004610000178217888,0.004610000178217888,0.02019999921321869,0.010420000180602074],[0.4791699945926666,0.16975000500679016,0.12714999914169312,0.0,0.03003999963402748,0.19612999260425568,0.0,0.3915500044822693,0.0319099985063076,0.04390000179409981,0.22179999947547913,0.04390000179409981,0.22179999947547913,0.07446999847888947,0.42159000039100647,0.42159000039100647,0.12714999914169312,0.011359999887645245,0.025669999420642853,0.021980000659823418],[0.47475001215934753,0.17622999846935272,0.09939999878406525,0.010099999606609344,0.0,0.05420000106096268,0.0,0.34257999062538147,0.021740000694990158,0.05420000106096268,0.10831999778747559,0.022670000791549683,0.16635000705718994,0.0,0.3854199945926666,0.34257999062538147,0.09939999878406525,0.09939999878406525,0.05412000045180321,0.022670000791549683],[0.33983999490737915,0.02563999965786934,0.015169999562203884,0.0,0.0,0.05485000088810921,0.0,0.30000001192092896,0.0,0.05485000088810921,0.09677000343799591,0.05485000088810921,0.18421000242233276,0.0,0.33983999490737915,0.33983999490737915,0.015169999562203884,0.015169999562203884,0.041919998824596405,0.0],[0.38999998569488525,0.07367999851703644,0.04255000129342079,0.0,0.04554000124335289,0.0793600007891655,0.05999999865889549,0.2790299952030182,0.02703000046312809,0.0793600007891655,0.17708000540733337,0.06593000143766403,0.20000000298023224,0.0,0.3245599865913391,0.3245599865913391,0.04081999883055687,0.038830000907182693,0.02019999921321869,0.02703000046312809],[0.4032300114631653,0.11880999803543091,0.07457999885082245,0.0,0.02127999998629093,0.058559998869895935,0.0,0.34259000420570374,0.008849999867379665,0.05299999937415123,0.09363999962806702,0.008299999870359898,0.11649999767541885,0.0055599999614059925,0.398140013217926,0.398140013217926,0.07457999885082245,0.043960001319646835,0.03508999943733215,0.008299999870359898]]}