{"objective":6796.06201171875,"runtime":1.0,"usage_matrix":[[0.0,0.029890000820159912,0.011490000411868095,0.009800000116229057,0.029829999431967735,0.0,0.0,0.010420000180602074,0.012430000118911266,0.0,0.0,0.00786999985575676,0.00812000036239624,0.0044200001284480095,0.0,0.0,0.030640000477433205,0.0,0.012620000168681145,0.03681999817490578,0.0,0.06328999996185303,0.0,0.008469999767839909,0.019999999552965164,0.0,0.0,0.0027000000700354576,0.018869999796152115,0.01119999960064888,0.0,0.0,0.04095999896526337,0.00989999994635582,0.0,0.0,0.0,0.01075000036507845,0.0,0.00892999954521656,0.035110000520944595,0.0,0.0,0.0,0.03058999963104725,0.0,0.0,0.0,0.0,0.0],[0.03432999923825264,0.0,0.0,0.0,0.022859999909996986,0.00015999999595806003,0.0,0.0,0.04010000079870224,0.0,0.0,0.0,0.0,0.034370001405477524,0.009519999846816063,0.0,0.0,0.013659999705851078,0.0,0.01761000044643879,0.0,0.017090000212192535,0.0,0.008050000295042992,0.0,0.00892999954521656,0.0,0.0,0.0,0.0,0.0,0.0,0.0,0.00215999991632998,0.010409999638795853,0.008969999849796295,0.0,0.0,0.02019999921321869,0.03570999950170517,0.0,0.007670000195503235,0.021740000694990158,0.0,0.05034999921917915,0.009689999744296074,0.0002800000074785203,0.02353000082075596,0.010359999723732471,0.0],[0.0,0.0,0.005929999984800816,0.0,0.03514999896287918,0.0,0.0,0.0,0.0,0.01030999980866909,0.01233999989926815,0.0024399999529123306,0.0,0.029990000650286674,0.0,0.0088900001719594,0.031690001487731934,0.0,0.0,0.0,0.0,0.011760000139474869,0.01607999950647354,0.0,0.004920000210404396,0.0,0.01979999989271164,0.0,0.0,0.0,0.0,0.004939999897032976,0.010529999621212482,0.0,0.0,0.0,0.0,0.0,0.03742999956011772,0.0,0.0,0.0,0.0,0.003539999946951866,0.0,0.00925000011920929,0.0,0.0,0.0,0.0],[0.0008099999977275729,0.0025100000202655792,0.0,0.0,0.0,0.008990000002086163,0.0,0.032260000705718994,0.0,0.023719999939203262,0.0,0.005919999908655882,0.018519999459385872,0.0,0.00989999994635582,0.0005300000193528831,0.042330000549554825,0.002099999925121665,0.0,0.012020000256597996,0.0,0.015399999916553497,0.0,0.0,0.026909999549388885,0.011760000139474869,0.0,0.0,0.01979999989271164,0.0,0.012059999629855156,0.0,0.0,0.0,0.0,0.050999999046325684,0.04039999842643738,0.03158000111579895,0.04297000169754028,0.029349999502301216,0.0,0.0,0.0,0.0,0.0,0.0,0.018139999359846115,0.0,0.009170000441372395,0.010099999606609344],[0.0,0.0,0.010870000347495079,0.009709999896585941,0.0,0.0,0.009619999676942825,0.008620000444352627,0.043719999492168427,0.0004900000058114529,0.0,0.0,0.020759999752044678,0.054669998586177826,0.0,0.0,0.0,0.017190000042319298,0.02741999924182892,0.009739999659359455,0.038100000470876694,0.01063000038266182,0.0,0.0,0.0,0.014720000326633453,0.0,0.0009299999801442027,0.010250000283122063,0.04239000007510185,0.0,0.009619999676942825,0.0,0.004780000075697899,0.012659999541938305,0.0,0.0,0.0,0.0,0.010200000368058681,0.011060000397264957,0.0,0.008700000122189522,0.0,0.021640000864863396,0.009999999776482582,0.016860000789165497,0.0,0.0,0.0],[0.06465999782085419,0.005210000090301037,0.0,0.009600000455975533,0.0,0.0,0.0,0.0,0.0,0.007040000054985285,0.0011099999537691474,0.01680999994277954,0.0,0.0,0.0,0.0,0.0,0.004490000195801258,0.0,0.08660999685525894,0.008550000376999378,0.01621999964118004,0.004339999984949827,0.0066200001165270805,0.0007800000021234155,0.002529999939724803,0.0,0.0,0.009279999881982803,0.002460000105202198,0.019139999523758888,0.01030999980866909,0.0,0.0,0.0,0.0,0.0,0.03773999959230423,0.0,0.0,0.0,0.0,0.011110000312328339,0.0,0.03894000127911568,0.0,0.010200000368058681,0.009429999627172947,0.0,0.00965999998152256],[0.04433000087738037,0.003539999946951866,0.0,0.0,0.02687999978661537,0.0,0.0,0.0,0.0,0.01834999956190586,0.009499999694526196,0.0,0.01549999974668026,0.0029299999587237835,0.004120000172406435,0.0,0.022180000320076942,0.0,0.0028299998957663774,0.018360000103712082,0.0,0.0,0.010850000195205212,0.0,0.021970000118017197,0.006680000107735395,0.0,0.0,0.02776999957859516,0.0,0.0012799999676644802,0.0,0.009309999644756317,0.0,0.00989999994635582,0.0,0.0,0.0,0.0,0.0,0.0026599999982863665,0.02019999921321869,0.0,0.0,0.0,0.008620000444352627,0.0,0.0,0.0,0.01030999980866909],[0.008829999715089798,0.0,0.0,0.01819000020623207,0.0,0.005869999993592501,0.0,0.018869999796152115,0.0,0.032269999384880066,0.0,0.0,0.008620000444352627,0.0,0.0008299999753944576,0.0,0.02694999985396862,0.009800000116229057,0.017240000888705254,0.0,0.0,0.0,0.01648000068962574,0.0,0.009789999574422836,0.019419999793171883,0.009170000441372395,0.0,0.0,0.0,0.0,0.0,0.0,0.05386999994516373,0.0,0.0023499999660998583,0.0,0.0013200000394135714,0.0007800000021234155,0.0,0.022280000150203705,0.030950000509619713,0.03133999928832054,0.00026000000070780516,0.0,0.0,0.008019999600946903,0.0,0.011370000429451466,0.0],[0.0,0.01143999956548214,0.0,0.0,0.004600000102072954,0.02311999909579754,0.02563999965786934,0.03297000005841255,0.00803999975323677,0.004769999999552965,0.0006300000241026282,0.0012000000569969416,0.007240000180900097,0.0,0.0,0.0,0.0,0.009080000221729279,0.0,0.0,0.0,0.0,0.0,0.0,0.0,0.0319099985063076,0.009519999846816063,0.011629999615252018,0.0,0.0,0.03271999955177307,0.010529999621212482,0.0,0.01607000082731247,0.007780000101774931,0.0,0.0,0.00901000015437603,0.005470000207424164,0.02061999961733818,0.0,0.013159999623894691,0.011060000397264957,0.02858000062406063,0.0,0.0,0.005950000137090683,0.01095999963581562,0.03181999921798706,0.0],[0.024609999731183052,0.0,0.011359999887645245,0.02857000008225441,0.0,0.008469999767839909,0.0,0.008129999972879887,0.0,0.012480000033974648,0.0022299999836832285,0.0,0.0,0.0,0.0,0.01042999979108572,0.0,0.00022000000171829015,0.04270000010728836,0.0007399999885819852,0.027780000120401382,0.0,0.0,0.0,0.07292000204324722,0.0,0.0,0.01779000088572502,0.0,0.0,0.02418999932706356,0.01030999980866909,0.026319999247789383,0.012319999746978283,0.02920999936759472,0.008009999990463257,0.0,0.011180000379681587,0.010529999621212482,0.0,0.031769998371601105,0.0,0.01979999989271164,0.007660000119358301,0.026159999892115593,0.0,0.0,0.0,0.009170000441372395,0.0]],