{"objective":6645.09375,"runtime":1.0,"usage_matrix":[[0.0,0.04780000075697899,0.0038499999791383743,0.0,0.0,0.007790000177919865,0.0,0.0,0.001339999958872795,0.03846000134944916,0.018869999796152115,0.011359999887645245,0.0,0.0,0.003389999968931079,0.01752999983727932,0.0,0.0,0.0,0.00877000018954277,0.0,0.0,0.01355000026524067,0.0,0.02094000019133091,0.0,0.0,0.0,0.0,0.02019999921321869,0.009519999846816063,0.009089999832212925,0.006560000125318766,0.0,0.005810000002384186,0.0,0.0,0.0,0.0,0.055720001459121704,0.01834999956190586,0.028039999306201935,0.012230000458657742,0.0,0.0,0.0182499997317791,0.0,0.0,0.0,0.0],[0.0,0.0,0.02305000089108944,0.0015399999683722854,0.01131999958306551,0.0,0.0,0.003710000077262521,0.0,0.0,0.0004400000034365803,0.020759999752044678,0.010420000180602074,0.01744999922811985,0.00007999999797903001,0.0,0.01680999994277954,0.014469999819993973,0.0,0.011359999887645245,0.0,0.0021299999207258224,0.018929999321699142,0.0,0.01978999935090542,0.0,0.0,0.0,0.015960000455379486,0.011900000274181366,0.006049999967217445,0.0,0.0,0.0,0.0,0.0,0.026489999145269394,0.0,0.007939999923110008,0.03982999920845032,0.009089999832212925,0.0,0.011359999887645245,0.0,0.004550000187009573,0.0,0.06134999915957451,0.019610000774264336,0.009060000069439411,0.00901000015437603],[0.09226000308990479,0.009510000236332417,0.08488000184297562,0.015769999474287033,0.010420000180602074,0.0,0.0,0.0,0.0,0.0,0.0,0.0,0.0,0.0017399999778717756,0.010529999621212482,0.0,0.0,0.028960000723600388,0.0,0.0,0.01484999991953373,0.0,0.0033400000538676977,0.008659999817609787,0.007980000227689743,0.0,0.0,0.0,0.014619999565184116,0.055149998515844345,0.0,0.00839999970048666,0.0,0.0,0.006260000169277191,0.008550000376999378,0.0,0.009170000441372395,0.00482999999076128,0.0,0.0,0.0,0.009709999896585941,0.0,0.0011899999808520079,0.0,0.0,0.0,0.0,0.009089999832212925],[0.0210999995470047,0.0,0.0,0.0017000000225380063,0.0,0.0,0.0,0.0685499981045723,0.006719999946653843,0.005119999870657921,0.0,0.011490000411868095,0.0,0.0013500000350177288,0.012310000136494637,0.0,0.009170000441372395,0.0,0.003860000055283308,0.0007600000244565308,0.018869999796152115,0.0354899987578392,0.0,0.0,0.0065100002102553844,0.009349999949336052,0.0,0.013609999790787697,0.0025500000920146704,0.0,0.01310999970883131,0.0,0.03294999897480011,0.0,0.0,0.0,0.0,0.009870000183582306,0.04008999839425087,0.0,0.0,0.0,0.0,0.0,0.010850000195205212,0.0,0.04408999904990196,0.0,0.0,0.010529999621212482],[0.0,0.03061000071465969,0.030649999156594276,0.030300000682473183,0.0,0.0007300000288523734,0.0,0.02483999915421009,0.0026199999265372753,0.0,0.09675999730825424,0.0,0.0,0.0463699996471405,0.004809999838471413,0.005410000216215849,0.0,0.0,0.01679999940097332,0.027950000017881393,0.0,0.011500000022351742,0.0,0.0,0.0,0.0,0.019500000402331352,0.0,0.0010600000387057662,0.0,0.021980000659823418,0.0,0.0,0.041669998317956924,0.00044999999227002263,0.008700000122189522,0.019999999552965164,0.0017399999778717756,0.03480000048875809,0.0,0.0,0.0,0.020829999819397926,0.020179999992251396,0.0,0.005429999902844429,0.0,0.009170000441372395,0.0,0.0],[0.005510000046342611,0.02607000060379505,0.0,0.0,0.0,0.014539999887347221,0.028270000591874123,0.0,0.0,0.0,0.020400000736117363,0.004149999935179949,0.016130000352859497,0.0,0.0,0.0,0.03142999857664108,0.013170000165700912,0.0002300000051036477,0.0018500000005587935,0.010639999993145466,0.0,0.0,0.0,0.0,0.010639999993145466,0.00887999963015318,0.0,0.0009599999757483602,0.009519999846816063,0.0,0.017990000545978546,0.0,0.0,0.007809999864548445,0.009349999949336052,0.0,0.0,0.0,0.0,0.00901000015437603,0.025839999318122864,0.007319999858736992,0.0,0.0,0.0,0.04157000035047531,0.012040000408887863,0.0,0.0],[0.0,0.01018999982625246,0.025960000231862068,0.0,0.026240000501275063,0.00011000000085914508,0.0,0.0,0.0,0.0,0.0,0.014639999717473984,0.0,0.0,0.020810000598430634,0.0342399999499321,0.0,0.009709999896585941,0.0,0.01867000013589859,0.0034799999557435513,0.0,0.010619999840855598,0.0,0.0,0.0,0.0,0.0,0.0,0.0,0.011629999615252018,0.023499999195337296,0.0,0.01979999989271164,0.013779999688267708,0.0,0.009150000289082527,0.0,0.0,0.0,0.009800000116229057,0.0,0.009720000438392162,0.011780000291764736,0.0,0.022910000756382942,0.010409999638795853,0.0,0.0,0.008980000391602516],[0.005270000081509352,0.0,0.0,0.03513000160455704,0.0,0.026419999077916145,0.009999999776482582,0.0,0.02085999958217144,0.010099999606609344,0.0,0.032260000705718994,0.0,0.026799999177455902,0.0,0.0,0.009429999627172947,0.001129999989643693,0.0,0.0,0.03370999917387962,0.018869999796152115,0.0,0.05127999931573868,0.0,0.0,0.0015699999639764428,0.07282999902963638,0.0,0.006920000072568655,0.0,0.013980000279843807,0.0203699991106987,0.0,0.028300000354647636,0.0,0.009709999896585941,0.04797999933362007,0.00839999970048666,0.0,0.0,0.0,0.025609999895095825,0.0024300001095980406,0.011149999685585499,0.014940000139176846,0.0,0.0,0.011239999905228615,0.0],[0.0003000000142492354,0.004310000222176313,0.0,0.0,0.0,0.0023799999617040157,0.0,0.0,0.0,0.0,0.0,0.008329999633133411,0.01496999990195036,0.007000000216066837,0.023660000413656235,0.0,0.0,0.0,0.009999999776482582,0.004939999897032976,0.0,0.005539999809116125,0.0,0.05195000022649765,0.0,0.0,0.02230999991297722,0.025750000029802322,0.0058200000785291195,0.0,0.012199999764561653,0.009709999896585941,0.011269999668002129,0.0,0.0,0.019999999552965164,0.025919999927282333,0.0,0.045170001685619354,0.02703000046312809,0.0,0.0,0.0,0.026240000501275063,0.0243500005453825,0.0076500000432133675,0.0,0.00989999994635582,0.038830000907182693,0.0],[0.07976000010967255,0.0004799999878741801,0.0,0.0,0.020390000194311142,0.0,0.02102000080049038,0.0,0.0,0.01133000012487173,0.0,0.008179999887943268,0.019610000774264336,0.038600001484155655,0.0,0.0,0.00419999985024333,0.0,0.0,0.0,0.023479999974370003,0.011230000294744968,0.011130000464618206,0.028300000354647636,0.0,0.009800000116229057,0.031150000169873238,0.019840000197291374,0.0,0.0,0.010639999993145466,0.004900000058114529,0.0,0.0,0.0,0.0,0.0,0.0,0.0,0.0,0.0,0.004769999999552965,0.0,0.011110000312328339,0.0,0.027899999171495438,0.0,0.0,0.0,0.0]],