{"objective":6891.328125,"runtime":1.0,"usage_matrix":[[0.0,0.0,0.0,0.01566999964416027,0.0,0.0,0.0,0.0,0.010040000081062317,0.009259999729692936,0.0,0.005590000189840794,0.013159999623894691,0.0,0.004170000087469816,0.0,0.0,0.009619999676942825,0.0,0.0,0.009109999984502792,0.03525000065565109,0.0,0.0,0.02727000042796135,0.0,0.014279999770224094,0.018519999459385872,0.0,0.0,0.0,0.002139999996870756,0.009270000271499157,0.0,0.0,0.0,0.0,0.004569999873638153,0.014820000156760216,0.0,0.0,0.0,0.0,0.02287999913096428,0.02126999944448471,0.0,0.0,0.0,0.0,0.0],[0.0,0.017090000212192535,0.0,0.0,0.0,0.0,0.003280000062659383,0.0,0.016100000590085983,0.007660000119358301,0.0,0.0,0.03945000097155571,0.004149999935179949,0.0,0.003379999892786145,0.0,0.014410000294446945,0.0,0.02679000049829483,0.01030999980866909,0.03060000017285347,0.008510000072419643,0.01810000091791153,0.010990000329911709,0.0,0.003289999905973673,0.0,0.02305999957025051,0.005570000037550926,0.004019999876618385,0.0,0.0,0.0,0.05212000012397766,0.0,0.0,0.01030999980866909,0.0,0.0,0.0,0.017550000920891762,0.00774999987334013,0.005940000060945749,0.009209999814629555,0.0,0.008849999867379665,0.0,0.020999999716877937,0.0],[0.02914999984204769,0.0,0.0,0.0,0.02201000042259693,0.017389999702572823,0.026729999110102654,0.0,0.0,0.010870000347495079,0.0,0.0,0.0,0.014550000429153442,0.01372000016272068,0.0,0.0,0.0,0.006730000022798777,0.0,0.0,0.015589999966323376,0.04341999813914299,0.032680001109838486,0.0,0.0044200001284480095,0.0,0.0,0.002099999925121665,0.011629999615252018,0.0,0.006639999803155661,0.0,0.04673000052571297,0.0,0.007600000128149986,0.009800000116229057,0.0,0.0,0.0,0.0,0.0,0.018519999459385872,0.0,0.017920000478625298,0.0,0.0,0.0,0.0005000000237487257,0.0],[0.0,0.0,0.0,0.0,0.0030499999411404133,0.0,0.0,0.0,0.0,0.0,0.0,0.0,0.0,0.0,0.0,0.048909999430179596,0.0,0.022390000522136688,0.0015999999595806003,0.005799999926239252,0.03448000177741051,0.0,0.005909999832510948,0.0,0.0,0.0,0.02095000073313713,0.0,0.06639000028371811,0.0,0.020409999415278435,0.01269999984651804,0.011359999887645245,0.0,0.0,0.004129999782890081,0.01923000067472458,0.03158000111579895,0.0,0.010769999586045742,0.05195999890565872,0.022989999502897263,0.0,0.0,0.010409999638795853,0.0,0.0,0.0,0.0,0.004490000195801258],[0.0,0.010979999788105488,0.015110000036656857,0.01030999980866909,0.0,0.024059999734163284,0.010639999993145466,0.002409999957308173,0.0,0.02751999907195568,0.0,0.009800000116229057,0.012059999629855156,0.0,0.009709999896585941,0.04334999993443489,0.0,0.0,0.0,0.00901000015437603,0.0,0.0,0.0,0.0,0.0026499999221414328,0.010420000180602074,0.0,0.0,0.0,0.0017999999690800905,0.0,0.02060999907553196,0.002589999930933118,0.028200000524520874,0.0,0.009349999949336052,0.0,0.0,0.050269998610019684,0.0,0.0,0.0,0.010160000063478947,0.010200000368058681,0.0,0.024979999288916588,0.0,0.007120000198483467,0.0,0.0],[0.0,0.03553000092506409,0.0,0.041669998317956924,0.04018000140786171,0.03212999925017357,0.0,0.032600000500679016,0.0,0.0,0.010010000318288803,0.0,0.001820000004954636,0.017659999430179596,0.0,0.0,0.0,0.018300000578165054,0.002369999885559082,0.0,0.004240000154823065,0.0,0.0,0.0,0.009709999896585941,0.02679000049829483,0.0,0.0,0.0,0.0,0.009619999676942825,0.0,0.0,0.0,0.0,0.0030700000934302807,0.009709999896585941,0.00965999998152256,0.0,0.02988000027835369,0.0,0.0,0.0,0.00901000015437603,0.011020000092685223,0.0,0.009069999679923058,0.0,0.0,0.03993000090122223],[0.0,0.013659999705851078,0.0,0.021980000659823418,0.0,0.005410000216215849,0.025590000674128532,0.0,0.011629999615252018,0.009429999627172947,0.0002099999983329326,0.01233999989926815,0.005630000028759241,0.0,0.01075000036507845,0.011300000362098217,0.009709999896585941,0.01600000075995922,0.01295000035315752,0.010529999621212482,0.0,0.0,0.0,0.028039999306201935,0.0,0.0,0.014619999565184116,0.028039999306201935,0.08922000229358673,0.010130000300705433,0.0,0.001550000044517219,0.0,0.0,0.0,0.01006999984383583,0.0,0.0,0.016340000554919243,0.0,0.01322999969124794,0.0013299999991431832,0.004279999993741512,0.0,0.0011599999852478504,0.0,0.0,0.005909999832510948,0.0,0.0],[0.0,0.0,0.06558000296354294,0.0,0.0,0.009689999744296074,0.007309999782592058,0.00853000022470951,0.0,0.0063299997709691525,0.002199999988079071,0.022579999640583992,0.0,0.009999999776482582,0.008620000444352627,0.0,0.0,0.010639999993145466,0.0,0.0,0.0,0.003449999960139394,0.0,0.0,0.0,0.01408000010997057,0.00791999977082014,0.01298999972641468,0.09617999941110611,0.0,0.0,0.0,0.01590000092983246,0.023809999227523804,0.0,0.0,0.0,0.026079999282956123,0.0015699999639764428,0.0,0.0004299999854993075,0.023229999467730522,0.019610000774264336,0.019419999793171883,0.0,0.0,0.0,0.0243500005453825,0.0007999999797903001,0.039480000734329224],[0.0,0.0,0.0,0.0,0.010440000332891941,0.0,0.02102000080049038,0.0,0.03353000059723854,0.0,0.021330000832676888,0.00139999995008111,0.0,0.0,0.0,0.0,0.0,0.009089999832212925,0.013930000364780426,0.0055599999614059925,0.0,0.0,0.0,0.0,0.015270000323653221,0.024320000782608986,0.0008999999845400453,0.010639999993145466,0.0,0.02655000053346157,0.03158000111579895,0.01775999926030636,0.05212999880313873,0.0,0.05299999937415123,0.0035500000230968,0.0,0.022220000624656677,0.0,0.0,0.0,0.0,0.0,0.0,0.007720000110566616,0.0,0.007499999832361937,0.0,0.0,0.0],[0.027489999309182167,0.007569999899715185,0.0,0.011359999887645245,0.006479999981820583,0.0,0.0,0.01131999958306551,0.015080000273883343,0.0,0.012539999559521675,0.0,0.0,0.01735999993979931,0.0,0.0,0.0,0.0,0.0,0.01233999989926815,0.011629999615252018,0.0,0.008569999597966671,0.0,0.0,0.0,0.0,0.0,0.07146000117063522,0.0006099999882280827,0.0,0.053279999643564224,0.0,0.0,0.0,0.045239999890327454,0.0,0.008059999905526638,0.0,0.009189999662339687,0.004550000187009573,0.0,0.012670000083744526,0.0,0.009689999744296074,0.0,0.0,0.0,0.0,0.00431999983265996]],