{"objective":7125.9326171875,"runtime":1.0,"usage_matrix":[[0.0,0.0,0.0,0.0,0.0,0.0,0.05079999938607216,0.011889999732375145,0.0,0.0,0.020169999450445175,0.0,0.014809999614953995,0.0,0.011920000426471233,0.0,0.052080001682043076,0.0,0.0,0.0,0.02469000034034252,0.0,0.021980000659823418,0.0,0.0,0.0,0.0,0.0,0.055070001631975174,0.007710000034421682,0.0,0.0,0.0,0.03101000003516674,0.0,0.0,0.0,0.0,0.0,0.0,0.031690001487731934,0.0,0.0,0.016599999740719795,0.0,0.0,0.0,0.0,0.007980000227689743,0.0],[0.0,0.016429999843239784,0.02150999940931797,0.0,0.0,0.0,0.006519999820739031,0.01614999957382679,0.009720000438392162,0.0,0.0,0.0,0.003800000064074993,0.02751999907195568,0.0,0.0005499999970197678,0.0,0.0276699997484684,0.008820000104606152,0.022450000047683716,0.03237000107765198,0.0,0.054349999874830246,0.01988999918103218,0.0,0.005049999803304672,0.0,0.0,0.0,0.0,0.0,0.009279999881982803,0.0,0.0,0.0,0.009239999577403069,0.00686000008136034,0.0,0.006440000142902136,0.0,0.0007800000021234155,0.0,0.0,0.0,0.0019099999917671084,0.0175199992954731,0.0,0.01923000067472458,0.011110000312328339,0.01754000037908554],[0.0,0.0,0.0,0.07015000283718109,0.0,0.0,0.0,0.0,0.0,0.03375000134110451,0.0,0.01850000023841858,0.0,0.004170000087469816,0.018519999459385872,0.0,0.0,0.033330000936985016,0.0,0.0,0.0023799999617040157,0.0,0.00865000020712614,0.0,0.0,0.0,0.0,0.014100000262260437,0.0086899995803833,0.0,0.0,0.0,0.02873999997973442,0.0,0.01257999986410141,0.030300000682473183,0.0,0.038830000907182693,0.010769999586045742,0.0,0.0,0.0,0.0,0.0,0.03771999850869179,0.0,0.012299999594688416,0.0057299998588860035,0.0,0.0],[0.0,0.021779999136924744,0.0048500001430511475,0.0,0.0,0.0,0.03954000025987625,0.0,0.025119999423623085,0.0,0.0,0.0,0.01655000075697899,0.0,0.0,0.0006500000017695129,0.0,0.020309999585151672,0.0,0.0,0.024529999122023582,0.0,0.0,0.0,0.0,0.0,0.0,0.023420000448822975,0.0,0.010889999568462372,0.0,0.0,0.0,0.0,0.029090000316500664,0.0,0.005690000019967556,0.00892999954521656,0.0,0.016529999673366547,0.0,0.0,0.009809999726712704,0.0,0.0,0.0,0.0,0.009089999832212925,0.010999999940395355,0.0],[0.0949999988079071,0.0,0.006310000084340572,0.0,0.0,0.007499999832361937,0.0,0.01971999928355217,0.022989999502897263,0.0,0.10029000043869019,0.0,0.007110000122338533,0.010099999606609344,0.03985999897122383,0.0,0.03297000005841255,0.0,0.01785999909043312,0.0,0.011110000312328339,0.0,0.0,0.0,0.0,0.0010999999940395355,0.0,0.0,0.010420000180602074,0.023509999737143517,0.0,0.009700000286102295,0.0,0.034929998219013214,0.010780000127851963,0.0,0.0,0.0,0.0,0.01508999988436699,0.0,0.010529999621212482,0.0,0.020740000531077385,0.0,0.0,0.0,0.01624000072479248,0.008860000409185886,0.0],[0.0077599999494850636,0.0,0.004809999838471413,0.0,0.0,0.0,0.0,0.0042500002309679985,0.0,0.011110000312328339,0.001449999981559813,0.011490000411868095,0.0,0.0,0.018400000408291817,0.014919999986886978,0.0,0.0,0.0,0.0,0.007670000195503235,0.007379999849945307,0.008019999600946903,0.01703999936580658,0.018719999119639397,0.06341999769210815,0.0,0.0,0.0,0.0,0.0,0.019419999793171883,0.0,0.0,0.0,0.0,0.0038799999747425318,0.0,0.0,0.0,0.0,0.0,0.012369999662041664,0.0,0.0,0.03249000012874603,0.0,0.0,0.009170000441372395,0.0],[0.0,0.0,0.0282600000500679,0.015169999562203884,0.003539999946951866,0.02273000031709671,0.0,0.011859999969601631,0.0,0.01537999976426363,0.0,0.0,0.0,0.0,0.0,0.0,0.0,0.0,0.0,0.0,0.0,0.01370999962091446,0.01566999964416027,0.0,0.002940000034868717,0.003389999968931079,0.007470000069588423,0.0,0.0,0.0,0.009429999627172947,0.0025599999353289604,0.0,0.01841999962925911,0.01817999966442585,0.0,0.0,0.018300000578165054,0.0,0.0,0.0,0.0,0.0,0.0,0.019419999793171883,0.0,0.0,0.002529999939724803,0.0,0.004490000195801258],[0.0,0.0018599999602884054,0.007860000245273113,0.04791000112891197,0.0,0.0,0.0,0.0,0.03207999840378761,0.005140000022947788,0.0,0.0,0.01759999990463257,0.021740000694990158,0.0,0.0,0.0,0.0,0.0,0.0,0.0,0.009759999811649323,0.01776999980211258,0.0,0.05404999852180481,0.002050000010058284,0.0,0.0,0.0011099999537691474,0.0,0.010639999993145466,0.033720001578330994,0.018060000613331795,0.0,0.0,0.016720000654459,0.0,0.027000000700354576,0.0,0.007980000227689743,0.0,0.008299999870359898,0.010990000329911709,0.0,0.001560000004246831,0.0,0.0,0.0,0.013009999878704548,0.04673000052571297],[0.0,0.0061900001019239426,0.01042999979108572,0.0,0.004550000187009573,0.010420000180602074,0.00686000008136034,0.0003699999942909926,0.01042999979108572,0.0314599983394146,0.0,0.02785000018775463,0.0,0.02273000031709671,0.0,0.0,0.0,0.0,0.014279999770224094,0.0,0.01075000036507845,0.002400000113993883,0.0,0.0,0.017640000209212303,0.0,0.010990000329911709,0.0,0.00989999994635582,0.0,0.0,0.004600000102072954,0.0,0.0,0.0005200000014156103,0.0,0.018239999189972878,0.0,0.0,0.0,0.028929999098181725,0.0,0.0,0.0,0.010850000195205212,0.0,0.002520000096410513,0.0,0.0,0.010660000145435333],[0.0035699999425560236,0.0,0.0,0.0,0.028030000627040863,0.0,0.03472999855875969,0.0,0.01889999955892563,0.0,0.0,0.008070000447332859,0.04329000040888786,0.00851999968290329,0.0,0.0,0.007170000113546848,0.0,0.07842999696731567,0.009410000406205654,0.0,0.010700000450015068,0.0,0.00559999980032444,0.051259998232126236,0.012070000171661377,0.009259999729692936,0.04907999932765961,0.008329999633133411,0.0,0.0,0.0,0.0005300000193528831,0.0018500000005587935,0.014659999869763851,0.0,0.017389999702572823,0.0,0.018689999356865883,0.0,0.0,0.001930000027641654,0.0,0.0,0.0,0.01923000067472458,0.01193000003695488,0.0,0.0,0.006390000227838755]],