{"objective":9501.7958984375,"runtime":2.0,"usage_matrix":[[0.0,0.07977999746799469,0.0,0.018130000680685043,0.0,0.016370000317692757,0.0,0.0007099999929778278,0.010200000368058681,0.0,0.0,0.0,0.0004600000102072954,0.03891000151634216,0.03125,0.00039999998989515007,0.01501999981701374,0.010479999706149101,0.0,0.009909999556839466,0.0,0.0,0.05555000156164169,0.0,0.009349999949336052,0.0,0.0,0.0,0.01875999942421913,0.0,0.0,0.0,0.00892999954521656,0.0,0.02019999921321869,0.0,0.02679000049829483,0.011370000429451466,0.006889999844133854,0.0004299999854993075,0.022859999909996986,0.0,0.0,0.0,0.013509999960660934,0.0,0.0,0.0,0.0,0.0],[0.0,0.059579998254776,0.0,0.000699999975040555,0.0,0.0,0.0,0.0,0.02273000031709671,0.0,0.0,0.009800000116229057,0.029069999232888222,0.001019999966956675,0.0,0.0228899996727705,0.010649999603629112,0.0,0.0,0.0,0.0,0.0,0.008550000376999378,0.0,0.009999999776482582,0.0,0.0,0.013039999641478062,0.019290000200271606,0.0,0.008270000107586384,0.0,0.0,0.0,0.0,0.01641000062227249,0.0,0.0,0.0,0.0,0.0,0.02525000087916851,0.0,0.0,0.009510000236332417,0.0,0.010200000368058681,0.0,0.0,0.0],[0.031380001455545425,0.0,0.0,0.0023799999617040157,0.0,0.0,0.0,0.046069998294115067,0.0,0.0,0.0,0.0,0.0,0.023099999874830246,0.0,0.0,0.0,0.0,0.017000000923871994,0.0,0.04424000158905983,0.0,0.02703000046312809,0.005030000116676092,0.020640000700950623,0.026089999824762344,0.0,0.03764000162482262,0.0,0.0,0.00892999954521656,0.05990999937057495,0.0,0.0,0.008050000295042992,0.008259999565780163,0.006380000151693821,0.0,0.0,0.010029999539256096,0.022199999541044235,0.0,0.0,0.0,0.004889999981969595,0.0,0.0,0.0,0.021050000563263893,0.010870000347495079],[0.0,0.0,0.0,0.006719999946653843,0.0,0.007790000177919865,0.009800000116229057,0.0,0.0,0.0,0.0348300002515316,0.005260000005364418,0.0,0.018880000337958336,0.0,0.0,0.0,0.0,0.0101500004529953,0.0,0.006370000075548887,0.00892999954521656,0.0,0.02085999958217144,0.0064500002190470695,0.00750999990850687,0.06872999668121338,0.0,0.0,0.0,0.0,0.0,0.0,0.019610000774264336,0.0,0.0,0.020829999819397926,0.009309999644756317,0.0,0.0010900000343099236,0.0,0.0,0.0,0.0378899984061718,0.00901000015437603,0.0,0.0,0.0,0.0,0.0],[0.0,0.0,0.0,0.0,0.03053000010550022,0.0,0.0,0.019260000437498093,0.0,0.07161000370979309,0.0,0.02500000037252903,0.0,0.0,0.0,0.005249999929219484,0.0,0.0,0.002959999954327941,0.021980000659823418,0.025210000574588776,0.011149999685585499,0.0010900000343099236,0.022099999710917473,0.0,0.0,0.0,0.013319999910891056,0.04853999987244606,0.028300000354647636,0.016370000317692757,0.0,0.0,0.004410000052303076,0.0,0.0031300000846385956,0.0,0.0,0.010940000414848328,0.0,0.010089999996125698,0.008070000447332859,0.002219999907538295,0.0681999996304512,0.0,0.03192000091075897,0.0,0.0,0.00863999966531992,0.0],[0.018929999321699142,0.0,0.009449999779462814,0.006550000049173832,0.0,0.0,0.0,0.0,0.0,0.0,0.009560000151395798,0.0,0.0,0.0,0.03443000093102455,0.010610000230371952,0.0,0.013570000417530537,0.020409999415278435,0.02127999998629093,0.0,0.0,0.007540000136941671,0.007110000122338533,0.0,0.037039998918771744,0.0,0.0,0.0,0.0,0.002630000002682209,0.0027799999807029963,0.0,0.0625,0.0,0.010619999840855598,0.0,0.0,0.00009000000136438757,0.026839999482035637,0.0,0.03863000124692917,0.0004600000102072954,0.08555000275373459,0.009429999627172947,0.0,0.0,0.036729998886585236,0.009170000441372395,0.05000000074505806],[0.00892999954521656,0.0,0.02092999964952469,0.0,0.028189999982714653,0.0,0.0,0.0,0.0,0.0,0.10034000128507614,0.019419999793171883,0.0,0.0,0.0,0.0,0.0,0.019279999658465385,0.010529999621212482,0.018069999292492867,0.0,0.0,0.024299999698996544,0.0,0.0,0.0,0.0,0.03994999825954437,0.0,0.0,0.01923000067472458,0.0,0.0,0.010099999606609344,0.0,0.002850000048056245,0.03895999863743782,0.0,0.0,0.0051299999468028545,0.04134000092744827,0.0,0.0,0.03537999838590622,0.0,0.0,0.0,0.006279999855905771,0.01802000030875206,0.0],[0.0,0.0,0.01858000084757805,0.0,0.014709999784827232,0.0,0.0,0.014990000054240227,0.0,0.0,0.003969999961555004,0.0,0.0,0.005470000207424164,0.012489999644458294,0.015769999474287033,0.0,0.0,0.02020999975502491,0.019109999760985374,0.0,0.00800000037997961,0.0018700000364333391,0.0,0.0,0.0,0.07621999830007553,0.0,0.028139999136328697,0.0,0.0142000000923872,0.0,0.0,0.0,0.0,0.0,0.009519999846816063,0.000699999975040555,0.0,0.0011899999808520079,0.010660000145435333,0.010979999788105488,0.0,0.0,0.016019999980926514,0.0,0.009800000116229057,0.0,0.0,0.0],[0.007780000101774931,0.0,0.024390000849962234,0.0013500000350177288,0.034790001809597015,0.0,0.009619999676942825,0.045809999108314514,0.0,0.005840000230818987,0.017270000651478767,0.0,0.0002099999983329326,0.00750999990850687,0.0,0.0,0.0,0.01940000057220459,0.010219999589025974,0.0,0.021770000457763672,0.019419999793171883,0.0,0.0,0.02019999921321869,0.023809999227523804,0.04764999821782112,0.0,0.0005699999746866524,0.0,0.0,0.0,0.0035099999513477087,0.009800000116229057,0.013330000452697277,0.03959999978542328,0.0064500002190470695,0.0,0.00839999970048666,0.011009999550879002,0.0,0.0,0.02102000080049038,0.0,0.0,0.021940000355243683,0.009429999627172947,0.0,0.0291300006210804,0.0],[0.0,0.022390000522136688,0.01817999966442585,0.009800000116229057,0.018219999969005585,0.0,0.011110000312328339,0.0,0.009619999676942825,0.00014000000373926014,0.0,0.00877000018954277,0.0,0.0,0.015049999579787254,0.0,0.03675999864935875,0.0,0.003640000009909272,0.019419999793171883,0.0,0.00892999954521656,0.009650000371038914,0.003370000049471855,0.019269999116659164,0.0,0.06429000198841095,0.0016700000269338489,0.01793999969959259,0.009800000116229057,0.0,0.030859999358654022,0.0038399999029934406,0.008960000239312649,0.0,0.029410000890493393,0.0,0.0,0.0,0.0,0.02809000015258789,0.003269999986514449,0.009709999896585941,0.0,0.0,0.012369999662041664,0.010099999606609344,0.0,0.0006399999838322401,0.0]],