{"objective":9585.9521484375,"runtime":1.0,"usage_matrix":[[0.11620000004768372,0.0,0.0,0.0,0.018470000475645065,0.008200000040233135,0.0,0.005239999853074551,0.016049999743700027,0.038440000265836716,0.0,0.012350000441074371,0.008580000139772892,0.0,0.035339999943971634,0.0,0.026119999587535858,0.0,0.0,0.0,0.0,0.0,0.027650000527501106,0.0,0.0,0.0,0.0,0.0,0.0,0.0,0.0,0.0,0.0,0.0,0.0,0.019290000200271606,0.0,0.0,0.006339999847114086,0.009349999949336052,0.01075000036507845,0.0,0.0,0.02969999983906746,0.0,0.0,0.0,0.0,0.0,0.014000000432133675],[0.06493999809026718,0.005179999861866236,0.0,0.0,0.0,0.0,0.0,0.0,0.0,0.009089999832212925,0.006140000186860561,0.002950000111013651,0.0,0.05119000002741814,0.0,0.0002699999895412475,0.0,0.0,0.0,0.0,0.0,0.020409999415278435,0.0,0.0,0.021640000864863396,0.009340000338852406,0.0,0.0,0.00865000020712614,0.0,0.0,0.0,0.0,0.0,0.0,0.0,0.0008699999889358878,0.012629999779164791,0.03423000127077103,0.0,0.0010499999625608325,0.007969999685883522,0.0,0.0,0.01030999980866909,0.0,0.027820000424981117,0.0,0.027780000120401382,0.02127999998629093],[0.0258799996227026,0.0,0.0,0.0,0.007459999993443489,0.040470000356435776,0.0,0.0,0.003719999920576811,0.012670000083744526,0.0029700000304728746,0.0,0.014910000376403332,0.01056000031530857,0.05999999865889549,0.0,0.0,0.017090000212192535,0.009929999709129333,0.0,0.0291300006210804,0.0,0.0027799999807029963,0.008170000277459621,0.0,0.01228999998420477,0.0024500000290572643,0.0,0.0,0.0,0.0,0.0,0.0,0.004889999981969595,0.0,0.017330000177025795,0.0,0.0,0.008270000107586384,0.0,0.03570999950170517,0.04123999923467636,0.01972999982535839,0.0,0.0,0.0,0.0,0.01030999980866909,0.0,0.0],[0.0,0.0,0.019430000334978104,0.0,0.0,0.0,0.012509999796748161,0.020409999415278435,0.0,0.0,0.0,0.05203000083565712,0.0,0.004449999891221523,0.0,0.0,0.0,0.0,0.0,0.0,0.0,0.0,0.0017300000181421638,0.0036100000143051147,0.0,0.035429999232292175,0.0,0.0,0.0,0.0,0.0,0.03759999945759773,0.010099999606609344,0.005830000154674053,0.010099999606609344,0.0,0.035989999771118164,0.01834999956190586,0.0,0.0,0.0,0.0,0.0,0.0018899999558925629,0.00892999954521656,0.009999999776482582,0.0,0.0,0.04586999863386154,0.0],[0.01413000002503395,0.0,0.0,0.0,0.0,0.0,0.02061999961733818,0.0,0.0,0.02070000022649765,0.0,0.0010400000028312206,0.008960000239312649,0.04459000006318092,0.027300000190734863,0.0,0.009200000204145908,0.01001999992877245,0.0,0.0,0.0,0.0,0.0,0.03027999959886074,0.0,0.0,0.024390000849962234,0.0,0.0,0.0,0.0,0.0,0.0,0.0,0.0,0.0,0.15821999311447144,0.01310999970883131,0.0,0.020409999415278435,0.020829999819397926,0.0,0.0,0.0,0.0,0.0,0.0,0.021980000659823418,0.0,0.0],[0.0,0.01078999973833561,0.009999999776482582,0.0,0.0,0.0,0.00022000000171829015,0.0,0.0,0.0030300000216811895,0.0,0.005119999870657921,0.061799999326467514,0.0,0.0,0.04498999938368797,0.025989999994635582,0.055959999561309814,0.0,0.016950000077486038,0.0,0.00989999994635582,0.05996000021696091,0.0,0.0,0.0,0.009709999896585941,0.0,0.0,0.009050000458955765,0.0,0.0,0.0,0.021050000563263893,0.010420000180602074,0.0,0.0,0.0,0.0,0.01802000030875206,0.02329999953508377,0.0,0.016140000894665718,0.009359999559819698,0.0,0.0,0.0,0.0,0.0,0.0],[0.0,0.0,0.014329999685287476,0.0,0.026319999247789383,0.0,0.0006200000061653554,0.02336999960243702,0.03871000185608864,0.019209999591112137,0.008390000090003014,0.01460999995470047,0.0,0.0,0.03127000108361244,0.0,0.019999999552965164,0.0,0.0,0.0,0.0,0.009349999949336052,0.0,0.04871999844908714,0.006120000034570694,0.0,0.0,0.0,0.05868000164628029,0.0,0.0019499999471008778,0.02426999993622303,0.0,0.0,0.008469999767839909,0.0,0.0,0.010379999876022339,0.0,0.0,0.0,0.0,0.0,0.0,0.020239999517798424,0.0,0.011909999884665012,0.0,0.0,0.04075000062584877],[0.0,0.0,0.0,0.0,0.009030000306665897,0.0,0.01030999980866909,0.023809999227523804,0.0,0.00033000000985339284,0.0,0.0,0.0,0.0017399999778717756,0.0,0.02012000046670437,0.008790000341832638,0.029999999329447746,0.029529999941587448,0.01979999989271164,0.0,0.0,0.01193000003695488,0.0,0.0,0.0,0.01803000085055828,0.04546999931335449,0.01018999982625246,0.0,0.014790000393986702,0.0,0.00965999998152256,0.010420000180602074,0.0,0.010029999539256096,0.03147000074386597,0.0,0.019999999552965164,0.0,0.0,0.009619999676942825,0.0,0.022709999233484268,0.0,0.0,0.05318000167608261,0.00571999978274107,0.00774999987334013,0.0],[0.07485999912023544,0.015860000625252724,0.010639999993145466,0.0,0.0,0.008190000429749489,0.01834999956190586,0.0,0.0,0.005100000184029341,0.012760000303387642,0.0,0.013810000382363796,0.0,0.0,0.0,0.0,0.0,0.0,0.044849999248981476,0.0,0.0,0.022760000079870224,0.02142000012099743,0.0,0.03936000168323517,0.0,0.011230000294744968,0.0,0.023089999333024025,0.0,0.0,0.0,0.021299999207258224,0.0,0.0,0.0,0.009170000441372395,0.0,0.010420000180602074,0.0,0.008849999867379665,0.01030999980866909,0.0,0.0,0.01802000030875206,0.0,0.019050000235438347,0.01810000091791153,0.0],[0.0531499981880188,0.0,0.01972999982535839,0.019610000774264336,0.0,0.00800000037997961,0.0,0.0560699999332428,0.0,0.008329999633133411,0.0,0.0,0.0,0.0,0.0,0.0,0.04095999896526337,0.0,0.0016299999551847577,0.0,0.0,0.0,0.0,0.027809999883174896,0.0,0.010610000230371952,0.0,0.0,0.04270000010728836,0.03491999953985214,0.0,0.0,0.0,0.009359999559819698,0.0,0.009909999556839466,0.0066200001165270805,0.0,0.0,0.0,0.03539999946951866,0.009890000335872173,0.0,0.009039999917149544,0.0,0.0,0.0,0.011490000411868095,0.009759999811649323,0.0]],