{"objective":6896.8916015625,"runtime":1.0,"usage_matrix":[[0.0,0.0,0.0,0.016939999535679817,0.0,0.0,0.0,0.0,0.010870000347495079,0.0083600003272295,0.0,0.005919999908655882,0.013159999623894691,0.0,0.009580000303685665,0.0,0.0,0.0,0.0,0.0,0.009050000458955765,0.02676999941468239,0.0,0.0,0.017389999702572823,0.0,0.011979999952018261,0.018519999459385872,0.0,0.0,0.0,0.004769999999552965,0.009270000271499157,0.0,0.0,0.0,0.0,0.009999999776482582,0.0,0.0,0.0,0.0,0.0,0.02287999913096428,0.04853999987244606,0.003010000102221966,0.0,0.0,0.0,0.0],[0.0,0.03067000024020672,0.0,0.0,0.0,0.0012000000569969416,0.003280000062659383,0.0,0.01039000041782856,0.009709999896585941,0.0,0.01916000060737133,0.03945000097155571,0.004149999935179949,0.0,0.0,0.0,0.009080000221729279,0.0,0.0,0.01030999980866909,0.031530000269412994,0.0,0.0,0.010990000329911709,0.0,0.00203999993391335,0.0,0.0,0.0236200001090765,0.008840000256896019,0.0,0.0,0.0,0.05008000135421753,0.0,0.0,0.004689999856054783,0.010809999890625477,0.0,0.0,0.023229999467730522,0.00774999987334013,0.005940000060945749,0.02019999921321869,0.0,0.008849999867379665,0.0,0.04235000163316727,0.0],[0.025059999898076057,0.005539999809116125,0.0,0.0,0.02201000042259693,0.000859999970998615,0.02669999934732914,0.0,0.0,0.007019999902695417,0.0,0.0,0.0,0.014550000429153442,0.015780000016093254,0.0,0.0,0.0,0.016529999673366547,0.0,0.0,0.015399999916553497,0.04983000084757805,0.03240999951958656,0.0,0.004399999976158142,0.0,0.0,0.0,0.011629999615252018,0.0,0.009229999966919422,0.0,0.04673000052571297,0.0,0.001990000018849969,0.009800000116229057,0.0,0.0,0.0,0.0,0.0,0.008009999990463257,0.0,0.017820000648498535,0.0,0.0,0.008949999697506428,0.008460000157356262,0.0],[0.0,0.015589999966323376,0.0,0.0,0.0030499999411404133,0.0,0.0,0.0,0.010639999993145466,0.0,0.0,0.007689999882131815,0.0,0.0,0.0,0.05353999882936478,0.0,0.001550000044517219,0.0,0.037379998713731766,0.03448000177741051,0.0,0.005960000213235617,0.0,0.0,0.0,0.02095000073313713,0.0,0.029009999707341194,0.0,0.020409999415278435,0.02450999990105629,0.011359999887645245,0.0,0.0,0.002139999996870756,0.01923000067472458,0.016529999673366547,0.0,0.013340000063180923,0.04876000061631203,0.022989999502897263,0.0,0.0,0.010420000180602074,0.0,0.0,0.0,0.0,0.0],[0.0,0.031539998948574066,0.01810000091791153,0.01030999980866909,0.0,0.0,0.010639999993145466,0.002409999957308173,0.0016299999551847577,0.02751999907195568,0.0,0.0024999999441206455,0.012059999629855156,0.0,0.009709999896585941,0.03671000152826309,0.0,0.0,0.008630000054836273,0.0,0.0,0.0,0.0,0.0,0.01116000022739172,0.010420000180602074,0.0,0.0,0.0,0.0017999999690800905,0.0,0.03700999915599823,0.0034199999645352364,0.027009999379515648,0.0,0.0,0.0,0.0,0.02319999970495701,0.0,0.0,0.0,0.010420000180602074,0.010200000368058681,0.0,0.034779999405145645,0.0,0.016829999163746834,0.008290000259876251,0.0],[0.0,0.0,0.0,0.0408100001513958,0.040369998663663864,0.0029200001154094934,0.0,0.03269999846816063,0.0,0.0,0.010080000385642052,0.005779999773949385,0.0019199999514967203,0.017659999430179596,0.0,0.0,0.0,0.00215000007301569,0.019610000774264336,0.0,0.010870000347495079,0.0,0.0,0.030169999226927757,0.009709999896585941,0.02679000049829483,0.0,0.0,0.0,0.0,0.0044200001284480095,0.0,0.0,0.0,0.0,0.056449998170137405,0.0034799999557435513,0.0,0.0,0.030300000682473183,0.0,0.0,0.0,0.00901000015437603,0.02094000019133091,0.0071000000461936,0.01075000036507845,0.0,0.0,0.01001999992877245],[0.0,0.0,0.0,0.021090000867843628,0.0,0.0,0.025590000674128532,0.0,0.002369999885559082,0.009429999627172947,0.0002099999983329326,0.028999999165534973,0.005630000028759241,0.0,0.01075000036507845,0.009970000013709068,0.009709999896585941,0.011769999749958515,0.00810999982059002,0.010529999621212482,0.0,0.0,0.0,0.0,0.0,0.0,0.014619999565184116,0.028039999306201935,0.07868999987840652,0.010599999688565731,0.0,0.009879999794065952,0.0,0.0,0.0,0.02669999934732914,0.0,0.0,0.0004299999854993075,0.0,0.013009999878704548,0.0013299999991431832,0.009259999729692936,0.0,0.010870000347495079,0.02677999995648861,0.0,0.016669999808073044,0.0,0.0],[0.0,0.0,0.07142999768257141,0.0,0.0,0.0038399999029934406,0.007309999782592058,0.00853000022470951,0.013509999960660934,0.009800000116229057,0.002199999988079071,0.04194999858736992,0.0,0.009999999776482582,0.008620000444352627,0.0,0.0,0.004480000119656324,0.0,0.007890000008046627,0.0,0.0019499999471008778,0.0,0.0,0.0,0.01408000010997057,0.00546000013127923,0.01298999972641468,0.06458000093698502,0.0,0.0,0.0,0.01590000092983246,0.023809999227523804,0.0,0.0,0.0,0.0,0.0035500000230968,0.0,0.0,0.022050000727176666,0.019610000774264336,0.019419999793171883,0.0,0.0006000000284984708,0.0,0.03297000005841255,0.020409999415278435,0.03381999954581261],[0.0,0.0,0.0,0.0,0.006899999920278788,0.0,0.02102000080049038,0.0,0.03959999978542328,0.0,0.021209999918937683,0.0,0.0,0.0,0.0,0.0,0.0,0.008489999920129776,0.018459999933838844,0.017710000276565552,0.0,0.0,0.0,0.0,0.012980000115931034,0.024320000782608986,0.003379999892786145,0.010639999993145466,0.0,0.013580000028014183,0.03158000111579895,0.0053400001488626,0.05212999880313873,0.0,0.05773000046610832,0.0,0.0,0.015560000203549862,0.0,0.0,0.0,0.0,0.0,0.0,0.022989999502897263,0.0,0.00865000020712614,0.0,0.0,0.0],[0.027489999309182167,0.07145000249147415,0.0,0.011359999887645245,0.0033599999733269215,0.006289999932050705,0.0,0.01131999958306551,0.010940000414848328,0.0,0.015599999576807022,0.0,0.0,0.01735999993979931,0.0,0.0,0.0,0.0,0.0,0.009770000353455544,0.005169999785721302,0.0,0.015039999969303608,0.0,0.0,0.0,0.0,0.0,0.05104999989271164,0.000859999970998615,0.0,0.034529998898506165,0.0,0.0,0.0,0.0,0.0,0.0,0.009610000066459179,0.008940000087022781,0.012160000391304493,0.0,0.01817999966442585,0.0,0.009700000286102295,0.0,0.0,0.0,0.010639999993145466,0.0]],