{"objective":8587.0078125,"runtime":1.0,"usage_matrix":[[0.007290000095963478,0.06262999773025513,0.0,0.0,0.0038799999747425318,0.006029999814927578,0.0,0.015850000083446503,0.0,0.008550000376999378,0.0,0.014229999855160713,0.0,0.017389999702572823,0.0,0.0,0.0,0.0,0.006750000175088644,0.0038399999029934406,0.0,0.015720000490546227,0.0,0.011420000344514847,0.03353000059723854,0.0,0.004339999984949827,0.0,0.012749999761581421,0.0,0.00803999975323677,0.017009999603033066,0.028920000419020653,0.0,0.009170000441372395,0.0,0.0,0.019999999552965164,0.041749998927116394,0.0,0.016839999705553055,0.019050000235438347,0.0,0.019050000235438347,0.0045900000259280205,0.0,0.0,0.0,0.0,0.0],[0.048340000212192535,0.0,0.014410000294446945,0.001560000004246831,0.0,0.0,0.0,0.0,0.009990000165998936,0.053700000047683716,0.0023900000378489494,0.0,0.0,0.010440000332891941,0.0,0.0,0.0,0.010929999873042107,0.0,0.06384000182151794,0.0,0.011309999972581863,0.0,0.0,0.0,0.007689999882131815,0.013949999585747719,0.0,0.01054999977350235,0.009619999676942825,0.0032999999821186066,0.009429999627172947,0.003169999923557043,0.03061000071465969,0.00570000009611249,0.00343000004068017,0.0,0.0,0.010320000350475311,0.0,0.0,0.010870000347495079,0.0,0.0,0.0,0.03441999852657318,0.0,0.0,0.027149999514222145,0.00634999992325902],[0.0,0.017240000888705254,0.01979999989271164,0.008270000107586384,0.0,0.0,0.06881999969482422,0.0,0.0,0.021209999918937683,0.0,0.007240000180900097,0.0016400000313296914,0.013179999776184559,0.0,0.0,0.0,0.0,0.0,0.0,0.0,0.0,0.0037299999967217445,0.0,0.0,0.0,0.0,0.0,0.011110000312328339,0.022709999233484268,0.009709999896585941,0.0,0.0,0.0,0.027230000123381615,0.0,0.01298999972641468,0.00675999978557229,0.0,0.005830000154674053,0.0,0.0,0.0,0.035420000553131104,0.0,0.03610000014305115,0.04701000079512596,0.0,0.005229999776929617,0.0],[0.005160000175237656,0.0,0.03491999953985214,0.005350000225007534,0.0,0.0,0.014039999805390835,0.0,0.0,0.00800000037997961,0.0,0.06153000146150589,0.0,0.0,0.0,0.0,0.0,0.0,0.0008200000156648457,0.0,0.009619999676942825,0.0,0.027130000293254852,0.015130000188946724,0.010990000329911709,0.0,0.021959999576210976,0.0,0.045049998909235,0.0,0.009429999627172947,0.020829999819397926,0.0,0.0,0.027860000729560852,0.0031900000758469105,0.0,0.014739999547600746,0.0,0.0,0.007470000069588423,0.008969999849796295,0.0,0.0,0.028039999306201935,0.005410000216215849,0.03703000023961067,0.0,0.0,0.0],[0.0,0.00750999990850687,0.009150000289082527,0.0,0.011110000312328339,0.0,0.0,0.0,0.011900000274181366,0.0,0.0,0.0,0.0030400000978261232,0.0,0.0,0.05544999986886978,0.017589999362826347,0.0,0.0,0.0,0.0442500002682209,0.0,0.0,0.0,0.03726999834179878,0.006730000022798777,0.04084999859333038,0.009429999627172947,0.0,0.011800000444054604,0.0,0.0,0.012280000373721123,0.01802000030875206,0.008500000461935997,0.03466000035405159,0.0,0.010639999993145466,0.0,0.015279999934136868,0.0,0.011110000312328339,0.0,0.0,0.0,0.0,0.0016799999866634607,0.019610000774264336,0.0,0.0],[0.0,0.0,0.0,0.0011899999808520079,0.00989999994635582,0.00750999990850687,0.015769999474287033,0.033569999039173126,0.003010000102221966,0.0,0.0010900000343099236,0.0,0.03849000111222267,0.007439999841153622,0.0,0.05682000145316124,0.0,0.011629999615252018,0.0,0.0,0.03508999943733215,0.004550000187009573,0.02937999926507473,0.0,0.030710000544786453,0.0047900001518428326,0.0,0.03398999944329262,0.009800000116229057,0.012500000186264515,0.0,0.009800000116229057,0.03195999935269356,0.00482999999076128,0.0,0.021770000457763672,0.007180000189691782,0.019999999552965164,0.0,0.0001900000061141327,0.029360000044107437,0.0,0.007600000128149986,0.005630000028759241,0.0,0.00019999999494757503,0.0,0.0,0.0,0.0],[0.0,0.011210000142455101,0.0020699999295175076,0.0,0.0,0.028270000591874123,0.0,0.0,0.010529999621212482,0.0,0.0,0.0,0.014530000276863575,0.0,0.009770000353455544,0.0,0.0,0.0,0.053300000727176666,0.0,0.01075000036507845,0.0,0.036070000380277634,0.0021899999119341373,0.005009999964386225,0.0,0.0,0.0,0.0,0.009979999624192715,0.009519999846816063,0.006390000227838755,0.0,0.01205000001937151,0.0,0.0,0.0,0.025019999593496323,0.013989999890327454,0.0,0.0,0.0,0.009610000066459179,0.03061000071465969,0.0,0.0,0.0,0.0,0.010990000329911709,0.0],[0.0,0.0,0.010870000347495079,0.0,0.010200000368058681,0.042819999158382416,0.0,0.0,0.0,0.0,0.0,0.0,0.04926000162959099,0.019610000774264336,0.01205000001937151,0.06227999925613403,0.0,0.0,0.0,0.0,0.0,0.0,0.04027000069618225,0.017160000279545784,0.007590000052005053,0.0,0.0,0.0,0.02246999926865101,0.004019999876618385,0.010529999621212482,0.0,0.0,0.0,0.0,0.0,0.0,0.0,0.0,0.03167000040411949,0.002240000059828162,0.0,0.009709999896585941,0.0,0.00471000000834465,0.0,0.013580000028014183,0.0,0.0,0.0],[0.0,0.03925999999046326,0.01143999956548214,0.004530000034719706,0.009089999832212925,0.0,0.0,0.03294000029563904,0.011760000139474869,0.0,0.014700000174343586,0.0,0.0,0.008740000426769257,0.017389999702572823,0.0007300000288523734,0.0,0.009229999966919422,0.03449000045657158,0.0,0.006039999891072512,0.0,0.0,0.0,0.0,0.004769999999552965,0.0,0.0,0.07244999706745148,0.0,0.0,0.0,0.0,0.0,0.0,0.0,0.009709999896585941,0.02353000082075596,0.0,0.013969999738037586,0.0,0.0,0.0,0.0,0.0,0.024380000308156013,0.006610000040382147,0.0,0.0,0.0],[0.03077000007033348,0.019050000235438347,0.002689999993890524,0.0009299999801442027,0.0,0.0,0.0,0.019130000844597816,0.0,0.014399999752640724,0.02621999941766262,0.0037700000684708357,0.012539999559521675,0.0,0.011599999852478504,0.0,0.04255000129342079,0.0,0.0,0.0002699999895412475,0.012470000423491001,0.0,0.012350000441074371,0.01817999966442585,0.0,0.03448000177741051,0.033959999680519104,0.007569999899715185,0.0,0.0,0.01834999956190586,0.009619999676942825,0.0,0.0,0.0,0.0015200000489130616,0.011529999785125256,0.0,0.01607000082731247,0.025350000709295273,0.0,0.0,0.01030999980866909,0.0,0.009999999776482582,0.058090001344680786,0.0,0.0,0.0,0.009429999627172947]],