{"objective":6830.767578125,"runtime":1.0,"usage_matrix":[[0.0,0.0,0.010490000247955322,0.01209999993443489,0.0,0.023000000044703484,0.02655000053346157,0.012140000239014626,0.0024999999441206455,0.0,0.0,0.009030000306665897,0.0,0.0,0.01319000031799078,0.029179999604821205,0.0,0.002259999979287386,0.001069999998435378,0.0,0.03881999850273132,0.049469999969005585,0.023490000516176224,0.006070000119507313,0.009030000306665897,0.023660000413656235,0.028300000354647636,0.0,0.0,0.003280000062659383,0.016519999131560326,0.011760000139474869,0.0,0.007579999975860119,0.0,0.010200000368058681,0.010529999621212482,0.0,0.01754000037908554,0.005669999867677689,0.0,0.0,0.0,0.006579999811947346,0.016189999878406525,0.0,0.0,0.010200000368058681,0.0,0.00892999954521656],[0.0,0.0,0.0,0.0,0.018160000443458557,0.0,0.009019999764859676,0.0,0.0,0.0,0.0,0.010099999606609344,0.008329999633133411,0.0,0.008179999887943268,0.0,0.026329999789595604,0.05787000060081482,0.01030999980866909,0.0,0.0,0.021689999848604202,0.00634999992325902,0.025289999321103096,0.018769999966025352,0.023590000346302986,0.0,0.0,0.0,0.0,0.0,0.0,0.009519999846816063,0.007189999800175428,0.0,0.0,0.019419999793171883,0.012500000186264515,0.00892999954521656,0.0,0.019610000774264336,0.0,0.0018500000005587935,0.010529999621212482,0.02857000008225441,0.0,0.00989999994635582,0.0,0.007590000052005053,0.004350000061094761],[0.0,0.0,0.0,0.00013000000035390258,0.0,0.009039999917149544,0.02061999961733818,0.0649000033736229,0.012889999896287918,0.018060000613331795,0.014100000262260437,0.0,0.029120000079274178,0.015519999898970127,0.0,0.0045900000259280205,0.0,0.0,0.0,0.0,0.0,0.0,0.0,0.009100000374019146,0.0,0.0,0.011239999905228615,0.0,0.0,0.02582000009715557,0.014580000191926956,0.0,0.004089999943971634,0.0,0.009709999896585941,0.0,0.0,0.0,0.0,0.0,0.0,0.03432000055909157,0.0,0.010350000113248825,0.0,0.00812000036239624,0.0,0.0,0.0,0.0],[0.0005000000237487257,0.0,0.04761999845504761,0.0030900000128895044,0.006730000022798777,0.019419999793171883,0.0,0.0,0.025380000472068787,0.0,0.009259999729692936,0.0,0.0005000000237487257,0.01140000019222498,0.010350000113248825,0.021299999207258224,0.007160000037401915,0.0014100000262260437,0.024390000849962234,0.038830000907182693,0.012319999746978283,0.010639999993145466,0.0014600000577047467,0.0,0.005789999850094318,0.00901000015437603,0.009259999729692936,0.010529999621212482,0.028300000354647636,0.001290000043809414,0.009920000098645687,0.0,0.008849999867379665,0.005169999785721302,0.0,0.00009000000136438757,0.0,0.07232999801635742,0.021740000694990158,0.0,0.01030999980866909,0.0,0.0016899999463930726,0.0,0.0,0.010420000180602074,0.037379998713731766,0.0,0.0,0.0],[0.054999999701976776,0.05407999828457832,0.0,0.0,0.009610000066459179,0.010080000385642052,0.027780000120401382,0.0,0.0,0.0,0.0,0.009080000221729279,0.0,0.034960001707077026,0.0,0.013530000112950802,0.0,0.0,0.0035500000230968,0.0,0.0,0.009709999896585941,0.0,0.02631000056862831,0.019610000774264336,0.013670000247657299,0.0,0.005679999943822622,0.0,0.028850000351667404,0.009850000031292439,0.011060000397264957,0.0,0.0,0.0,0.0,0.0,0.0,0.0,0.0,0.01899000070989132,0.03723999857902527,0.0,0.0,0.0,0.005520000122487545,0.0,0.007930000312626362,0.0,0.009619999676942825],[0.00039000000106170774,0.03756000101566315,0.0,0.0,0.009479999542236328,0.0,0.0,0.0,0.0,0.0,0.010639999993145466,0.0,0.0,0.0,0.003280000062659383,0.0,0.0,0.0,0.0,0.03099999949336052,0.0,0.02246999926865101,0.0,0.0,0.001230000052601099,0.0,0.0,0.0,0.016950000077486038,0.0,0.0,0.029999999329447746,0.0,0.0,0.0,0.011300000362098217,0.0,0.010459999553859234,0.0,0.0,0.0,0.0,0.041510000824928284,0.008310000412166119,0.06825999915599823,0.0,0.0,0.0,0.008080000057816505,0.0],[0.009200000204145908,0.0,0.0,0.010200000368058681,0.0,0.0048500001430511475,0.0,0.0,0.0,0.0,0.0,0.0,0.005520000122487545,0.0007699999841861427,0.016429999843239784,0.00953999999910593,0.013690000399947166,0.0318400003015995,0.009399999864399433,0.012659999541938305,0.0,0.0,0.010700000450015068,0.0,0.009610000066459179,0.0067900000140070915,0.0,0.032260000705718994,0.0,0.04540000110864639,0.007120000198483467,0.0,0.0,0.007770000025629997,0.010200000368058681,0.01979999989271164,0.028300000354647636,0.0,0.010529999621212482,0.009709999896585941,0.0,0.020029999315738678,0.0,0.0,0.0,0.0,0.0,0.0,0.0,0.0],[0.0,0.020500000566244125,0.0,0.0,0.016170000657439232,0.0,0.0,0.006680000107735395,0.0,0.013389999978244305,0.009709999896585941,0.0,0.007960000075399876,0.015850000083446503,0.0,0.0,0.0,0.0,0.009970000013709068,0.00989999994635582,0.0006699999794363976,0.0,0.0,0.0,0.0,0.0,0.0,0.012199999764561653,0.017249999567866325,0.00046999999904073775,0.0,0.0,0.00827999971807003,0.014630000106990337,0.0,0.0,0.004360000137239695,0.0,0.0,0.04746999964118004,0.008849999867379665,0.021220000460743904,0.0,0.0,0.011490000411868095,0.0,0.011239999905228615,0.0,0.00875999964773655,0.01923000067472458],[0.007160000037401915,0.0,0.0,0.0,0.03878999873995781,0.0060800001956522465,0.008369999937713146,0.0,0.003470000112429261,0.0,0.0,0.012799999676644802,0.0384100005030632,0.0,0.00203999993391335,0.0,0.0,0.0,0.0,0.0,0.000029999999242136255,0.011900000274181366,0.007980000227689743,0.035440001636743546,0.052960000932216644,0.0,0.0,0.07261999696493149,0.00877000018954277,0.017389999702572823,0.0,0.0,0.03570999950170517,0.0,0.01923000067472458,0.0,0.0,0.0,0.0,0.0,0.0,0.0,0.06694000214338303,0.0,0.0,0.038100000470876694,0.0,0.0,0.0,0.0],[0.06992000341415405,0.0,0.0,0.002090000081807375,0.0,0.008849999867379665,0.00989999994635582,0.03857000172138214,0.0,0.0028099999763071537,0.0,0.02118000015616417,0.0,0.05768999829888344,0.0,0.009519999846816063,0.0,0.0,0.007579999975860119,0.0,0.0004199999966658652,0.009709999896585941,0.0,0.0,0.0,0.00788000039756298,0.0,0.007110000122338533,0.027370000258088112,0.0008399999933317304,0.0,0.009569999761879444,0.0,0.008259999565780163,0.0,0.0,0.0,0.0,0.009209999814629555,0.0039900001138448715,0.015209999866783619,0.0,0.019109999760985374,0.0,0.0,0.0,0.0,0.0,0.03279000148177147,0.00989999994635582]],