{"objective":6877.65380859375,"runtime":1.0,"usage_matrix":[[0.0,0.0,0.0,0.015300000086426735,0.0,0.0,0.0,0.0033599999733269215,0.006819999776780605,0.005419999826699495,0.0,0.0,0.013159999623894691,0.0,0.009709999896585941,0.0,0.0,0.0,0.0,0.0,0.009100000374019146,0.0,0.0,0.0,0.02727000042796135,0.0,0.05319000035524368,0.018559999763965607,0.0,0.0,0.0,0.0022499999031424522,0.0,0.0,0.0,0.0,0.0,0.009999999776482582,0.011839999817311764,0.0,0.0,0.005080000031739473,0.0,0.02198999933898449,0.031950000673532486,0.0033499998971819878,0.0,0.0,0.0,0.0],[0.0,0.01522000040858984,0.0,0.0,0.0,0.0,0.010160000063478947,0.0,0.013919999822974205,0.004410000052303076,0.0014700000174343586,0.02092999964952469,0.016750000417232513,0.00892999954521656,0.0,0.0,0.0,0.008670000359416008,0.0,0.03596000000834465,0.01030999980866909,0.0,0.0,0.016589999198913574,0.010990000329911709,0.0,0.013079999946057796,0.0,0.0,0.0236200001090765,0.010130000300705433,0.0129399998113513,0.0,0.0,0.048650000244379044,0.0,0.0,0.004689999856054783,0.01761999912559986,0.0,0.0,0.018060000613331795,0.007530000060796738,0.00877000018954277,0.0,0.0,0.008849999867379665,0.0,0.04284000024199486,0.0],[0.023259999230504036,0.000910000002477318,0.0,0.0,0.0,0.006519999820739031,0.02565000019967556,0.0,0.0,0.010870000347495079,0.014050000347197056,0.0,0.0,0.020409999415278435,0.014770000241696835,0.0,0.0,0.0,0.0,0.0,0.0,0.008080000057816505,0.0611100010573864,0.002420000033453107,0.0,0.010529999621212482,0.019530000165104866,0.009519999846816063,0.0,0.011629999615252018,0.0,0.005609999876469374,0.0,0.04673000052571297,0.0,0.0,0.00812000036239624,0.0,0.003379999892786145,0.0,0.0,0.0,0.018519999459385872,0.0,0.017149999737739563,0.0,0.0,0.0,0.019929999485611916,0.0],[0.0,0.0,0.0,0.0,0.03821000084280968,0.0,0.0,0.0,0.003109999932348728,0.0,0.0,0.0,0.0,0.0,0.0,0.03451000154018402,0.0,0.001550000044517219,0.0,0.037379998713731766,0.03448000177741051,0.024410000070929527,0.025189999490976334,0.0,0.0,0.0,0.0,0.0,0.06639000028371811,0.0,0.020409999415278435,0.02022000029683113,0.0,0.0,0.005530000198632479,0.0,0.013380000367760658,0.016529999673366547,0.0,0.013340000063180923,0.03937999904155731,0.011649999767541885,0.0,0.0,0.0038399999029934406,0.0,0.0,0.0,0.0,0.0],[0.0,0.010979999788105488,0.014960000291466713,0.01030999980866909,0.017559999600052834,0.0,0.010639999993145466,0.012620000168681145,0.0,0.027170000597834587,0.025280000641942024,0.0,0.0061599998734891415,0.0,0.009709999896585941,0.041450001299381256,0.0,0.0,0.003329999977722764,0.00901000015437603,0.0,0.0,0.0,0.0,0.0034600000362843275,0.0025100000202655792,0.0,0.0,0.0,0.0017999999690800905,0.0,0.020560000091791153,0.0,0.02879999950528145,0.0,0.000019999999494757503,0.0,0.0,0.04493999853730202,0.0,0.0,0.0,0.00925000011920929,0.004559999797493219,0.0,0.034779999405145645,0.0,0.008980000391602516,0.006930000148713589,0.0],[0.0,0.023879999294877052,0.0,0.041669998317956924,0.004110000096261501,0.022029999643564224,0.0,0.04357999935746193,0.0,0.0,0.0,0.0,0.01809000037610531,0.02127999998629093,0.0,0.0,0.0,0.006709999870508909,0.0024900001008063555,0.0,0.010870000347495079,0.0,0.0,0.007799999788403511,0.0,0.02679000049829483,0.0,0.015939999371767044,0.0,0.0,0.009619999676942825,0.0,0.06690999865531921,0.0,0.0,0.0,0.009709999896585941,0.0,0.0,0.030300000682473183,0.0,0.0,0.0,0.0028899998869746923,0.020659999921917915,0.0,0.01075000036507845,0.0,0.0,0.00011000000085914508],[0.0,0.0055599999614059925,0.0,0.021980000659823418,0.0,0.002749999985098839,0.023930000141263008,0.0,0.011629999615252018,0.009429999627172947,0.013690000399947166,0.008019999600946903,0.01051000040024519,0.0,0.01075000036507845,0.01899000070989132,0.009709999896585941,0.011769999749958515,0.018869999796152115,0.010529999621212482,0.0,0.0,0.0,0.018330000340938568,0.0,0.0,0.0,0.028039999306201935,0.08921000361442566,0.0028200000524520874,0.0,0.0,0.0,0.0,0.00788000039756298,0.01119999960064888,0.0,0.0,0.003949999809265137,0.0,0.009870000183582306,0.0006000000284984708,0.008329999633133411,0.0,0.0,0.02677999995648861,0.0,0.005909999832510948,0.0,0.0],[0.0,0.0,0.06227999925613403,0.0,0.0,0.0,0.006899999920278788,0.0,0.0,0.006719999946653843,0.0,0.02687999978661537,0.004860000219196081,0.009999999776482582,0.008620000444352627,0.0006600000197067857,0.0,0.004809999838471413,0.0,0.028300000354647636,0.0,0.0036800000816583633,0.0,0.011979999952018261,0.0,0.017389999702572823,0.016519999131560326,0.022989999502897263,0.08662000298500061,0.0,0.0,0.0,0.0,0.023809999227523804,0.0,0.00343999988399446,0.0,0.0,0.0,0.0,0.005169999785721302,0.014790000393986702,0.019610000774264336,0.019419999793171883,0.0,0.0024999999441206455,0.0,0.01858999952673912,0.020409999415278435,0.03381999954581261],[0.0,0.0,0.0,0.0,0.020150000229477882,0.0,0.02102000080049038,0.0,0.03108000010251999,0.0,0.0,0.0,0.014089999720454216,0.0,0.0,0.0,0.0,0.008290000259876251,0.01582000032067299,0.019209999591112137,0.0,0.0,0.0,0.0,0.015270000323653221,0.015560000203549862,0.017179999500513077,0.010639999993145466,0.0,0.021479999646544456,0.03158000111579895,0.008379999548196793,0.05063999816775322,0.0,0.06406000256538391,0.0,0.0,0.015560000203549862,0.0,0.0,0.0,0.0,0.0,0.0,0.0007699999841861427,0.0,0.008129999972879887,0.0,0.0,0.0],[0.027489999309182167,0.006010000128298998,0.0,0.011359999887645245,0.001120000029914081,0.0,0.0,0.03206000104546547,0.01889999955892563,0.0,0.0021200000774115324,0.0,0.010529999621212482,0.00788000039756298,0.0,0.0,0.0,0.0,0.0,0.019360000267624855,0.005169999785721302,0.014960000291466713,0.013980000279843807,0.0,0.0,0.0,0.0,0.01648000068962574,0.05795000120997429,0.000859999970998615,0.0,0.06387999653816223,0.0,0.0,0.0028699999675154686,0.0,0.0,0.0,0.008829999715089798,0.008940000087022781,0.0,0.0,0.01817999966442585,0.0,0.0012400000123307109,0.0,0.0,0.0,0.010639999993145466,0.0]],