{"objective":9593.7587890625,"runtime":2.0,"usage_matrix":[[0.0,0.0,0.0,0.02019999921321869,0.004259999841451645,0.0,0.016419999301433563,0.00011999999696854502,0.0,0.002850000048056245,0.0,0.0,0.03539999946951866,0.00622999994084239,0.026249999180436134,0.0,0.0,0.020409999415278435,0.0,0.0,0.0,0.046539999544620514,0.02127999998629093,0.018519999459385872,0.010420000180602074,0.0,0.0,0.0,0.0,0.010990000329911709,0.0,0.0,0.00839999970048666,0.010900000110268593,0.0,0.018689999356865883,0.009800000116229057,0.0846799984574318,0.0,0.011239999905228615,0.0,0.0,0.0,0.0021699999924749136,0.0,0.0,0.044179998338222504,0.00892999954521656,0.0,0.0],[0.06560999900102615,0.004610000178217888,0.0,0.0,0.00674000009894371,0.006120000034570694,0.0,0.0,0.0001500000071246177,0.00901000015437603,0.0,0.02369000017642975,0.010420000180602074,0.0173799991607666,0.01363999955356121,0.0,0.0,0.0,0.0,0.0,0.010099999606609344,0.0,0.0,0.010639999993145466,0.0,0.0,0.010850000195205212,0.00009999999747378752,0.06207999959588051,0.0,0.008960000239312649,0.0,0.0,0.00279000005684793,0.007019999902695417,0.00848000030964613,0.0,0.0,0.0,0.019610000774264336,0.01549999974668026,0.0,0.0,0.0,0.0,0.09949000179767609,0.0,0.0086899995803833,0.0,0.01205000001937151],[0.04185999929904938,0.0,0.0008399999933317304,0.043480001389980316,0.012299999594688416,0.002580000087618828,0.005369999911636114,0.0009399999980814755,0.001449999981559813,0.0,0.0,0.001970000099390745,0.0,0.00749000022187829,0.0,0.0,0.00547999981790781,0.0,0.0,0.0,0.0,0.028540000319480896,0.006339999847114086,0.0,0.0,0.0,0.008329999633133411,0.0,0.0,0.009259999729692936,0.01075000036507845,0.003599999938160181,0.009879999794065952,0.0,0.0,0.037039998918771744,0.0,0.04481000080704689,0.0,0.011909999884665012,0.03141000121831894,0.000019999999494757503,0.02531999908387661,0.0,0.0006500000017695129,0.0,0.01768999919295311,0.0,0.009709999896585941,0.0],[0.0,0.0026100000832229853,0.015259999781847,0.0,0.0,0.0,0.0,0.0,0.01947000063955784,0.0,0.0,0.0,0.0,0.0,0.02507999911904335,0.0,0.0,0.0,0.0,0.05124000087380409,0.007189999800175428,0.0,0.0,0.009519999846816063,0.0,0.04438000172376633,0.0,0.0,0.0,0.008820000104606152,0.0,0.0,0.0,0.019610000774264336,0.01075000036507845,0.0,0.0,0.0,0.02727000042796135,0.0,0.0,0.008030000142753124,0.007660000119358301,0.07297000288963318,0.0,0.0188400000333786,0.02127999998629093,0.0,0.0,0.014089999720454216],[0.014310000464320183,0.0,0.0,0.0,0.0,0.0,0.0007200000109151006,0.0,0.02070000022649765,0.0,0.0,0.0,0.0,0.0,0.0,0.0,0.0,0.0,0.009800000116229057,0.0,0.0,0.0,0.0,0.018120000138878822,0.008259999565780163,0.0,0.039489999413490295,0.02425999939441681,0.0,0.0,0.0,0.02727000042796135,0.025669999420642853,0.01979999989271164,0.0,0.0,0.0086899995803833,0.005690000019967556,0.0,0.0,0.03446999937295914,0.0,0.0006099999882280827,0.021530000492930412,0.005119999870657921,0.0,0.0,0.0,0.04879999905824661,0.0],[0.0,0.0,0.0,0.0,0.0,0.052969999611377716,0.0,0.0,0.0106800002977252,0.002749999985098839,0.0,0.0,0.0,0.05967000126838684,0.0,0.0,0.0,0.01075000036507845,0.0,0.041099999099969864,0.03158000111579895,0.0,0.0,0.01843000017106533,0.0,0.0,0.030750000849366188,0.0020200000144541264,0.0,0.0,0.0,0.0,0.0,0.0,0.0,0.030300000682473183,0.0,0.009630000218749046,0.002219999907538295,0.00887999963015318,0.07601000368595123,0.028359999880194664,0.0,0.0,0.0,0.0,0.05051000043749809,0.019999999552965164,0.0,0.0],[0.0,0.0,0.0,0.016340000554919243,0.025380000472068787,0.0,0.0,0.002400000113993883,0.0,0.00901000015437603,0.0,0.0,0.0,0.0,0.0,0.0,0.0007699999841861427,0.0,0.007980000227689743,0.0,0.016349999234080315,0.0,0.029249999672174454,0.0,0.0,0.0,0.0,0.0,0.04845999926328659,0.008259999565780163,0.009999999776482582,0.0,0.0,0.012749999761581421,0.01865999959409237,0.0,0.0,0.014310000464320183,0.0013099999632686377,0.0,0.0,0.0,0.0,0.0,0.0,0.0,0.0,0.010420000180602074,0.005710000172257423,0.02019999921321869],[0.0,0.0,0.0,0.0,0.0020600000862032175,0.0,0.007689999882131815,0.0,0.00786999985575676,0.01834999956190586,0.0,0.0,0.009619999676942825,0.06222999840974808,0.0,0.01075000036507845,0.04861000180244446,0.0,0.0319099985063076,0.0,0.01979999989271164,0.0,0.01916000060737133,0.0,0.0,0.01638999953866005,0.0,0.005160000175237656,0.0,0.0,0.0,0.029850000515580177,0.010470000095665455,0.0003800000122282654,0.007029999978840351,0.02563999965786934,0.021980000659823418,0.016189999878406525,0.0,0.005779999773949385,0.0,0.008849999867379665,0.014390000142157078,0.0,0.0040699997916817665,0.0,0.0,0.0,0.01759999990463257,0.0],[0.11029999703168869,0.0060800001956522465,0.0,0.0,0.004639999940991402,0.04537000134587288,0.0,0.011490000411868095,0.0,0.010099999606609344,0.0,0.018540000542998314,0.009770000353455544,0.0,0.0,0.010979999788105488,0.0,0.0,0.0,0.04588000103831291,0.015860000625252724,0.0022799998987466097,0.0,0.0,0.0,0.02167999930679798,0.005090000107884407,0.025800000876188278,0.0,0.0,0.011640000157058239,0.0,0.022220000624656677,0.0,0.0,0.0,0.0,0.0,0.0,0.0,0.03195999935269356,0.0,0.0007600000244565308,0.0,0.005789999850094318,0.0,0.020829999819397926,0.021059999242424965,0.0,0.018519999459385872],[0.0,0.0,0.06605000048875809,0.01056000031530857,0.010950000025331974,0.004650000017136335,0.0,0.0,0.0,0.016450000926852226,0.08586999773979187,0.025550000369548798,0.0,0.002259999979287386,0.01384000014513731,0.046390000730752945,0.059289999306201935,0.010099999606609344,0.0,0.0,0.0,0.0,0.0,0.0,0.01785999909043312,0.0,0.004579999949783087,0.0061900001019239426,0.0,0.0,0.0,0.06435000151395798,0.0,0.0,0.0,0.0,0.01754000037908554,0.0,0.0,0.008620000444352627,0.0,0.0,0.011769999749958515,0.003590000094845891,0.00892999954521656,0.0,0.015309999696910381,0.0,0.009089999832212925,0.0]],