{"objective":7564.49755859375,"runtime":1.0,"usage_matrix":[[0.022089999169111252,0.004980000201612711,0.0015699999639764428,0.09227000176906586,0.0,0.0,0.0017300000181421638,0.0,0.0,0.05463999882340431,0.001769999973475933,0.0,0.0,0.0,0.01092000026255846,0.004910000134259462,0.0,0.0,0.0,0.0,0.0,0.015300000086426735,0.0,0.019419999793171883,0.009189999662339687,0.009759999811649323,0.009800000116229057,0.008849999867379665,0.0,0.0,0.00901000015437603,0.021740000694990158,0.025860000401735306,0.04396999999880791,0.0,0.008700000122189522,0.0,0.00800000037997961,0.0,0.0,0.0,0.0,0.003449999960139394,0.007430000230669975,0.01827000081539154,0.0,0.008129999972879887,0.03613999858498573,0.012500000186264515,0.02127999998629093],[0.0,0.0,0.011110000312328339,0.0,0.03285999968647957,0.0,0.019940000027418137,0.0,0.0,0.009510000236332417,0.004519999958574772,0.007840000092983246,0.008700000122189522,0.020239999517798424,0.0,0.0,0.0,0.017659999430179596,0.0,0.009639999829232693,0.010289999656379223,0.0,0.0,0.0,0.008270000107586384,0.0,0.0,0.0,0.0,0.0,0.0,0.0,0.0,0.00892999954521656,0.0,0.0,0.0,0.0,0.019770000129938126,0.0,0.0,0.0,0.0,0.0,0.0,0.0,0.0,0.0,0.04050999879837036,0.0],[0.0,0.0,0.0,0.0,0.00279999990016222,0.0,0.0,0.004100000020116568,0.0,0.006490000057965517,0.0057299998588860035,0.0,0.0,0.010040000081062317,0.0,0.011719999834895134,0.0,0.0,0.0,0.0,0.010420000180602074,0.02515999972820282,0.017559999600052834,0.03508999943733215,0.01039000041782856,0.0,0.029999999329447746,0.01075000036507845,0.0,0.020349999889731407,0.0,0.010200000368058681,0.0047599999234080315,0.0,0.0,0.0014299999456852674,0.02019999921321869,0.019300000742077827,0.0,0.0,0.009429999627172947,0.0,0.026729999110102654,0.0,0.010099999606609344,0.0,0.00824000034481287,0.006049999967217445,0.0,0.009800000116229057],[0.03189999982714653,0.0,0.006750000175088644,0.010370000265538692,0.0,0.0,0.0,0.011490000411868095,0.011180000379681587,0.053849998861551285,0.010099999606609344,0.03392999991774559,0.02531999908387661,0.015259999781847,0.0,0.0,0.0,0.028790000826120377,0.025439999997615814,0.0257399994879961,0.0,0.0,0.0,0.0,0.01850000023841858,0.0,0.0,0.010200000368058681,0.0,0.0,0.004279999993741512,0.009800000116229057,0.0,0.009619999676942825,0.0,0.008200000040233135,0.0,0.009619999676942825,0.003269999986514449,0.05000000074505806,0.0,0.01785999909043312,0.0,0.01425000000745058,0.0,0.007160000037401915,0.0,0.005059999879449606,0.0,0.0],[0.0,0.0028299998957663774,0.01030999980866909,0.07236000150442123,0.0,0.0,0.0,0.0,0.008349999785423279,0.00431999983265996,0.020409999415278435,0.0,0.0,0.0,0.0,0.0,0.0,0.018470000475645065,0.001979999942705035,0.0081599997356534,0.0,0.021770000457763672,0.0,0.0,0.00019999999494757503,0.006459999829530716,0.0,0.0,0.0,0.0,0.0,0.00989999994635582,0.0,0.0,0.0,0.0,0.021080000326037407,0.02127999998629093,0.0,0.0,0.0,0.0,0.0,0.0193099994212389,0.023019999265670776,0.008070000447332859,0.0,0.0,0.0,0.0],[0.009709999896585941,0.00039999998989515007,0.00930000003427267,0.0,0.0,0.008779999800026417,0.001069999998435378,0.01030999980866909,0.010110000148415565,0.0,0.0,0.0030799999367445707,0.0,0.0,0.0,0.0,0.008030000142753124,0.009220000356435776,0.0,0.0,0.0,0.0,0.0,0.004279999993741512,0.007910000160336494,0.002300000051036477,0.010119999758899212,0.0,0.02969999983906746,0.0,0.0,0.01030999980866909,0.0,0.0,0.0,0.0,0.0,0.0,0.009800000116229057,0.0,0.00901000015437603,0.0,0.0667399987578392,0.0,0.0,0.0,0.009060000069439411,0.01030999980866909,0.029999999329447746,0.0],[0.0031799999997019768,0.0,0.00989999994635582,0.0,0.028710000216960907,0.0,0.0,0.0,0.0024399999529123306,0.00622999994084239,0.04791000112891197,0.0,0.02019999921321869,0.007160000037401915,0.07496999949216843,0.0,0.03796999901533127,0.012839999981224537,0.0,0.0020200000144541264,0.0,0.0,0.007499999832361937,0.011490000411868095,0.0,0.0,0.0,0.0,0.004290000069886446,0.04329000040888786,0.0,0.0,0.0,0.017319999635219574,0.0,0.0,0.043480001389980316,0.0,0.0,0.0,0.02019999921321869,0.01030999980866909,0.004540000110864639,0.0631600022315979,0.019050000235438347,0.00877000018954277,0.0,0.0,0.0,0.0291300006210804],[0.008410000242292881,0.0012600000482052565,0.0019099999917671084,0.059140000492334366,0.0,0.03172999992966652,0.021849999204277992,0.020640000700950623,0.0,0.025849999859929085,0.05575999990105629,0.012790000066161156,0.0,0.04108000174164772,0.019209999591112137,0.008200000040233135,0.0,0.0,0.00139999995008111,0.0,0.0,0.01600000075995922,0.0,0.0,0.0,0.01145000010728836,0.009170000441372395,0.01769999973475933,0.0,0.0,0.00989999994635582,0.007329999934881926,0.04123999923467636,0.0,0.0,0.008980000391602516,0.0,0.0,0.010200000368058681,0.045049998909235,0.0,0.0,0.005350000225007534,0.0,0.0,0.0,0.010200000368058681,0.00839999970048666,0.0,0.0],[0.0,0.010990000329911709,0.0,0.0,0.009209999814629555,0.01090999972075224,0.0,0.04069000110030174,0.0,0.00913000013679266,0.014539999887347221,0.00394000019878149,0.0,0.0,0.0787699967622757,0.025949999690055847,0.0,0.0,0.0,0.018869999796152115,0.019999999552965164,0.030959999188780785,0.042169999331235886,0.0,0.0,0.009720000438392162,0.009709999896585941,0.0,0.011739999987185001,0.0,0.0,0.015990000218153,0.009429999627172947,0.0,0.0,0.0,0.022110000252723694,0.0,0.0,0.0,0.0,0.0,0.0,0.0,0.017000000923871994,0.0,0.007849999703466892,0.0,0.0,0.0],[0.02758999913930893,0.002940000034868717,0.01915000006556511,0.0,0.013880000449717045,0.05550000071525574,0.0006799999973736703,0.0,0.03771999850869179,0.0,0.0,0.024150000885128975,0.0,0.0,0.003920000046491623,0.0,0.020409999415278435,0.019869999960064888,0.0,0.020589999854564667,0.00901000015437603,0.0,0.0,0.0,0.0684100016951561,0.0,0.0,0.0,0.0,0.003370000049471855,0.0,0.009259999729692936,0.0,0.0,0.0,0.01075000036507845,0.01205000001937151,0.035760000348091125,0.03125,0.009089999832212925,0.022619999945163727,0.008259999565780163,0.0,0.0012799999676644802,0.009180000051856041,0.0,0.046069998294115067,0.010099999606609344,0.022690000012516975,0.0]],