{"objective":6302.52490234375,"runtime":1.0,"usage_matrix":[[0.0,0.0042500002309679985,0.0029899999499320984,0.0,0.0,0.009259999729692936,0.0,0.0,0.003109999932348728,0.0,0.0,0.0,0.009449999779462814,0.0,0.006130000110715628,0.0024500000290572643,0.0,0.0044200001284480095,0.0,0.009429999627172947,0.0031300000846385956,0.0,0.016659999266266823,0.0,0.0,0.009429999627172947,0.0,0.02937999926507473,0.0,0.009519999846816063,0.01576000079512596,0.0,0.0,0.0,0.0,0.0,0.0013299999991431832,0.011490000411868095,0.0,0.03836999833583832,0.0,0.0,0.0,0.010870000347495079,0.0,0.0,0.0,0.009999999776482582,0.03959999978542328,0.016680000349879265],[0.0,0.0012499999720603228,0.007849999703466892,0.0,0.0,0.0,0.0,0.0,0.03200000151991844,0.0,0.0,0.02751999907195568,0.0,0.0,0.001290000043809414,0.0,0.0,0.0,0.05688000097870827,0.02816000021994114,0.009700000286102295,0.0,0.0,0.010420000180602074,0.0,0.012659999541938305,0.0154600003734231,0.0,0.0,0.030300000682473183,0.00965999998152256,0.004579999949783087,0.009429999627172947,0.01680999994277954,0.013000000268220901,0.018120000138878822,0.044920001178979874,0.0,0.0,0.0,0.007319999858736992,0.0,0.011989999562501907,0.0,0.0,0.0,0.02061999961733818,0.0,0.0,0.00761000020429492],[0.05039000138640404,0.0,0.01978999935090542,0.008620000444352627,0.0,0.010499999858438969,0.009619999676942825,0.002469999948516488,0.0010600000387057662,0.0,0.02565000019967556,0.0002699999895412475,0.03206000104546547,0.007360000163316727,0.0,0.022530000656843185,0.0,0.021980000659823418,0.0,0.0,0.0052200001664459705,0.0,0.010110000148415565,0.0,0.0,0.0,0.01834999956190586,0.0,0.0,0.034779999405145645,0.0,0.003650000086054206,0.0,0.0,0.0,0.009429999627172947,0.007499999832361937,0.018869999796152115,0.0,0.0,0.0,0.0,0.0,0.0,0.0,0.0,0.009429999627172947,0.0,0.0,0.0],[0.023840000852942467,0.0,0.0,0.0,0.05573999881744385,0.00026000000070780516,0.01834999956190586,0.015420000068843365,0.0007399999885819852,0.0,0.0,0.008469999767839909,0.023180000483989716,0.0,0.005739999935030937,0.0,0.0,0.0,0.0034099998883903027,0.0,0.025030000135302544,0.0,0.0,0.010099999606609344,0.0,0.0,0.00989999994635582,0.04242999851703644,0.0,0.01030999980866909,0.0,0.0,0.009619999676942825,0.03488000109791756,0.03959999978542328,0.0004299999854993075,0.00887999963015318,0.017090000212192535,0.0,0.002959999954327941,0.0,0.0,0.013419999741017818,0.0,0.000859999970998615,0.0,0.0,0.019419999793171883,0.0,0.00901000015437603],[0.004470000043511391,0.0,0.0,0.0,0.0,0.007379999849945307,0.0,0.0041600000113248825,0.002300000051036477,0.0,0.0,0.00009999999747378752,0.0,0.0,0.03466000035405159,0.0,0.0,0.0,0.0173799991607666,0.0,0.014340000227093697,0.0,0.0,0.0,0.0,0.009410000406205654,0.011110000312328339,0.0,0.017389999702572823,0.0,0.0,0.0,0.0,0.0,0.03815999999642372,0.0,0.059059999883174896,0.00901000015437603,0.0,0.020829999819397926,0.0,0.0,0.0,0.0,0.0,0.010200000368058681,0.00989999994635582,0.009429999627172947,0.009349999949336052,0.0],[0.0,0.006670000031590462,0.0,0.0,0.0,0.0,0.0,0.010040000081062317,0.021050000563263893,0.007660000119358301,0.0,0.019710000604391098,0.02311999909579754,0.0294599998742342,0.0,0.0,0.0,0.0,0.0,0.0,0.002319999970495701,0.0,0.0,0.0,0.02751999907195568,0.04041999951004982,0.0,0.03505999967455864,0.0,0.0,0.0,0.009630000218749046,0.0,0.0,0.0,0.022220000624656677,0.0,0.0,0.0,0.016909999772906303,0.0061599998734891415,0.0,0.019370000809431076,0.01817999966442585,0.007280000019818544,0.0,0.00989999994635582,0.0,0.0,0.0],[0.0,0.0,0.0,0.0,0.0,0.030379999428987503,0.0,0.0,0.02474999986588955,0.023329999297857285,0.0,0.0,0.0,0.0,0.0,0.0,0.07495000213384628,0.0,0.0,0.011730000376701355,0.011300000362098217,0.009619999676942825,0.02240999974310398,0.011239999905228615,0.00800000037997961,0.0,0.0,0.0,0.0,0.0,0.0,0.0,0.0,0.0,0.0,0.006120000034570694,0.0,0.009349999949336052,0.024310000240802765,0.0,0.019419999793171883,0.07015000283718109,0.00041000000783242285,0.0,0.010200000368058681,0.0,0.0,0.0,0.0,0.009189999662339687],[0.0,0.031380001455545425,0.032099999487400055,0.02019999921321869,0.0,0.0,0.008349999785423279,0.017400000244379044,0.0,0.0,0.0,0.0,0.025140000507235527,0.0,0.0,0.011509999632835388,0.0,0.0,0.004459999967366457,0.0,0.005969999823719263,0.0,0.0049600000493228436,0.0,0.0,0.007249999791383743,0.020829999819397926,0.0,0.0,0.0,0.0,0.013919999822974205,0.0,0.0,0.009999999776482582,0.0,0.026159999892115593,0.0,0.0025599999353289604,0.0,0.002199999988079071,0.0,0.0,0.0,0.0008699999889358878,0.0,0.023970000445842743,0.009619999676942825,0.008849999867379665,0.0],[0.01614999957382679,0.023490000516176224,0.0,0.0,0.0,0.0,0.04544999822974205,0.007840000092983246,0.009259999729692936,0.0193099994212389,0.0,0.018570000305771828,0.030009999871253967,0.0,0.007540000136941671,0.013980000279843807,0.0,0.0,0.0,0.010639999993145466,0.011359999887645245,0.0,0.0008399999933317304,0.009349999949336052,0.020409999415278435,0.0,0.0,0.0,0.0,0.0,0.03200000151991844,0.02379000000655651,0.0,0.0,0.0,0.0005600000149570405,0.0077599999494850636,0.0,0.0,0.019819999113678932,0.03231000155210495,0.0,0.0,0.0,0.008200000040233135,0.0,0.019050000235438347,0.02751999907195568,0.0,0.023809999227523804],[0.007410000078380108,0.0,0.005609999876469374,0.023809999227523804,0.0,0.0,0.0,0.008050000295042992,0.010529999621212482,0.022859999909996986,0.00863999966531992,0.011289999820291996,0.0,0.024289999157190323,0.037769999355077744,0.0,0.0,0.022989999502897263,0.040869999676942825,0.0,0.01754000037908554,0.0,0.013910000212490559,0.0,0.00949000008404255,0.0,0.0,0.0,0.0,0.0,0.011490000411868095,0.013740000315010548,0.0,0.0,0.0,0.010639999993145466,0.007550000213086605,0.0,0.0,0.0,0.007120000198483467,0.0,0.005499999970197678,0.0,0.00989999994635582,0.0,0.020829999819397926,0.0,0.0,0.0]],