{"objective":6852.3408203125,"runtime":1.0,"usage_matrix":[[0.01322999969124794,0.006260000169277191,0.011629999615252018,0.010169999673962593,0.0,0.019780000671744347,0.02655000053346157,0.0,0.0,0.0,0.0,0.01092000026255846,0.0,0.0,0.0006300000241026282,0.03593999892473221,0.02101000025868416,0.0,0.0,0.0,0.001019999966956675,0.05062999948859215,0.00848000030964613,0.0017300000181421638,0.008829999715089798,0.033399999141693115,0.028300000354647636,0.0,0.0,0.0,0.05689999833703041,0.009639999829232693,0.0,0.0,0.0,0.003370000049471855,0.009979999624192715,0.0007699999841861427,0.012140000239014626,0.006940000224858522,0.0,0.01688000001013279,0.0,0.016930000856518745,0.0,0.0,0.0,0.010200000368058681,0.0,0.00892999954521656],[0.0,0.009030000306665897,0.0,0.0,0.0,0.0,0.010200000368058681,0.0,0.0,0.0,0.0,0.01785999909043312,0.0,0.0,0.03223000094294548,0.0010300000431016088,0.033629998564720154,0.05999999865889549,0.0037400000728666782,0.0,0.009290000423789024,0.02246999926865101,0.0,0.011640000157058239,0.0,0.04301000013947487,0.0,0.0,0.0,0.0,0.011549999937415123,0.0,0.009229999966919422,0.008170000277459621,0.0,0.0,0.019419999793171883,0.009109999984502792,0.00892999954521656,0.0,0.019509999081492424,0.0,0.0,0.010529999621212482,0.018050000071525574,0.0,0.00989999994635582,0.0,0.006909999996423721,0.004279999993741512],[0.0,0.0,0.0,0.00013000000035390258,0.031139999628067017,0.011900000274181366,0.021059999242424965,0.028300000354647636,0.027370000258088112,0.06151000037789345,0.019419999793171883,0.0,0.001509999972768128,0.0,0.0,0.0,0.0,0.0,0.012880000285804272,0.0,0.0,0.0,0.0,0.01331000030040741,0.0,0.0,0.011239999905228615,0.0,0.0,0.0200399998575449,0.0,0.0,0.0,0.0,0.009999999776482582,0.009429999627172947,0.0,0.01817999966442585,0.0,0.0,0.0,0.01348000019788742,0.006539999973028898,0.004579999949783087,0.0,0.01638999953866005,0.0,0.0,0.0,0.0],[0.0,0.0,0.04761999845504761,0.0014799999771639705,0.046890001744031906,0.014829999767243862,0.0,0.0,0.0,0.0,0.0,0.0,0.0,0.02979999966919422,0.0,0.01971999928355217,0.08693999797105789,0.0,0.0,0.027969999238848686,0.0,0.0,0.0014600000577047467,0.0,0.010420000180602074,0.007410000078380108,0.009259999729692936,0.010529999621212482,0.026359999552369118,0.0,0.02881000004708767,0.0,0.008849999867379665,0.0058200000785291195,0.0,0.006639999803155661,0.0,0.036979999393224716,0.021740000694990158,0.0,0.01030999980866909,0.0,0.0,0.0,0.0,0.008940000087022781,0.037379998713731766,0.0,0.0,0.0],[0.02590000070631504,0.05407999828457832,0.0,0.0,0.03646000102162361,0.010420000180602074,0.027780000120401382,0.03440999984741211,0.0,0.009879999794065952,0.0,0.0094200000166893,0.0,0.0,0.015560000203549862,0.004509999882429838,0.01039000041782856,0.0,0.004149999935179949,0.0,0.0,0.0038999998942017555,0.0,0.031129999086260796,0.0,0.010579999536275864,0.0,0.0037700000684708357,0.0,0.024460000917315483,0.0,0.012659999541938305,0.0,0.0,0.0,0.0,0.0,0.0021299999207258224,0.0,0.0,0.014399999752640724,0.05082999914884567,0.0,0.0026400000788271427,0.0,0.005619999952614307,0.0,0.0076299998909235,0.0,0.008980000391602516],[0.01370999962091446,0.010529999621212482,0.0,0.0007200000109151006,0.0,0.0,0.0,0.0,0.0,0.0,0.009340000338852406,0.0,0.001230000052601099,0.00215000007301569,0.0,0.0,0.009619999676942825,0.0,0.0,0.029109999537467957,0.0,0.016690000891685486,0.0,0.0,0.0,0.005520000122487545,0.0,0.010479999706149101,0.015320000238716602,0.019999999552965164,0.0,0.028960000723600388,0.0,0.0,0.0,0.02410000003874302,0.0,0.011359999887645245,0.0,0.0,0.0,0.007939999923110008,0.026489999145269394,0.04761999845504761,0.012299999594688416,0.0,0.0,0.0,0.00774999987334013,0.0],[0.0,0.0,0.0,0.006029999814927578,0.0485600009560585,0.01075000036507845,0.0,0.0,0.0,0.02070000022649765,0.0,0.0,0.0,0.0,0.0034000000450760126,0.02273000031709671,0.023259999230504036,0.003590000094845891,0.0,0.012659999541938305,0.0,0.0,0.010700000450015068,0.00343000004068017,0.0,0.03508999943733215,0.0,0.019349999725818634,0.0,0.026680000126361847,0.025830000638961792,0.0,0.0,0.0,0.009879999794065952,0.016359999775886536,0.028300000354647636,0.0,0.010099999606609344,0.009709999896585941,0.0,0.0,0.0037299999967217445,0.0,0.0,0.0,0.0,0.0,0.0,0.0],[0.0,0.013700000010430813,0.0,0.0,0.0,0.0,0.0,0.023469999432563782,0.0,0.05000000074505806,0.009709999896585941,0.0,0.0,0.0,0.0,0.0,0.0,0.0017800000496208668,0.0,0.0050200000405311584,0.0,0.0,0.0,0.0,0.0,0.0,0.0,0.013419999741017818,0.019929999485611916,0.02142000012099743,0.0,0.0,0.007459999993443489,0.0049600000493228436,0.0,0.007600000128149986,0.018869999796152115,0.0,0.010099999606609344,0.026979999616742134,0.002319999970495701,0.0,0.0,0.0,0.011490000411868095,0.0,0.004879999905824661,0.0,0.0,0.01923000067472458],[0.06293000280857086,0.011549999937415123,0.0,0.0,0.011739999987185001,0.009519999846816063,0.00901000015437603,0.0,0.0,0.00675999978557229,0.0,0.015060000121593475,0.034290000796318054,0.02181999944150448,0.00203999993391335,0.000699999975040555,0.0,0.016529999673366547,0.0,0.0,0.008290000259876251,0.011900000274181366,0.008729999884963036,0.02597000077366829,0.0,0.0,0.0,0.06797000020742416,0.006279999855905771,0.00786999985575676,0.0,0.0,0.03570999950170517,0.0,0.01923000067472458,0.0,0.0,0.009800000116229057,0.0,0.0,0.0,0.0,0.046709999442100525,0.0,0.0,0.03376999869942665,0.0,0.0,0.0,0.0],[0.07208000123500824,0.0,0.0,0.0019399999873712659,0.011490000411868095,0.009349999949336052,0.00989999994635582,0.05689999833703041,0.0,0.0,0.0,0.0077599999494850636,0.0,0.030419999733567238,0.00698000006377697,0.007009999826550484,0.0,0.0,0.001230000052601099,0.0,0.0,0.0016199999954551458,0.0,0.0,0.0,0.007089999970048666,0.0,0.006500000134110451,0.028389999642968178,0.0033100000582635403,0.0,0.009619999676942825,0.0,0.0,0.0,0.0,0.0,0.007819999940693378,0.010209999978542328,0.0,0.016750000417232513,0.023669999092817307,0.02012000046670437,0.0005699999746866524,0.0,0.0,0.0,0.0,0.03279000148177147,0.005969999823719263]],