{"objective":8692.037109375,"runtime":2.0,"usage_matrix":[[0.0,0.0,0.04323999956250191,0.009820000268518925,0.0,0.03061000071465969,0.0,0.009429999627172947,0.011959999799728394,0.046799998730421066,0.0,0.009109999984502792,0.00007000000186963007,0.0,0.0,0.018689999356865883,0.0,0.0,0.008980000391602516,0.0,0.0,0.0,0.05553000047802925,0.0,0.0,0.02937999926507473,0.0,0.0,0.0,0.0,0.0,0.0,0.0,0.0,0.0,0.0,0.0,0.0,0.010529999621212482,0.0,0.010990000329911709,0.0,0.004550000187009573,0.004029999952763319,0.0,0.03037000074982643,0.02297000028192997,0.0,0.0,0.01030999980866909],[0.09030000120401382,0.0,0.001500000013038516,0.009089999832212925,0.0,0.0,0.044280000030994415,0.0023900000378489494,0.0,0.0,0.0,0.0,0.009340000338852406,0.0,0.0049600000493228436,0.022220000624656677,0.015780000016093254,0.028300000354647636,0.0,0.0,0.0,0.0,0.018810000270605087,0.0,0.00989999994635582,0.0,0.010099999606609344,0.0,0.0,0.0,0.03855999931693077,0.0,0.0,0.006779999937862158,0.0,0.03130999952554703,0.009800000116229057,0.004370000213384628,0.009619999676942825,0.0,0.02061999961733818,0.0,0.0,0.0,0.0,0.0,0.00925000011920929,0.0,0.0,0.008369999937713146],[0.05251000076532364,0.021929999813437462,0.0,0.0,0.0,0.022379999980330467,0.0,0.0,0.03061000071465969,0.007770000025629997,0.08028999716043472,0.0,0.005239999853074551,0.0,0.0,0.04131999984383583,0.0,0.0,0.0,0.00901000015437603,0.0,0.0,0.009150000289082527,0.024529999122023582,0.006730000022798777,0.0008099999977275729,0.009519999846816063,0.02386000007390976,0.01875999942421913,0.000699999975040555,0.0,0.01030999980866909,0.007430000230669975,0.0,0.0,0.0,0.0,0.0,0.0,0.0,0.0,0.0,0.020409999415278435,0.010200000368058681,0.0,0.0,0.03141000121831894,0.0,0.012240000069141388,0.0],[0.0053400001488626,0.0,0.00853000022470951,0.0,0.05992000177502632,0.00803999975323677,0.0,0.009709999896585941,0.0,0.010420000180602074,0.0,0.004819999914616346,0.022530000656843185,0.007209999952465296,0.011110000312328339,0.0,0.0,0.006409999914467335,0.015799999237060547,0.0,0.0,0.0,0.0,0.011359999887645245,0.008170000277459621,0.0,0.0,0.0,0.0,0.0,0.0,0.0,0.0,0.0,0.0,0.0,0.0,0.005210000090301037,0.0,0.0,0.0,0.009429999627172947,0.0,0.011110000312328339,0.026009999215602875,0.0040699997916817665,0.008179999887943268,0.0,0.0,0.010990000329911709],[0.0,0.009060000069439411,0.009429999627172947,0.01809000037610531,0.0,0.011230000294744968,0.005319999996572733,0.0,0.0,0.007499999832361937,0.0,0.0,0.0,0.0,0.009429999627172947,0.01769999973475933,0.0,0.0,0.02184000052511692,0.009119999594986439,0.0,0.0,0.05011000111699104,0.0,0.0,0.0,0.0,0.014209999702870846,0.0,0.0,0.009999999776482582,0.0,0.0,0.022549999877810478,0.03116999939084053,0.0,0.011359999887645245,0.0,0.0,0.0,0.032499998807907104,0.0,0.0,0.0,0.00046999999904073775,0.011029999703168869,0.011979999952018261,0.011490000411868095,0.00892999954521656,0.008270000107586384],[0.0,0.011490000411868095,0.0,0.0,0.00267999991774559,0.0,0.0,0.0,0.0035699999425560236,0.06521999835968018,0.0,0.010329999960958958,0.0,0.014999999664723873,0.00839999970048666,0.017389999702572823,0.013240000233054161,0.037039998918771744,0.0,0.0,0.05355999991297722,0.0,0.0,0.0,0.0,0.0,0.0,0.0,0.02150999940931797,0.0,0.006380000151693821,0.0,0.0,0.0,0.006169999949634075,0.0,0.0,0.0,0.004629999864846468,0.02718999981880188,0.0,0.015420000068843365,0.054110001772642136,0.0,0.0022299999836832285,0.0,0.01964999921619892,0.0,0.011760000139474869,0.0],[0.0,0.0,0.041850000619888306,0.003470000112429261,0.0,0.03528999909758568,0.0,0.0,0.0,0.0,0.007000000216066837,0.0,0.0,0.0,0.0,0.0,0.0,0.03125999867916107,0.003229999914765358,0.0,0.0,0.022110000252723694,0.0,0.0,0.0,0.06370999664068222,0.0,0.006130000110715628,0.0,0.0,0.0,0.0,0.0,0.0,0.0,0.0,0.0,0.0,0.009170000441372395,0.01979999989271164,0.054099999368190765,0.0,0.0,0.009200000204145908,0.011020000092685223,0.009449999779462814,0.0,0.0,0.0,0.0],[0.0,0.0,0.0,0.0,0.0,0.0,0.0,0.0,0.010200000368058681,0.0,0.0,0.00610999995842576,0.0,0.019670000299811363,0.0,0.005229999776929617,0.06451000273227692,0.0,0.0,0.019419999793171883,0.03654000163078308,0.0,0.0,0.0,0.0061900001019239426,0.0,0.0,0.0,0.010420000180602074,0.005900000222027302,0.0,0.023600000888109207,0.0,0.06780999898910522,0.0,0.05525000020861626,0.0,0.008790000341832638,0.007379999849945307,0.0,0.0,0.0,0.0,0.0,0.0,0.0,0.0,0.006020000204443932,0.0,0.0],[0.0,0.0,0.0,0.03209000080823898,0.02711999975144863,0.0,0.0,0.04123999923467636,0.0,0.0,0.0,0.026340000331401825,0.0,0.0,0.0,0.0,0.00559999980032444,0.010870000347495079,0.0,0.010529999621212482,0.0,0.011239999905228615,0.0,0.010300000198185444,0.0,0.021859999746084213,0.011839999817311764,0.0,0.0,0.0064199999906122684,0.02222999930381775,0.01923000067472458,0.00646999990567565,0.0,0.00004999999873689376,0.0,0.03897999972105026,0.010479999706149101,0.0042500002309679985,0.0,0.020579999312758446,0.004279999993741512,0.010200000368058681,0.0033599999733269215,0.0,0.0,0.001500000013038516,0.0,0.0,0.0],[0.0,0.010850000195205212,0.0,0.0,0.0,0.0,0.005770000163465738,0.0,0.0,0.006779999937862158,0.026019999757409096,0.0,0.011490000411868095,0.0,0.0,0.0,0.0,0.011239999905228615,0.0009299999801442027,0.003010000102221966,0.0,0.0,0.004920000210404396,0.0,0.0,0.019670000299811363,0.0,0.0,0.0,0.0,0.0,0.0,0.07049000263214111,0.0,0.0,0.009209999814629555,0.0215000007301569,0.0,0.01621999964118004,0.0,0.0,0.01882999949157238,0.011359999887645245,0.009610000066459179,0.0,0.01582000032067299,0.0,0.011239999905228615,0.006610000040382147,0.0]],