{"objective":7654.96240234375,"runtime":1.0,"usage_matrix":[[0.0,0.0005099999834783375,0.0,0.0,0.0,0.0006799999973736703,0.0,0.0,0.01720000058412552,0.0,0.017069999128580093,0.0059899999760091305,0.0,0.0,0.0,0.0,0.010820000432431698,0.0,0.0406000018119812,0.0,0.0,0.0,0.0,0.01030999980866909,0.0,0.039319999516010284,0.03409000113606453,0.0,0.0,0.0,0.0,0.03325999900698662,0.0,0.0,0.027529999613761902,0.039420001208782196,0.015080000273883343,0.0,0.0,0.0,0.02621999941766262,0.0,0.0,0.0,0.0013800000306218863,0.0,0.0009200000204145908,0.005009999964386225,0.010200000368058681,0.013980000279843807],[0.004120000172406435,0.02864000014960766,0.02215000055730343,0.0,0.0177800003439188,0.0,0.0,0.032099999487400055,0.0001900000061141327,0.01075000036507845,0.009089999832212925,0.011629999615252018,0.0,0.0,0.0,0.0,0.019260000437498093,0.000590000010561198,0.036990001797676086,0.01006999984383583,0.0,0.0,0.008620000444352627,0.03336000069975853,0.0291300006210804,0.009440000168979168,0.0,0.0,0.07434000074863434,0.0001900000061141327,0.00901000015437603,0.0,0.0020200000144541264,0.01802000030875206,0.0,0.0,0.0,0.014879999682307243,0.009999999776482582,0.0,0.0,0.010300000198185444,0.03999999910593033,0.0,0.00215000007301569,0.0,0.0,0.00989999994635582,0.0,0.000019999999494757503],[0.0,0.022989999502897263,0.0,0.030300000682473183,0.026089999824762344,0.0,0.0,0.013159999623894691,0.0,0.0,0.009610000066459179,0.0,0.004240000154823065,0.07847999781370163,0.04377000033855438,0.0,0.0,0.015530000440776348,0.014840000309050083,0.0,0.0291300006210804,0.0,0.0,0.0,0.0,0.012199999764561653,0.0,0.0,0.0,0.009089999832212925,0.033440001308918,0.0,0.0033199999015778303,0.0,0.011660000309348106,0.0,0.01363999955356121,0.02355000004172325,0.02111000008881092,0.022709999233484268,0.0,0.0,0.016860000789165497,0.0,0.0,0.009809999726712704,0.0,0.0,0.0,0.0],[0.0,0.012109999544918537,0.0,0.0,0.03280999884009361,0.0,0.0,0.021980000659823418,0.0,0.010409999638795853,0.0,0.010200000368058681,0.014189999550580978,0.0063299997709691525,0.007009999826550484,0.0,0.0,0.0013000000035390258,0.05660000070929527,0.018400000408291817,0.0,0.023399999365210533,0.0,0.00394000019878149,0.0,0.0,0.010870000347495079,0.0,0.011640000157058239,0.0,0.026170000433921814,0.006819999776780605,0.036990001797676086,0.0,0.019050000235438347,0.022949999198317528,0.011830000206828117,0.0,0.0,0.0,0.0,0.013559999875724316,0.0,0.010870000347495079,0.0,0.0,0.003710000077262521,0.0,0.0,0.0],[0.002850000048056245,0.0010100000072270632,0.0,0.0,0.0,0.0,0.010529999621212482,0.010350000113248825,0.004519999958574772,0.0,0.009089999832212925,0.0,0.010099999606609344,0.010099999606609344,0.024739999324083328,0.013369999825954437,0.06218000128865242,0.0,0.018400000408291817,0.019050000235438347,0.011760000139474869,0.0,0.02246999926865101,0.004120000172406435,0.0,0.008059999905526638,0.0073899999260902405,0.026920000091195107,0.03748999908566475,0.0,0.0,0.0,0.010479999706149101,0.0,0.0062500000931322575,0.0,0.0,0.0,0.0,0.0,0.0236200001090765,0.003719999920576811,0.0,0.0,0.0,0.0,0.0,0.0,0.0,0.010350000113248825],[0.013079999946057796,0.008469999767839909,0.009709999896585941,0.015699999406933784,0.0038900000508874655,0.0,0.0,0.02019999921321869,0.0,0.00203000009059906,0.009709999896585941,0.017389999702572823,0.0,0.0,0.0,0.0006000000284984708,0.011189999990165234,0.021570000797510147,0.0,0.0,0.0,0.0,0.0,0.0,0.0291300006210804,0.03158000111579895,0.0,0.005710000172257423,0.0,0.0,0.0,0.0,0.01133000012487173,0.06061000004410744,0.03604000061750412,0.0013800000306218863,0.0,0.0,0.0,0.02157999947667122,0.007350000087171793,0.020069999620318413,0.01075000036507845,0.0,0.0,0.0,0.0,0.00989999994635582,0.0,0.0],[0.0,0.0018500000005587935,0.0,0.009600000455975533,0.025040000677108765,0.009340000338852406,0.0,0.0,0.0062699997797608376,0.0,0.0002500000118743628,0.0,0.0,0.007040000054985285,0.0,0.0,0.00431999983265996,0.0239499993622303,0.04526999965310097,0.0,0.0,0.0,0.0,0.0,0.008100000210106373,0.0,0.0,0.01730000041425228,0.00749000022187829,0.0,0.0,0.005419999826699495,0.0,0.006060000043362379,0.009170000441372395,0.0,0.0,0.01484999991953373,0.0,0.0,0.0,0.008349999785423279,0.0,0.009800000116229057,0.0,0.0,0.017260000109672546,0.02246999926865101,0.00901000015437603,0.009429999627172947],[0.0,0.023029999807476997,0.0,0.0,0.013209999538958073,0.015809999778866768,0.0,0.006920000072568655,0.0,0.02809000015258789,0.0,0.02127999998629093,0.0,0.041280001401901245,0.0019199999514967203,0.024779999628663063,0.0,0.0,0.0,0.009170000441372395,0.0,0.0,0.0,0.0,0.010610000230371952,0.016009999439120293,0.018039999529719353,0.0,0.0,0.0,0.054349999874830246,0.0,0.01448999997228384,0.0,0.0,0.029249999672174454,0.04326000064611435,0.0,0.0,0.0,0.0,0.0,0.013079999946057796,0.008700000122189522,0.0017000000225380063,0.0,0.004290000069886446,0.04975999891757965,0.029270000755786896,0.008030000142753124],[0.0,0.0008800000068731606,0.006670000031590462,0.0,0.0,0.01583999954164028,0.009820000268518925,0.0,0.0,0.0,0.00892999954521656,0.0,0.0,0.0,0.0,0.0,0.02741999924182892,0.0,0.016950000077486038,0.005859999917447567,0.0,0.0,0.009259999729692936,0.0,0.0,0.0,0.0,0.0,0.0005200000014156103,0.0,0.0,0.0,0.019349999725818634,0.0,0.0,0.005669999867677689,0.007619999814778566,0.03519999980926514,0.0,0.0,0.0,0.0034199999645352364,0.0,0.0,0.0,0.010200000368058681,0.045419998466968536,0.019050000235438347,0.0,0.020829999819397926],[0.0,0.0,0.0,0.008190000429749489,0.0,0.005450000055134296,0.037379998713731766,0.006709999870508909,0.00610999995842576,0.02459000051021576,0.02143000066280365,0.0,0.01923000067472458,0.0,0.0,0.0,0.0,0.0,0.009030000306665897,0.0,0.0,0.0,0.0,0.03092999942600727,0.009680000133812428,0.0,0.020059999078512192,0.006659999955445528,0.0,0.000750000006519258,0.0,0.0,0.008329999633133411,0.0,0.0,0.0,0.0,0.0,0.0,0.0,0.0,0.02101000025868416,0.0,0.010950000025331974,0.011119999922811985,0.010420000180602074,0.0,0.0,0.01923000067472458,0.0]],