{"objective":7195.71533203125,"runtime":1.0,"usage_matrix":[[0.0,0.006120000034570694,0.0,0.0,0.0,0.0007999999797903001,0.0,0.0,0.0,0.010639999993145466,0.023639999330043793,0.0195700004696846,0.020419999957084656,0.0,0.0,0.025140000507235527,0.0,0.02410000003874302,0.017090000212192535,0.0,0.005410000216215849,0.00279999990016222,0.0,0.0,0.0,0.0,0.0019499999471008778,0.034779999405145645,0.011760000139474869,0.0,0.0,0.027340000495314598,0.0,0.07141999900341034,0.019419999793171883,0.0,0.021050000563263893,0.0,0.0,0.04253999888896942,0.0,0.00839999970048666,0.0014799999771639705,0.0,0.00007000000186963007,0.0,0.024790000170469284,0.011110000312328339,0.009119999594986439,0.0],[0.0,0.0,0.0,0.008349999785423279,0.002219999907538295,0.012120000086724758,0.0,0.0,0.02418000064790249,0.0,0.00824000034481287,0.012480000033974648,0.0,0.0,0.0,0.0,0.02758999913930893,0.01513999979943037,0.0,0.012350000441074371,0.0,0.024170000106096268,0.0,0.0,0.0340999998152256,0.0,0.0005099999834783375,0.009259999729692936,0.019999999552965164,0.0,0.0,0.02653999999165535,0.010639999993145466,0.0,0.0,0.0,0.0,0.0,0.0033100000582635403,0.0,0.034299999475479126,0.0,0.01730000041425228,0.002460000105202198,0.0013500000350177288,0.0,0.0,0.0,0.0,0.0],[0.0,0.0,0.0,0.03967000171542168,0.0,0.0,0.026909999549388885,0.010639999993145466,0.027219999581575394,0.0,0.0,0.0,0.014560000039637089,0.0,0.0,0.0,0.006120000034570694,0.0,0.0,0.03409000113606453,0.0,0.0142000000923872,0.0,0.009089999832212925,0.03290000185370445,0.0,0.0,0.004490000195801258,0.0,0.0,0.0,0.0,0.0,0.012799999676644802,0.0,0.0,0.021050000563263893,0.0,0.0,0.05000999942421913,0.059209998697042465,0.02703000046312809,0.0,0.0,0.0,0.037620000541210175,0.018479999154806137,0.0,0.0,0.0],[0.0,0.0,0.05542000010609627,0.005779999773949385,0.0,0.0,0.0,0.007309999782592058,0.000590000010561198,0.0,0.0,0.01906999945640564,0.0,0.0,0.014650000259280205,0.0,0.0,0.0,0.0,0.0,0.0,0.0,0.052629999816417694,0.00989999994635582,0.03706999868154526,0.010660000145435333,0.0,0.0,0.0,0.0,0.022989999502897263,0.0,0.0,0.0,0.0,0.0,0.0,0.0,0.03170999884605408,0.0,0.04851999878883362,0.0,0.0,0.003229999914765358,0.006380000151693821,0.004800000227987766,0.016920000314712524,0.0,0.0,0.0],[0.004209999926388264,0.0,0.007689999882131815,0.0,0.0,0.0,0.019050000235438347,0.0,0.029980000108480453,0.01868000067770481,0.013629999943077564,0.0,0.00892999954521656,0.0,0.0,0.0,0.0,0.0,0.0,0.0,0.007960000075399876,0.0,0.010099999606609344,0.0076299998909235,0.0,0.0,0.0,0.0,0.0,0.0,0.0,0.0,0.0,0.0016299999551847577,0.0,0.0,0.0,0.0,0.018850000575184822,0.0,0.01083999965339899,0.016090000048279762,0.004459999967366457,0.009800000116229057,0.0,0.029179999604821205,0.03125,0.009800000116229057,0.01979999989271164,0.0],[0.0,0.0,0.020190000534057617,0.0,0.018330000340938568,0.0494999997317791,0.010700000450015068,0.014440000057220459,0.016009999439120293,0.020020000636577606,0.00892999954521656,0.013779999688267708,0.006380000151693821,0.0,0.010639999993145466,0.0,0.05722000077366829,0.029519999399781227,0.014399999752640724,0.019999999552965164,0.0,0.0,0.0,0.005280000157654285,0.0,0.04081999883055687,0.0,0.0,0.0029899999499320984,0.0,0.0,0.0,0.02127999998629093,0.0,0.0,0.007790000177919865,0.0,0.0,0.0,0.0,0.0,0.0,0.0,0.0,0.0,0.0,0.0,0.0,0.0066200001165270805,0.0],[0.0,0.009259999729692936,0.014419999904930592,0.0,0.0,0.0,0.006990000139921904,0.017559999600052834,0.035610001534223557,0.0,0.0,0.014779999852180481,0.02744000032544136,0.0,0.0,0.0,0.012489999644458294,0.0,0.0,0.00877000018954277,0.05355999991297722,0.0,0.0,0.0,0.0,0.0,0.0,0.027780000120401382,0.0,0.0,0.0,0.012629999779164791,0.0,0.0,0.0,0.007590000052005053,0.0,0.010870000347495079,0.0,0.0,0.0,0.0,0.0035600000992417336,0.011350000277161598,0.0,0.024390000849962234,0.02824999950826168,0.0,0.006519999820739031,0.0],[0.02450999990105629,0.0,0.01551000028848648,0.0,0.0,0.0,0.0,0.0,0.0,0.0,0.0,0.0,0.0,0.009259999729692936,0.0,0.0,0.0,0.0081599997356534,0.018629999831318855,0.0,0.0,0.0,0.0,0.0,0.0,0.010990000329911709,0.0,0.0,0.022220000624656677,0.0,0.016519999131560326,0.0,0.0044200001284480095,0.040869999676942825,0.025510000064969063,0.00877000018954277,0.0,0.00750999990850687,0.005009999964386225,0.0,0.0,0.0,0.0,0.0,0.0043299999088048935,0.0,0.0,0.0,0.0003699999942909926,0.009279999881982803],[0.0,0.00892999954521656,0.0037899999879300594,0.0,0.012729999609291553,0.0,0.0,0.0,0.012249999679625034,0.0,0.0,0.0,0.0,0.06421999633312225,0.011110000312328339,0.016130000352859497,0.08656000345945358,0.0,0.017240000888705254,0.018519999459385872,0.012199999764561653,0.038830000907182693,0.007720000110566616,0.0,0.0,0.018360000103712082,0.01566999964416027,0.0,0.0,0.00877000018954277,0.0044200001284480095,0.0,0.0,0.0356299988925457,0.0,0.003949999809265137,0.01817999966442585,0.0,0.0024500000290572643,0.0086899995803833,0.0,0.01205000001937151,0.0,0.020479999482631683,0.0,0.022989999502897263,0.0,0.0,0.0,0.0],[0.00750999990850687,0.0,0.025299999862909317,0.034779999405145645,0.0,0.0,0.0,0.0,0.0,0.0,0.0,0.0,0.019009999930858612,0.0,0.009259999729692936,0.0,0.0,0.0,0.006709999870508909,0.0,0.0261400006711483,0.007840000092983246,0.0291300006210804,0.0,0.031039999797940254,0.0,0.002950000111013651,0.0,0.0,0.0,0.0,0.0,0.0,0.0,0.0014600000577047467,0.0010499999625608325,0.0,0.003449999960139394,0.0,0.0,0.03514999896287918,0.021239999681711197,0.0011899999808520079,0.0,0.009170000441372395,0.007840000092983246,0.0,0.0,0.020829999819397926,0.0]],