{"objective":9594.5302734375,"runtime":2.0,"usage_matrix":[[0.0,0.0,0.0,0.02019999921321869,0.0,0.0,0.016419999301433563,0.0,0.0,0.0,0.0,0.0,0.03539999946951866,0.00786999985575676,0.026249999180436134,0.0,0.0,0.019940000027418137,0.0,0.0,0.0,0.046539999544620514,0.021449999883770943,0.018519999459385872,0.010110000148415565,0.0,0.0,0.0,0.0,0.009519999846816063,0.0,0.0,0.00839999970048666,0.010940000414848328,0.0,0.018689999356865883,0.0,0.0846799984574318,0.008709999732673168,0.011239999905228615,0.0,0.0,0.0,0.010639999993145466,0.0,0.0,0.044179998338222504,0.009170000441372395,0.0,0.0],[0.06560999900102615,0.004610000178217888,0.0,0.0,0.018780000507831573,0.006120000034570694,0.0,0.0,0.0,0.00901000015437603,0.0,0.02369000017642975,0.010420000180602074,0.008489999920129776,0.01583999954164028,0.0,0.0,0.0,0.0,0.0,0.010099999606609344,0.0,0.0,0.010639999993145466,0.0,0.0,0.010850000195205212,0.00009999999747378752,0.06426999717950821,0.0,0.008729999884963036,0.0,0.0,0.0026700000744313,0.00953999999910593,0.008820000104606152,0.0,0.0,0.0,0.019610000774264336,0.015159999951720238,0.0,0.0,0.0,0.0,0.10096000134944916,0.0,0.009709999896585941,0.0,0.0],[0.04185999929904938,0.0,0.0008399999933317304,0.043480001389980316,0.0019000000320374966,0.002520000096410513,0.005369999911636114,0.0009399999980814755,0.001449999981559813,0.0,0.0,0.001970000099390745,0.0,0.01769999973475933,0.0,0.0,0.00547999981790781,0.0,0.0,0.0,0.0,0.02848000079393387,0.006339999847114086,0.0,0.0,0.0,0.008329999633133411,0.0,0.0,0.009259999729692936,0.01075000036507845,0.00394000019878149,0.009879999794065952,0.0,0.0,0.037039998918771744,0.0,0.04481000080704689,0.0,0.011909999884665012,0.03141000121831894,0.0,0.02531999908387661,0.0,0.0006500000017695129,0.0,0.01768999919295311,0.0,0.009709999896585941,0.0],[0.0,0.0026100000832229853,0.026690000668168068,0.0,0.0,0.0,0.0,0.0016799999866634607,0.01947000063955784,0.0,0.0,0.0,0.0,0.0,0.02507999911904335,0.0,0.0,0.0,0.0,0.05124000087380409,0.007189999800175428,0.0,0.0,0.009519999846816063,0.0,0.04438000172376633,0.0,0.0,0.0,0.008849999867379665,0.0,0.010520000010728836,0.0,0.019610000774264336,0.01075000036507845,0.0,0.0,0.0,0.00803999975323677,0.0,0.0,0.007739999797195196,0.007660000119358301,0.07402999699115753,0.0,0.01924999989569187,0.02127999998629093,0.0,0.0,0.00848000030964613],[0.014310000464320183,0.0,0.0,0.0,0.0,0.0,0.0007200000109151006,0.0,0.02070000022649765,0.0,0.0,0.0,0.0,0.0,0.0,0.0,0.0,0.0,0.009800000116229057,0.0,0.0,0.0,0.0,0.018139999359846115,0.008589999750256538,0.0,0.039500001817941666,0.02425999939441681,0.0,0.0,0.0,0.02727000042796135,0.025669999420642853,0.01979999989271164,0.0,0.0,0.0,0.005760000087320805,0.0,0.0,0.03446999937295914,0.0,0.0006099999882280827,0.02979999966919422,0.005119999870657921,0.0,0.0,0.0,0.04879999905824661,0.0],[0.0,0.0,0.0,0.0,0.0,0.0551300011575222,0.0,0.0,0.0106800002977252,0.0038300000596791506,0.0,0.0,0.0,0.008100000210106373,0.0,0.0,0.0,0.01075000036507845,0.0,0.04188999906182289,0.03158000111579895,0.0,0.0,0.01843000017106533,0.0,0.0,0.030750000849366188,0.0020200000144541264,0.0,0.0,0.0,0.024329999461770058,0.0,0.0,0.0,0.030300000682473183,0.0,0.009630000218749046,0.022220000624656677,0.00887999963015318,0.07601000368595123,0.03158000111579895,0.0,0.0,0.0,0.0,0.05051000043749809,0.019999999552965164,0.0,0.0],[0.0,0.0,0.0002099999983329326,0.016340000554919243,0.034219998866319656,0.0,0.0,0.003100000089034438,0.0,0.00901000015437603,0.0,0.0,0.0,0.0,0.0,0.0,0.013269999995827675,0.0,0.008150000125169754,0.0,0.01679999940097332,0.0,0.025609999895095825,0.0,0.0,0.0,0.0,0.0,0.054249998182058334,0.008259999565780163,0.009999999776482582,0.0,0.0,0.011900000274181366,0.016209999099373817,0.0,0.0,0.014310000464320183,0.0,0.0,0.0,0.0,0.0,0.0,0.0,0.0,0.0,0.010209999978542328,0.005710000172257423,0.0],[0.0,0.0,0.0,0.0,0.0020600000862032175,0.0,0.007689999882131815,0.0,0.00786999985575676,0.01834999956190586,0.0,0.0,0.009619999676942825,0.053380001336336136,0.0,0.01075000036507845,0.0537399984896183,0.0,0.0319099985063076,0.0,0.01979999989271164,0.0,0.019279999658465385,0.0,0.0,0.01358999963849783,0.0,0.00571999978274107,0.0,0.0,0.0,0.03912999853491783,0.010470000095665455,0.0003800000122282654,0.0028099999763071537,0.02563999965786934,0.021980000659823418,0.016189999878406525,0.0,0.006339999847114086,0.0,0.008849999867379665,0.014390000142157078,0.0,0.004139999859035015,0.0,0.0,0.0,0.017750000581145287,0.0],[0.10875000059604645,0.0060800001956522465,0.0,0.0,0.011920000426471233,0.04537000134587288,0.0,0.011230000294744968,0.0,0.010099999606609344,0.0,0.018540000542998314,0.009770000353455544,0.0,0.0,0.010979999788105488,0.0,0.0,0.0,0.04357000067830086,0.015860000625252724,0.0022799998987466097,0.0,0.0,0.0,0.022120000794529915,0.004650000017136335,0.025800000876188278,0.0,0.0,0.011640000157058239,0.0,0.022220000624656677,0.0,0.0,0.0,0.0,0.0,0.002099999925121665,0.0,0.03195999935269356,0.0,0.0007600000244565308,0.0,0.005789999850094318,0.0,0.020829999819397926,0.015790000557899475,0.0,0.018519999459385872],[0.0,0.0,0.06605000048875809,0.01056000031530857,0.010950000025331974,0.004650000017136335,0.0,0.0,0.0,0.016450000926852226,0.08586999773979187,0.025550000369548798,0.0,0.002099999925121665,0.01384000014513731,0.046390000730752945,0.059289999306201935,0.010099999606609344,0.0,0.0,0.0,0.0,0.0,0.0,0.01769999973475933,0.0,0.004579999949783087,0.0061900001019239426,0.0,0.0,0.0,0.06435000151395798,0.0,0.0,0.0,0.0,0.0,0.0,0.0,0.008620000444352627,0.0,0.0,0.011769999749958515,0.021449999883770943,0.00892999954521656,0.0,0.015309999696910381,0.0,0.009089999832212925,0.0]],