{"objective":7562.99462890625,"runtime":1.0,"usage_matrix":[[0.020959999412298203,0.00877000018954277,0.010420000180602074,0.08327999711036682,0.010769999586045742,0.0,0.01648000068962574,0.0,0.0,0.06863000243902206,0.0,0.000859999970998615,0.0,0.0,0.0,0.0023900000378489494,0.0,0.0,0.013260000385344028,0.0,0.0,0.0,0.0,0.017909999936819077,0.007360000163316727,0.03147999942302704,0.009800000116229057,0.008449999615550041,0.0,0.0,0.00901000015437603,0.011939999647438526,0.018239999189972878,0.0393499992787838,0.0,0.0,0.0,0.008700000122189522,0.0,0.0,0.0,0.0,0.0,0.010169999673962593,0.01432000007480383,0.0,0.0,0.03613999858498573,0.012500000186264515,0.020490000024437904],[0.0,0.01817999966442585,0.01051000040024519,0.0,0.0356299988925457,0.0022899999748915434,0.0,0.0,0.0,0.0,0.009340000338852406,0.007280000019818544,0.008700000122189522,0.0,0.0,0.0,0.0,0.0,0.0,0.011289999820291996,0.007930000312626362,0.0,0.0,0.0,0.0,0.03903000056743622,0.0,0.0,0.02742999978363514,0.0,0.0,0.0,0.0,0.004149999935179949,0.0,0.0,0.0,0.0,0.02150999940931797,0.0,0.0,0.0,0.0,0.0,0.0,0.0,0.0,0.0,0.03853999823331833,0.0],[0.0,0.0,0.009800000116229057,0.0,0.0,0.0,0.0,0.0,0.0007200000109151006,0.017240000888705254,0.014410000294446945,0.0,0.0,0.0,0.0,0.011490000411868095,0.0,0.0,0.0,0.0,0.010420000180602074,0.0,0.08038999885320663,0.03370000049471855,0.005289999768137932,0.003659999929368496,0.017400000244379044,0.011739999987185001,0.0,0.014569999650120735,0.0,0.0,0.009619999676942825,0.0,0.020400000736117363,0.00827999971807003,0.0016899999463930726,0.018939999863505363,0.0,0.0,0.009429999627172947,0.0,0.0,0.0,0.010099999606609344,0.0,0.0,0.0035000001080334187,0.0,0.009800000116229057],[0.04489000141620636,0.0,0.016950000077486038,0.006260000169277191,0.0,0.0,0.009039999917149544,0.004170000087469816,0.006690000183880329,0.0,0.007519999984651804,0.02741999924182892,0.02531999908387661,0.04874999821186066,0.0,0.0,0.0,0.0,0.03355000168085098,0.020250000059604645,0.0,0.0,0.0,0.0,0.011350000277161598,0.0,0.0,0.010200000368058681,0.04791000112891197,0.0,0.009999999776482582,0.005840000230818987,0.0,0.007910000160336494,0.0,0.0,0.0,0.009619999676942825,0.0064500002190470695,0.05000000074505806,0.0,0.01785999909043312,0.0,0.0,0.0,0.010099999606609344,0.008899999782443047,0.010990000329911709,0.0,0.0],[0.0,0.009429999627172947,0.009680000133812428,0.06426999717950821,0.0,0.0,0.0,0.0,0.03116999939084053,0.001230000052601099,0.008019999600946903,0.0,0.0,0.021649999544024467,0.0,0.0,0.0,0.008849999867379665,0.0,0.009610000066459179,0.0,0.0,0.011110000312328339,0.0,0.0,0.028629999607801437,0.0,0.0,0.019610000774264336,0.0,0.0,0.004530000034719706,0.0,0.0,0.0,0.0,0.0,0.019689999520778656,0.0,0.0,0.0,0.0,0.0,0.0,0.019910000264644623,0.00848000030964613,0.0,0.0,0.0,0.0],[0.0,0.0049600000493228436,0.012350000441074371,0.0,0.0,0.009180000051856041,0.0,0.0060800001956522465,0.013050000183284283,0.0,0.0,0.0,0.0,0.0,0.0,0.0008399999933317304,0.005489999894052744,0.016330000013113022,0.0,0.0,0.0,0.04639999940991402,0.0,0.009259999729692936,0.008709999732673168,0.0,0.0076299998909235,0.0,0.020989999175071716,0.0,0.0,0.0,0.0,0.0,0.0,0.0,0.0,0.0,0.009800000116229057,0.0,0.005140000022947788,0.0,0.05823000147938728,0.0,0.0,0.0,0.00418000016361475,0.009390000253915787,0.022280000150203705,0.0],[0.013489999808371067,0.0,0.004530000034719706,0.0,0.02298000082373619,0.0018500000005587935,0.0,0.0,0.028179999440908432,0.0,0.05939999967813492,0.021530000492930412,0.01761999912559986,0.0,0.04148999974131584,0.0,0.03796999901533127,0.0,0.0,0.0,0.0,0.0061599998734891415,0.025599999353289604,0.011490000411868095,0.0,0.0,0.0,0.0,0.016610000282526016,0.023089999333024025,0.0,0.0,0.0,0.020829999819397926,0.0,0.007470000069588423,0.02442999929189682,0.0055599999614059925,0.0,0.0,0.02019999921321869,0.01030999980866909,0.007600000128149986,0.04335999861359596,0.019050000235438347,0.00877000018954277,0.006500000134110451,0.0,0.0,0.029999999329447746],[0.014940000139176846,0.011490000411868095,0.011090000160038471,0.059140000492334366,0.002139999996870756,0.0,0.02597999945282936,0.022590000182390213,0.0,0.04544999822974205,0.012659999541938305,0.004389999900013208,0.0,0.04842999950051308,0.0,0.008200000040233135,0.0,0.01575000025331974,0.0,0.0,0.0,0.0,0.0,0.0,0.0,0.0752200037240982,0.009170000441372395,0.01769999973475933,0.0,0.0,0.00989999994635582,0.00007999999797903001,0.04123999923467636,0.0,0.003329999977722764,0.00901000015437603,0.0,0.0,0.0026700000744313,0.045049998909235,0.0,0.0,0.006169999949634075,0.0,0.0,0.0,0.0,0.00839999970048666,0.0,0.0],[0.0,0.008390000090003014,0.0,0.0,0.000590000010561198,0.0,0.0,0.040539998561143875,0.0,0.0,0.01744999922811985,0.000539999979082495,0.0,0.005659999791532755,0.04058999940752983,0.02621999941766262,0.0,0.018069999292492867,0.0,0.018869999796152115,0.019999999552965164,0.06370999664068222,0.057750001549720764,0.0,0.020409999415278435,0.0,0.009709999896585941,0.0,0.0170499999076128,0.0,0.0,0.00989999994635582,0.009429999627172947,0.0,0.0,0.0,0.004860000219196081,0.0,0.0,0.0,0.0,0.0,0.0,0.0,0.017240000888705254,0.0,0.010320000350475311,0.0,0.0,0.0],[0.009039999917149544,0.03418999910354614,0.01923000067472458,0.0,0.018230000510811806,0.07814999669790268,0.0076500000432133675,0.0,0.0,0.011610000394284725,0.0,0.040449999272823334,0.0,0.0,0.0,0.0,0.020409999415278435,0.0,0.0,0.02889999933540821,0.00901000015437603,0.0,0.0,0.0,0.05313999950885773,0.012900000438094139,0.0,0.0,0.0007399999885819852,0.002570000011473894,0.0,0.009259999729692936,0.0,0.0,0.015080000273883343,0.01075000036507845,0.004679999779909849,0.03407999873161316,0.03125,0.009089999832212925,0.028850000351667404,0.008259999565780163,0.005289999768137932,0.0028099999763071537,0.010420000180602074,0.0,0.0,0.010099999606609344,0.029410000890493393,0.0]],