{"objective":8757.3779296875,"runtime":2.0,"usage_matrix":[[0.0,0.0,0.00009999999747378752,0.0,0.0,0.01979999989271164,0.0,0.0,0.0,0.0,0.0,0.03254999965429306,0.006659999955445528,0.03633999824523926,0.010200000368058681,0.0,0.03511999920010567,0.009200000204145908,0.04236000031232834,0.0,0.0,0.0,0.009680000133812428,0.0,0.0,0.0,0.030619999393820763,0.0013099999632686377,0.01923000067472458,0.0,0.0,0.0,0.01257999986410141,0.0,0.0,0.0,0.0,0.0,0.0,0.0,0.02127999998629093,0.01827000081539154,0.0038499999791383743,0.0,0.0,0.018689999356865883,0.0,0.009709999896585941,0.0,0.0],[0.017980000004172325,0.008919999934732914,0.00839999970048666,0.0,0.010420000180602074,0.0,0.0,0.0,0.013100000098347664,0.0,0.0,0.0,0.0,0.040070001035928726,0.02071000076830387,0.004650000017136335,0.0015899999998509884,0.0,0.0,0.01501999981701374,0.0,0.008620000444352627,0.028370000422000885,0.02857000008225441,0.018869999796152115,0.0,0.0,0.0,0.00989999994635582,0.003980000037699938,0.0,0.00880999956279993,0.00851999968290329,0.0,0.0,0.07879000157117844,0.0,0.0,0.0,0.0413299985229969,0.021560000255703926,0.0005200000014156103,0.0,0.0013099999632686377,0.0,0.0,0.0,0.0,0.0,0.0],[0.0,0.0,0.0,0.0,0.0,0.008700000122189522,0.0,0.02783999964594841,0.0,0.018689999356865883,0.0,0.0,0.001129999989643693,0.04523000121116638,0.0,0.017470000311732292,0.0003100000030826777,0.011119999922811985,0.0,0.0,0.021740000694990158,0.04746999964118004,0.0,0.0,0.010420000180602074,0.0,0.0,0.00007999999797903001,0.0,0.03061000071465969,0.07999999821186066,0.0,0.034380000084638596,0.01979999989271164,0.0,0.032600000500679016,0.0,0.001339999958872795,0.014440000057220459,0.0,0.019419999793171883,0.010639999993145466,0.0,0.0,0.00803999975323677,0.010420000180602074,0.0034099998883903027,0.0,0.0,0.0],[0.0,0.02655000053346157,0.008729999884963036,0.0,0.00418000016361475,0.0,0.0,0.01816999912261963,0.0067900000140070915,0.0,0.0,0.0,0.0,0.0,0.0,0.0,0.0,0.0,0.0,0.005270000081509352,0.007230000104755163,0.0,0.0,0.0,0.0,0.0,0.01375999953597784,0.0,0.01979999989271164,0.0,0.0,0.0,0.0,0.0,0.08620999753475189,0.0,0.0,0.0,0.0,0.0,0.0016700000269338489,0.009180000051856041,0.0,0.0,0.0,0.01607000082731247,0.0,0.0,0.007249999791383743,0.010049999691545963],[0.0,0.0,0.0,0.0,0.0,0.010990000329911709,0.01891000010073185,0.010540000163018703,0.0,0.0,0.0024900001008063555,0.0,0.01686999946832657,0.013989999890327454,0.0,0.004189999774098396,0.041120000183582306,0.025989999994635582,0.0,0.01078999973833561,0.0,0.0,0.028300000354647636,0.0,0.0,0.0,0.0,0.0,0.0,0.0,0.02841999940574169,0.00901000015437603,0.01561999972909689,0.002570000011473894,0.05153999850153923,0.0,0.014720000326633453,0.0,0.0,0.0,0.0,0.03539999946951866,0.01817999966442585,0.0,0.02572000026702881,0.0,0.0,0.0,0.0,0.027780000120401382],[0.0,0.0,0.0,0.04292000085115433,0.0,0.0,0.08121000230312347,0.06005999818444252,0.0,0.0,0.0,0.0,0.0,0.0,0.0,0.003160000080242753,0.0,0.0044200001284480095,0.00443999981507659,0.0,0.020829999819397926,0.008510000072419643,0.003860000055283308,0.0,0.006000000052154064,0.0,0.0,0.0,0.026830000802874565,0.0,0.018689999356865883,0.0,0.0,0.00930000003427267,0.0,0.0,0.01075000036507845,0.009909999556839466,0.03308999910950661,0.02435999922454357,0.0,0.0,0.03092999942600727,0.024560000747442245,0.008840000256896019,0.009909999556839466,0.014279999770224094,0.018799999728798866,0.0,0.030339999124407768],[0.0,0.0,0.030540000647306442,0.031449999660253525,0.009259999729692936,0.0,0.0,0.0221599992364645,0.0011399999493733048,0.0005099999834783375,0.0,0.07631000131368637,0.02985999919474125,0.0,0.0,0.01140000019222498,0.0,0.0,0.0,0.008329999633133411,0.029999999329447746,0.00203000009059906,0.0012499999720603228,0.021740000694990158,0.0,0.0,0.0,0.0,0.00535999983549118,0.009619999676942825,0.008910000324249268,0.012719999998807907,0.0,0.0157299991697073,0.0,0.0,0.0,0.0,0.0,0.0,0.02232999913394451,0.0,0.00901000015437603,0.0,0.0,0.0,0.0010100000072270632,0.009709999896585941,0.001610000035725534,0.028440000489354134],[0.0,0.010950000025331974,0.0,0.032919999212026596,0.020409999415278435,0.01817999966442585,0.0,0.004410000052303076,0.01027000043541193,0.0,0.0,0.0,0.008740000426769257,0.030990000814199448,0.025469999760389328,0.0,0.000859999970998615,0.005779999773949385,0.021209999918937683,0.011830000206828117,0.0,0.0,0.0010999999940395355,0.0,0.0,0.0,0.0,0.0,0.010990000329911709,0.009349999949336052,0.002259999979287386,0.007369999773800373,0.0,0.0,0.0,0.0,0.018370000645518303,0.0,0.0,0.0,0.0,0.030470000579953194,0.019169999286532402,0.0,0.0,0.0,0.0,0.0,0.04741999879479408,0.0],[0.010089999996125698,0.0,0.0006699999794363976,0.0,0.0,0.0,0.02329999953508377,0.0,0.0,0.01802000030875206,0.02831999957561493,0.0,0.0,0.002950000111013651,0.030649999156594276,0.0,0.014519999735057354,0.0,0.0,0.010080000385642052,0.009569999761879444,0.0,0.0,0.0,0.011629999615252018,0.0,0.0,0.0,0.007809999864548445,0.0,0.025219999253749847,0.019050000235438347,0.02394000068306923,0.020560000091791153,0.012500000186264515,0.06949999928474426,0.03125,0.002400000113993883,0.0,0.0,0.009700000286102295,0.0034199999645352364,0.0,0.0,0.058329999446868896,0.0,0.026580000296235085,0.011239999905228615,0.0,0.04081999883055687],[0.0,0.01979999989271164,0.0,0.039319999516010284,0.01971999928355217,0.0,0.0047900001518428326,0.0,0.008550000376999378,0.028850000351667404,0.01051000040024519,0.0,0.022460000589489937,0.0,0.018689999356865883,0.0215000007301569,0.011359999887645245,0.0,0.0,0.00019999999494757503,0.004749999847263098,0.02914999984204769,0.0,0.0,0.0,0.03531999886035919,0.001979999942705035,0.0012799999676644802,0.0,0.010870000347495079,0.0,0.0,0.010329999960958958,0.009709999896585941,0.0,0.0,0.019999999552965164,0.044199999421834946,0.0064500002190470695,0.0291300006210804,0.009320000186562538,0.02563999965786934,0.0,0.0012499999720603228,0.00875999964773655,0.0,0.011660000309348106,0.0,0.0,0.0]],