{"objective":9173.38671875,"runtime":2.0,"usage_matrix":[[0.07167000323534012,0.0,0.002749999985098839,0.0,0.022989999502897263,0.0,0.0,0.029750000685453415,0.004310000222176313,0.010769999586045742,0.0,0.0,0.01834999956190586,0.015790000557899475,0.024380000308156013,0.0,0.0,0.0071299998089671135,0.0,0.009170000441372395,0.0,0.0,0.002400000113993883,0.0,0.006479999981820583,0.03167000040411949,0.0,0.02127999998629093,0.0,0.008310000412166119,0.03874000161886215,0.008550000376999378,0.0,0.0,0.01979999989271164,0.0,0.0,0.0,0.0,0.0,0.02457999996840954,0.03297000005841255,0.0,0.03407000005245209,0.00571999978274107,0.021980000659823418,0.0,0.010259999893605709,0.0,0.0],[0.0,0.0,0.0,0.006779999937862158,0.009170000441372395,0.0,0.0,0.0,0.009999999776482582,0.019419999793171883,0.02201000042259693,0.02151999995112419,0.0,0.02563999965786934,0.0,0.0,0.0,0.0,0.07619000226259232,0.0004799999878741801,0.0,0.059209998697042465,0.0,0.00989999994635582,0.005319999996572733,0.0,0.0,0.0,0.0,0.0,0.0,0.0,0.0016299999551847577,0.06468000262975693,0.0,0.0,0.0,0.0218299999833107,0.0,0.019419999793171883,0.014159999787807465,0.04515000060200691,0.007319999858736992,0.0,0.0006300000241026282,0.0,0.02761000022292137,0.0,0.009429999627172947,0.037379998713731766],[0.0,0.0,0.007799999788403511,0.0,0.009619999676942825,0.0,0.005630000028759241,0.0006500000017695129,0.0012499999720603228,0.0,0.0,0.0,0.0,0.0,0.023269999772310257,0.03317999839782715,0.0,0.0,0.007379999849945307,0.021980000659823418,0.00015999999595806003,0.009220000356435776,0.03156000003218651,0.0,0.0,0.0,0.0,0.0,0.0,0.0291300006210804,0.0,0.0,0.0,0.0,0.020640000700950623,0.011900000274181366,0.009259999729692936,0.019899999722838402,0.0,0.0,0.026159999892115593,0.0,0.00892999954521656,0.0,0.0,0.0,0.0017900000093504786,0.011239999905228615,0.0,0.0],[0.0,0.01486000046133995,0.0,0.02727000042796135,0.00774999987334013,0.0,0.0,0.008820000104606152,0.0,0.0,0.004350000061094761,0.0,0.017179999500513077,0.0,0.04746999964118004,0.0,0.0,0.0,0.007149999961256981,0.0,0.0,0.04083999991416931,0.0,0.0,0.0,0.0,0.01075000036507845,0.0,0.0,0.0,0.0,0.0,0.0,0.0,0.0,0.0,0.0,0.0,0.021980000659823418,0.0,0.01906999945640564,0.007699999958276749,0.0,0.005289999768137932,0.0,0.0,0.016759999096393585,0.009800000116229057,0.017839999869465828,0.0],[0.05942999944090843,0.0,0.0,0.0,0.0,0.02029000036418438,0.0,0.0,0.017319999635219574,0.010420000180602074,0.0,0.046509999781847,0.0,0.0,0.0,0.0,0.0,0.038040000945329666,0.028710000216960907,0.02637000009417534,0.0,0.0,0.0,0.0,0.0,0.0,0.027160000056028366,0.0,0.002520000096410513,0.0,0.04470999911427498,0.0,0.016750000417232513,0.0,0.0,0.0,0.0,0.04478999972343445,0.01802000030875206,0.009999999776482582,0.0,0.009569999761879444,0.01281999982893467,0.03838999941945076,0.019050000235438347,0.0,0.0,0.00913000013679266,0.0,0.029410000890493393],[0.13401000201702118,0.0,0.004559999797493219,0.0,0.01923000067472458,0.0028099999763071537,0.018869999796152115,0.0,0.0,0.0,0.00267999991774559,0.0,0.0,0.0442500002682209,0.0,0.0,0.0,0.0,0.0,0.017100000753998756,0.0,0.0,0.0,0.010420000180602074,0.011189999990165234,0.0,0.0,0.0,0.09837999939918518,0.00559999980032444,0.0,0.0,0.013199999928474426,0.008550000376999378,0.009929999709129333,0.0,0.0066999997943639755,0.0,0.01181000005453825,0.0,0.02266000024974346,0.0,0.0,0.0,0.005330000072717667,0.0,0.0,0.010169999673962593,0.0,0.0],[0.0,0.0,0.0,0.020509999245405197,0.004889999981969595,0.0,0.0,0.005400000140070915,0.011620000004768372,0.009089999832212925,0.0,0.018869999796152115,0.0,0.0,0.0,0.0017300000181421638,0.0,0.015549999661743641,0.0,0.0,0.0,0.00634999992325902,0.0,0.0,0.0,0.01075000036507845,0.02937999926507473,0.0,0.006020000204443932,0.0,0.0,0.0,0.0017800000496208668,0.040130000561475754,0.0,0.0,0.0,0.0,0.01607999950647354,0.0,0.0,0.0,0.0,0.0,0.0,0.0,0.0,0.0,0.037039998918771744,0.0],[0.0,0.0,0.055399999022483826,0.007110000122338533,0.0,0.05406999960541725,0.009510000236332417,0.0,0.0,0.00989999994635582,0.0,0.0,0.008620000444352627,0.0,0.0,0.001979999942705035,0.030160000547766685,0.02613000012934208,0.0,0.0,0.014619999565184116,0.0,0.009150000289082527,0.0,0.0,0.009429999627172947,0.0,0.022220000624656677,0.0,0.021980000659823418,0.0,0.0,0.03311000019311905,0.01759999990463257,0.0,0.010420000180602074,0.0,0.0,0.03460000082850456,0.024390000849962234,0.0,0.0,0.00031999999191612005,0.004339999984949827,0.0011500000255182385,0.009510000236332417,0.016790000721812248,0.0,0.02061999961733818,0.01310999970883131],[0.11432000249624252,0.0,0.031619999557733536,0.0,0.0,0.0,0.0,0.0,0.011620000004768372,0.0,0.00419999985024333,0.0029299999587237835,0.0,0.008670000359416008,0.0,0.0,0.02353000082075596,0.0,0.0,0.0,0.0,0.0,0.0,0.0,0.020160000771284103,0.0,0.0,0.0,0.023970000445842743,0.010420000180602074,0.023889999836683273,0.011110000312328339,0.0,0.0,0.009429999627172947,0.0,0.01907999999821186,0.023479999974370003,0.008829999715089798,0.0,0.0,0.0,0.0,0.0,0.0,0.009999999776482582,0.018780000507831573,0.0,0.018619999289512634,0.020419999957084656],[0.010499999858438969,0.0,0.0,0.0,0.0,0.00791999977082014,0.01075000036507845,0.005789999850094318,0.0,0.006599999964237213,0.016270000487565994,0.0,0.0,0.0,0.0,0.0,0.0,0.0018500000005587935,0.0,0.009270000271499157,0.0,0.023259999230504036,0.0,0.0,0.0,0.009929999709129333,0.03215000033378601,0.0,0.01006999984383583,0.009170000441372395,0.0,0.02655000053346157,0.0,0.0,0.017570000141859055,0.0,0.0,0.013159999623894691,0.012550000101327896,0.0,0.0,0.0,0.0,0.0,0.012769999913871288,0.0,0.03753000125288963,0.0,0.0,0.0]],