{"objective":10344.2666015625,"runtime":2.0,"usage_matrix":[[0.0,0.009519999846816063,0.024000000208616257,0.0,0.0014700000174343586,0.0,0.0,0.0,0.0,0.06668999791145325,0.0,0.004029999952763319,0.0,0.02150999940931797,0.0,0.0,0.0,0.0,0.0,0.0029100000392645597,0.004550000187009573,0.0,0.02833000011742115,0.012500000186264515,0.0,0.01080000028014183,0.0,0.0,0.0,0.011710000224411488,0.0142000000923872,0.03976999968290329,0.010029999539256096,0.0,0.011110000312328339,0.002570000011473894,0.0,0.015560000203549862,0.0,0.0,0.02246999926865101,0.020109999924898148,0.0,0.0,0.043880000710487366,0.0,0.0,0.022280000150203705,0.0,0.0],[0.0,0.0,0.004269999917596579,0.0,0.01281999982893467,0.0,0.009560000151395798,0.03612000122666359,0.0,0.0,0.009209999814629555,0.0,0.0,0.0,0.05448000133037567,0.003800000064074993,0.007029999978840351,0.0,0.0,0.010209999978542328,0.053380001336336136,0.009270000271499157,0.0,0.0,0.0,0.037039998918771744,0.0,0.01436999998986721,0.0,0.0031399999279528856,0.0,0.0,0.010200000368058681,0.0,0.027070000767707825,0.029829999431967735,0.0,0.0,0.0,0.016950000077486038,0.0,0.0,0.0,0.0,0.02857000008225441,0.0,0.025030000135302544,0.0,0.0,0.0],[0.0,0.0,0.0,0.0,0.007069999817758799,0.0,0.0,0.0,0.0,0.0,0.03840000182390213,0.0,0.0,0.0,0.045329999178647995,0.023150000721216202,0.0,0.0,0.0022700000554323196,0.028039999306201935,0.06593000143766403,0.008949999697506428,0.016450000926852226,0.0,0.0,0.0,0.0,0.002259999979287386,0.0,0.0,0.018939999863505363,0.0,0.009709999896585941,0.0,0.006430000066757202,0.0,0.05356999859213829,0.011060000397264957,0.0,0.0,0.019670000299811363,0.0,0.007540000136941671,0.0010300000431016088,0.0,0.05999999865889549,0.0007300000288523734,0.0,0.0,0.0],[0.0,0.0,0.0,0.0,0.00892999954521656,0.009800000116229057,0.0,0.01128000020980835,0.0,0.009410000406205654,0.0,0.0,0.0,0.004339999984949827,0.0,0.017470000311732292,0.01802000030875206,0.0019600000232458115,0.007540000136941671,0.0,0.034779999405145645,0.0,0.0422700010240078,0.0,0.0,0.006260000169277191,0.0,0.007040000054985285,0.013849999755620956,0.016499999910593033,0.009999999776482582,0.0101500004529953,0.00009999999747378752,0.009349999949336052,0.0048500001430511475,0.0,0.0,0.014120000414550304,0.0,0.0006399999838322401,0.0157299991697073,0.0,0.017400000244379044,0.00750999990850687,0.0,0.028459999710321426,0.0,0.0,0.009709999896585941,0.0],[0.0,0.02727000042796135,0.0,0.0,0.0066999997943639755,0.020829999819397926,0.007770000025629997,0.0,0.0,0.0,0.009270000271499157,0.0,0.0,0.0,0.0,0.019419999793171883,0.0,0.07249999791383743,0.0,0.0,0.00989999994635582,0.03829000145196915,0.0,0.0,0.0,0.01817999966442585,0.016979999840259552,0.06973999738693237,0.0,0.0,0.0,0.0026700000744313,0.0,0.01075000036507845,0.0,0.0,0.01834999956190586,0.01537999976426363,0.008870000019669533,0.0,0.0,0.0,0.031769998371601105,0.0,0.01030999980866909,0.0,0.0,0.0,0.0,0.00989999994635582],[0.0,0.0,0.0,0.0,0.008259999565780163,0.014689999632537365,0.009999999776482582,0.029200000688433647,0.00949000008404255,0.0,0.009999999776482582,0.033440001308918,0.0,0.006049999967217445,0.021640000864863396,0.006969999987632036,0.0,0.0,0.0363599993288517,0.0,0.002589999930933118,0.0,0.0,0.0,0.005750000011175871,0.0,0.012570000253617764,0.0,0.03280000016093254,0.01396000012755394,0.0,0.0,0.010420000180602074,0.0,0.043480001389980316,0.0,0.01030999980866909,0.0,0.0,0.0,0.0,0.0,0.0,0.0,0.0,0.0,0.027160000056028366,0.0,0.0,0.02563999965786934],[0.0,0.0,0.0,0.0,0.022220000624656677,0.017170000821352005,0.0,0.011130000464618206,0.021479999646544456,0.020230000838637352,0.011470000259578228,0.01063000038266182,0.021050000563263893,0.0,0.0,0.0,0.0,0.0,0.006300000008195639,0.011239999905228615,0.027790000662207603,0.0048699998296797276,0.0,0.0,0.0,0.0,0.0,0.0,0.0,0.013799999840557575,0.018869999796152115,0.004550000187009573,0.0,0.0,0.0,0.008700000122189522,0.0,0.095490001142025,0.0,0.0,0.0,0.0,0.0,0.0,0.0,0.010499999858438969,0.0,0.01565999910235405,0.0,0.0],[0.0,0.0,0.01030999980866909,0.0,0.010990000329911709,0.0,0.01979999989271164,0.020829999819397926,0.005030000116676092,0.022940000519156456,0.005489999894052744,0.009170000441372395,0.009429999627172947,0.0,0.006130000110715628,0.0011899999808520079,0.019610000774264336,0.002959999954327941,0.03409000113606453,0.0,0.009429999627172947,0.0,0.0,0.0,0.00877000018954277,0.0,0.0,0.0,0.017570000141859055,0.00011999999696854502,0.0,0.0,0.009800000116229057,0.010420000180602074,0.0,0.020309999585151672,0.0,0.0031999999191612005,0.028049999848008156,0.03508999943733215,0.0,0.14271000027656555,0.009800000116229057,0.0,0.008150000125169754,0.0081599997356534,0.0,0.0,0.0,0.0],[0.0,0.0,0.000029999999242136255,0.06105000153183937,0.02563999965786934,0.0,0.0,0.0,0.0,0.0,0.0,0.010420000180602074,0.0,0.0,0.008229999803006649,0.0,0.006810000166296959,0.010780000127851963,0.0018700000364333391,0.007939999923110008,0.0,0.0,0.00471000000834465,0.022989999502897263,0.0,0.004089999943971634,0.027780000120401382,0.0,0.05567999929189682,0.012450000271201134,0.0,0.0,0.03443999961018562,0.0,0.010420000180602074,0.018799999728798866,0.019999999552965164,0.0,0.0,0.0,0.0760900005698204,0.0018599999602884054,0.013389999978244305,0.0,0.004639999940991402,0.0,0.0005699999746866524,0.0,0.010529999621212482,0.018519999459385872],[0.0,0.0,0.0,0.0,0.009610000066459179,0.0386199988424778,0.010529999621212482,0.00877000018954277,0.0,0.0,0.0,0.0,0.0,0.005869999993592501,0.0,0.0,0.0,0.00026000000070780516,0.010730000212788582,0.009800000116229057,0.01923000067472458,0.0018899999558925629,0.015930000692605972,0.0,0.0,0.0,0.03077000007033348,0.0,0.0004799999878741801,0.0,0.0,0.0,0.0,0.0,0.0,0.018869999796152115,0.006579999811947346,0.0,0.0,0.0,0.0,0.0,0.0,0.050609998404979706,0.0,0.0,0.0,0.04016000032424927,0.0,0.02019999921321869]],