{"objective":6775.77001953125,"runtime":1.0,"usage_matrix":[[0.0,0.029890000820159912,0.011490000411868095,0.009800000116229057,0.10211999714374542,0.0,0.0,0.008469999767839909,0.009619999676942825,0.0,0.0,0.013249999843537807,0.00812000036239624,0.0,0.0,0.0,0.0,0.0,0.03061000071465969,0.030139999464154243,0.0,0.05962999910116196,0.0,0.008469999767839909,0.019999999552965164,0.0,0.0,0.0027000000700354576,0.007369999773800373,0.014340000227093697,0.00215000007301569,0.0,0.04095999896526337,0.005750000011175871,0.0,0.0,0.0,0.01075000036507845,0.0,0.004149999935179949,0.027710000053048134,0.0,0.0,0.0,0.021900000050663948,0.0,0.0,0.0,0.0,0.0],[0.012000000104308128,0.0,0.0,0.0,0.04343999922275543,0.00015999999595806003,0.0,0.0,0.07581000030040741,0.0,0.0,0.0,0.0,0.0,0.009519999846816063,0.0,0.00547999981790781,0.0,0.0,0.02142000012099743,0.0,0.016599999740719795,0.0,0.023840000852942467,0.0,0.00892999954521656,0.0,0.0,0.018699999898672104,0.0,0.0,0.0,0.0,0.0,0.010060000233352184,0.0,0.0,0.0,0.0,0.03214000165462494,0.0,0.008799999952316284,0.02019999921321869,0.008709999732673168,0.04994000121951103,0.009349999949336052,0.0005600000149570405,0.021719999611377716,0.010359999723732471,0.0],[0.0,0.0,0.00953999999910593,0.0,0.025110000744462013,0.0,0.0,0.0,0.0,0.01030999980866909,0.012839999981224537,0.005710000172257423,0.0,0.019999999552965164,0.01979999989271164,0.0088900001719594,0.0065899998880922794,0.0,0.0,0.0,0.0,0.011760000139474869,0.025270000100135803,0.0,0.005510000046342611,0.0,0.02013999968767166,0.0,0.0,0.0,0.0,0.009680000133812428,0.010529999621212482,0.0,0.0,0.0,0.0,0.0,0.0,0.017330000177025795,0.005369999911636114,0.0,0.0,0.0,0.0,0.00989999994635582,0.019419999793171883,0.0,0.0,0.0],[0.02143000066280365,0.004739999771118164,0.0,0.0,0.013869999907910824,0.011800000444054604,0.0,0.032260000705718994,0.03652999922633171,0.027809999883174896,0.0,0.005919999908655882,0.018519999459385872,0.0008800000068731606,0.009630000218749046,0.0005300000193528831,0.0,0.007149999961256981,0.0,0.007980000227689743,0.0,0.01785999909043312,0.009399999864399433,0.0,0.022199999541044235,0.011760000139474869,0.0,0.0,0.01979999989271164,0.0,0.03522000089287758,0.0,0.0,0.0,0.0,0.0,0.039969999343156815,0.03158000111579895,0.02442999929189682,0.030300000682473183,0.001129999989643693,0.0,0.0,0.0,0.0,0.0,0.016270000487565994,0.0,0.009170000441372395,0.010099999606609344],[0.011149999685585499,0.0,0.010870000347495079,0.009709999896585941,0.0,0.0,0.009619999676942825,0.0034600000362843275,0.06046999990940094,0.0,0.0,0.0,0.019339999184012413,0.04123999923467636,0.0,0.0,0.0,0.02913999930024147,0.04157000035047531,0.0,0.03643999993801117,0.010990000329911709,0.0,0.0,0.0,0.017249999567866325,0.0,0.0009299999801442027,0.019910000264644623,0.0414000004529953,0.0,0.009619999676942825,0.0,0.00749000022187829,0.012659999541938305,0.0,0.0,0.0033100000582635403,0.001290000043809414,0.010200000368058681,0.0,0.0,0.006889999844133854,0.0064199999906122684,0.0,0.009999999776482582,0.0,0.0,0.0,0.0],[0.0,0.011020000092685223,0.0,0.009600000455975533,0.02198999933898449,0.0,0.0,0.0,0.0,0.008580000139772892,0.009039999917149544,0.01537999976426363,0.0,0.0,0.0,0.0,0.0,0.0017800000496208668,0.0,0.08186999708414078,0.008550000376999378,0.013770000077784061,0.013439999893307686,0.018309999257326126,0.0,0.007120000198483467,0.0,0.0,0.009610000066459179,0.002460000105202198,0.0,0.009909999556839466,0.0,0.0,0.0,0.0,0.0,0.03773999959230423,0.0,0.0,0.057590000331401825,0.0,0.011110000312328339,0.0,0.03807000070810318,0.0,0.0,0.009429999627172947,0.0,0.009999999776482582],[0.032419998198747635,0.0016899999463930726,0.0,0.0,0.03248000144958496,0.0,0.0,0.0,0.0,0.01834999956190586,0.008369999937713146,0.0,0.01549999974668026,0.0034600000362843275,0.008849999867379665,0.0,0.0361500009894371,0.0,0.0,0.001879999996162951,0.0,0.0,0.0,0.0,0.02127999998629093,0.004809999838471413,0.0,0.0,0.04343000054359436,0.0,0.0,0.0,0.009309999644756317,0.0,0.00989999994635582,0.006169999949634075,0.0,0.0,0.004889999981969595,0.0,0.0,0.02019999921321869,0.0,0.0,0.0,0.008620000444352627,0.0,0.0,0.0,0.01030999980866909],[0.006899999920278788,0.0025599999353289604,0.0,0.01819000020623207,0.0,0.0044200001284480095,0.0,0.018869999796152115,0.0,0.037310000509023666,0.0,0.0,0.011509999632835388,0.02776999957859516,0.009999999776482582,0.0,0.007060000207275152,0.009800000116229057,0.0,0.0,0.0,0.0,0.006020000204443932,0.0,0.011909999884665012,0.018699999898672104,0.009170000441372395,0.0,0.0,0.0,0.0,0.0,0.0,0.04543000087141991,0.0,0.017410000786185265,0.0,0.0,0.011029999703168869,0.0,0.00634999992325902,0.029559999704360962,0.03448000177741051,0.009030000306665897,0.0,0.0,0.0,0.0,0.011370000429451466,0.0],[0.01988000050187111,0.0,0.0,0.0,0.0,0.02216999977827072,0.02563999965786934,0.032269999384880066,0.05352000147104263,0.0,0.006399999838322401,0.0,0.007969999685883522,0.0025100000202655792,0.0047599999234080315,0.0,0.0,0.0066200001165270805,0.0,0.0,0.0,0.0,0.0,0.0044999998062849045,0.0,0.019750000908970833,0.01030999980866909,0.011629999615252018,0.0,0.0,0.0,0.010529999621212482,0.0,0.01955999992787838,0.02127999998629093,0.0010499999625608325,0.0,0.007199999876320362,0.006459999829530716,0.02061999961733818,0.0,0.013159999623894691,0.0,0.012029999867081642,0.0,0.0,0.0,0.01298999972641468,0.03181999921798706,0.0],[0.01228999998420477,0.008270000107586384,0.011359999887645245,0.02857000008225441,0.0,0.007770000025629997,0.0,0.008129999972879887,0.0,0.011339999735355377,0.0022299999836832285,0.0,0.0,0.0,0.0,0.01042999979108572,0.0,0.010370000265538692,0.05200999975204468,0.01056000031530857,0.027780000120401382,0.0,0.0,0.0,0.07253000140190125,0.0,0.0,0.01996999979019165,0.021970000118017197,0.0,0.0,0.01030999980866909,0.026319999247789383,0.014790000393986702,0.030009999871253967,0.0,0.0,0.01083999965339899,0.001979999942705035,0.008550000376999378,0.01140000019222498,0.0,0.01979999989271164,0.00786999985575676,0.028429999947547913,0.0,0.0,0.0,0.009170000441372395,0.0]],