{"objective":9281.1611328125,"runtime":1.0,"usage_matrix":[[0.0,0.009089999832212925,0.0,0.00901000015437603,0.0,0.0,0.0,0.0,0.01075000036507845,0.0,0.0,0.0,0.0,0.010870000347495079,0.0,0.0,0.0,0.0531499981880188,0.018519999459385872,0.006630000192672014,0.010730000212788582,0.009510000236332417,0.01355000026524067,0.01867000013589859,0.0,0.0,0.02181999944150448,0.0,0.0,0.08081000298261642,0.0,0.0,0.018710000440478325,0.0,0.0,0.0,0.020409999415278435,0.020679999142885208,0.0,0.010759999975562096,0.0,0.0,0.0,0.001449999981559813,0.007249999791383743,0.01817999966442585,0.0,0.026760000735521317,0.010099999606609344,0.03846000134944916],[0.0,0.010420000180602074,0.011239999905228615,0.0036700000055134296,0.04064999893307686,0.0,0.0,0.007430000230669975,0.0,0.0,0.001769999973475933,0.01075000036507845,0.034380000084638596,0.0,0.0,0.0,0.0,0.0,0.019610000774264336,0.0,0.020409999415278435,0.0,0.0,0.027820000424981117,0.0,0.009429999627172947,0.0,0.0,0.007069999817758799,0.0,0.0,0.0,0.0,0.0,0.0030700000934302807,0.0,0.0,0.0,0.0,0.01331000030040741,0.0,0.0,0.00394000019878149,0.0,0.010110000148415565,0.0,0.014159999787807465,0.0,0.0,0.0],[0.10561999678611755,0.009170000441372395,0.003710000077262521,0.0,0.0,0.03506999835371971,0.03680000081658363,0.0,0.0,0.0,0.025629999116063118,0.011110000312328339,0.014419999904930592,0.0,0.020829999819397926,0.0735900029540062,0.019419999793171883,0.0,0.0,0.011640000157058239,0.017729999497532845,0.01988999918103218,0.0,0.0,0.010529999621212482,0.0,0.0,0.006020000204443932,0.0,0.0,0.011239999905228615,0.0,0.022439999505877495,0.0,0.0036100000143051147,0.03455999866127968,0.0,0.0,0.0,0.003930000122636557,0.0,0.0,0.009519999846816063,0.0,0.005909999832510948,0.0,0.004809999838471413,0.0,0.01030999980866909,0.016189999878406525],[0.0,0.0,0.005969999823719263,0.0,0.0,0.047129999846220016,0.0,0.0,0.0,0.0,0.0,0.009519999846816063,0.0,0.010200000368058681,0.0,0.0,0.004430000204592943,0.0,0.0,0.0,0.009220000356435776,0.020320000126957893,0.0,0.028850000351667404,0.0,0.01384000014513731,0.011629999615252018,0.0030900000128895044,0.036990001797676086,0.03897000104188919,0.0,0.0006600000197067857,0.0,0.10657999664545059,0.0,0.0,0.0,0.019430000334978104,0.0,0.0,0.020600000396370888,0.00877000018954277,0.0,0.029009999707341194,0.009320000186562538,0.0,0.004490000195801258,0.0,0.0,0.010990000329911709],[0.12785999476909637,0.0,0.009320000186562538,0.0,0.0,0.0,0.0,0.01128000020980835,0.0,0.005119999870657921,0.0,0.020409999415278435,0.0,0.0,0.0,0.04991000145673752,0.01375999953597784,0.008419999852776527,0.006969999987632036,0.0,0.0,0.008320000022649765,0.033410001546144485,0.0,0.014890000224113464,0.04741000011563301,0.0,0.02112000063061714,0.03711999952793121,0.0,0.01583999954164028,0.0,0.012480000033974648,0.0,0.0,0.011730000376701355,0.0,0.0478999987244606,0.0,0.0,0.0038999998942017555,0.01075000036507845,0.029410000890493393,0.0,0.0,0.0,0.009259999729692936,0.016419999301433563,0.0,0.0],[0.0,0.0,0.003700000001117587,0.0,0.00559999980032444,0.01131999958306551,0.0,0.0,0.0,0.0,0.015780000016093254,0.011359999887645245,0.0,0.0,0.009619999676942825,0.0,0.01030999980866909,0.0,0.008849999867379665,0.012020000256597996,0.002839999971911311,0.0,0.0,0.0,0.0,0.018650000914931297,0.0,0.0,0.0,0.0,0.0,0.009999999776482582,0.0,0.0,0.0,0.004610000178217888,0.009089999832212925,0.028510000556707382,0.028039999306201935,0.028349999338388443,0.025340000167489052,0.008620000444352627,0.010950000025331974,0.0,0.03189999982714653,0.0,0.011090000160038471,0.03767000138759613,0.01638999953866005,0.0],[0.0,0.0,0.0,0.0,0.0,0.02339000068604946,0.0,0.0,0.091839998960495,0.0,0.0066200001165270805,0.051249999552965164,0.0185100007802248,0.01075000036507845,0.0,0.014019999653100967,0.02563999965786934,0.0493599995970726,0.0,0.0035200000274926424,0.0,0.0,0.04095999896526337,0.0,0.0,0.017240000888705254,0.0,0.002420000033453107,0.0,0.0,0.009619999676942825,0.020829999819397926,0.009340000338852406,0.0,0.0009899999713525176,0.0,0.03361000120639801,0.00443999981507659,0.0,0.004399999976158142,0.0,0.0,0.0,0.0,0.0,0.0,0.0,0.009619999676942825,0.0,0.0],[0.0637499988079071,0.0,0.03815000131726265,0.01867000013589859,0.0,0.0,0.0,0.008129999972879887,0.0,0.02230999991297722,0.0037299999967217445,0.010099999606609344,0.0010600000387057662,0.02321000024676323,0.0,0.0,0.026119999587535858,0.0,0.0,0.0,0.0,0.02727000042796135,0.0,0.018519999459385872,0.010379999876022339,0.0016799999866634607,0.011760000139474869,0.0,0.05575999990105629,0.0,0.019610000774264336,0.0,0.0,0.0025500000920146704,0.00798999983817339,0.0,0.009999999776482582,0.010119999758899212,0.0,0.0,0.0016400000313296914,0.0,0.0,0.008849999867379665,0.002529999939724803,0.01817999966442585,0.03982999920845032,0.009999999776482582,0.0,0.0],[0.03451000154018402,0.0,0.0,0.009619999676942825,0.010089999996125698,0.0,0.009560000151395798,0.009600000455975533,0.010200000368058681,0.0,0.04699999839067459,0.0,0.0,0.0,0.0,0.0,0.0,0.024529999122023582,0.0,0.0,0.04464000090956688,0.0,0.0012700000079348683,0.0,0.019290000200271606,0.020400000736117363,0.0,0.009429999627172947,0.0,0.0,0.0,0.0,0.0,0.0,0.0006399999838322401,0.0,0.0,0.0,0.0,0.002050000010058284,0.0,0.0,0.0,0.00901000015437603,0.0,0.03192000091075897,0.0,0.009270000271499157,0.0,0.0],[0.0,0.01075000036507845,0.0,0.009619999676942825,0.019759999588131905,0.0,0.008410000242292881,0.0,0.011629999615252018,0.07605999708175659,0.0,0.005280000157654285,0.0,0.0,0.007189999800175428,0.0,0.019060000777244568,0.0,0.009709999896585941,0.024250000715255737,0.013679999858140945,0.0016199999954551458,0.004699999932199717,0.0,0.0,0.0,0.0,0.0,0.08669000118970871,0.0,0.0,0.0,0.0,0.04544999822974205,0.01131999958306551,0.014820000156760216,0.026890000328421593,0.0,0.01030999980866909,0.03220000118017197,0.0,0.0,0.0289900004863739,0.011149999685585499,0.00913000013679266,0.026359999552369118,0.0,0.0,0.020409999415278435,0.0]],