{"objective":8688.50390625,"runtime":1.0,"usage_matrix":[[0.0,0.007809999864548445,0.0434500016272068,0.009820000268518925,0.0,0.03061000071465969,0.0,0.009429999627172947,0.01030999980866909,0.044780001044273376,0.0,0.02297000028192997,0.0007999999797903001,0.009859999641776085,0.0,0.0,0.0,0.0,0.0,0.0,0.0,0.0,0.04803000018000603,0.0,0.006839999929070473,0.05149000138044357,0.0,0.0,0.0,0.0,0.0,0.0,0.0,0.0,0.0031500000040978193,0.0,0.0,0.0,0.00953999999910593,0.0,0.02290000021457672,0.0,0.00877000018954277,0.016489999368786812,0.0,0.0,0.0,0.0,0.0,0.01030999980866909],[0.09030000120401382,0.007420000154525042,0.001500000013038516,0.009089999832212925,0.0,0.0,0.04197999835014343,0.002959999954327941,0.0,0.0,0.0,0.0,0.009530000388622284,0.0,0.008080000057816505,0.011590000241994858,0.015780000016093254,0.028300000354647636,0.0,0.0,0.0,0.0,0.01891000010073185,0.0,0.00989999994635582,0.0,0.010099999606609344,0.0,0.0,0.0,0.041680000722408295,0.0,0.0,0.005369999911636114,0.0,0.03130999952554703,0.009800000116229057,0.006209999788552523,0.0038300000596791506,0.0,0.015329999849200249,0.0,0.0,0.0,0.0,0.017069999128580093,0.0,0.0,0.0,0.009619999676942825],[0.03805999830365181,0.04343000054359436,0.0,0.0,0.0,0.022379999980330467,0.0,0.0,0.03061000071465969,0.0,0.04797999933362007,0.0,0.016829999163746834,0.011800000444054604,0.0,0.003229999914765358,0.0,0.0,0.01496999990195036,0.00901000015437603,0.0,0.0,0.017249999567866325,0.0291300006210804,0.0074800001457333565,0.009290000423789024,0.009519999846816063,0.019700000062584877,0.01875999942421913,0.0015200000489130616,0.0,0.009180000051856041,0.0,0.04535999894142151,0.0,0.0,0.0,0.0,0.0,0.0,0.0,0.0,0.014670000411570072,0.010200000368058681,0.0,0.0,0.014360000379383564,0.0,0.012419999577105045,0.0],[0.0014299999456852674,0.021980000659823418,0.0,0.0,0.033810000866651535,0.017470000311732292,0.0,0.009709999896585941,0.0,0.007720000110566616,0.0,0.00989999994635582,0.01558000035583973,0.0,0.011110000312328339,0.0,0.0,0.009800000116229057,0.0,0.0,0.0,0.0,0.0,0.010060000233352184,0.003379999892786145,0.0,0.0,0.0,0.0,0.0,0.003109999932348728,0.0,0.0,0.0,0.023350000381469727,0.0,0.0,0.009619999676942825,0.0,0.0,0.0,0.009429999627172947,0.0,0.019589999690651894,0.03214000165462494,0.005669999867677689,0.0,0.0,0.0,0.00949000008404255],[0.0,0.016279999166727066,0.0010300000431016088,0.01834999956190586,0.0,0.011239999905228615,0.005319999996572733,0.0,0.0,0.00019999999494757503,0.0,0.007009999826550484,0.0,0.0,0.00803999975323677,0.01769999973475933,0.0,0.0,0.026240000501275063,0.007170000113546848,0.0,0.0,0.05011000111699104,0.0,0.0,0.0,0.0,0.017090000212192535,0.0,0.0,0.009999999776482582,0.0,0.0,0.025939999148249626,0.04106999933719635,0.0,0.011359999887645245,0.0,0.0,0.0,0.025200000032782555,0.0,0.009999999776482582,0.008129999972879887,0.0,0.0,0.0,0.00800000037997961,0.00892999954521656,0.00839999970048666],[0.0,0.011490000411868095,0.0,0.0008999999845400453,0.031220000237226486,0.011490000411868095,0.0,0.0,0.00418000016361475,0.0,0.0,0.010870000347495079,0.0,0.01616000011563301,0.00839999970048666,0.005049999803304672,0.013240000233054161,0.037039998918771744,0.0,0.0,0.03911000117659569,0.0,0.0,0.0,0.0,0.0,0.0,0.0,0.02150999940931797,0.0,0.004699999932199717,0.0,0.04529000073671341,0.0,0.01680999994277954,0.001069999998435378,0.0,0.0,0.011380000039935112,0.028850000351667404,0.0,0.02127999998629093,0.051259998232126236,0.0,0.0022299999836832285,0.0,0.0,0.0,0.011760000139474869,0.0],[0.0,0.006020000204443932,0.051020000129938126,0.0025500000920146704,0.0,0.03528999909758568,0.0,0.0,0.0,0.0,0.0,0.0,0.0,0.0,0.0,0.0,0.0,0.03141999989748001,0.0,0.0,0.0,0.02150999940931797,0.0,0.0,0.0,0.0732399970293045,0.0,0.0,0.0,0.0,0.0,0.0,0.0,0.0,0.0101500004529953,0.0,0.024539999663829803,0.0,0.00824000034481287,0.01979999989271164,0.027130000293254852,0.0,0.0,0.0076299998909235,0.008259999565780163,0.0,0.0,0.0,0.0,0.0],[0.0,0.0,0.0,0.0,0.0,0.0,0.0,0.0,0.010639999993145466,0.0,0.0,0.0,0.0,0.013650000095367432,0.0,0.0,0.06674999743700027,0.0,0.0,0.019419999793171883,0.032919999212026596,0.0,0.0,0.0,0.0,0.0,0.0,0.0,0.010420000180602074,0.005489999894052744,0.0,0.0261400006711483,0.0,0.08279000222682953,0.0,0.05525000020861626,0.0,0.008790000341832638,0.010180000215768814,0.0,0.0,0.0,0.0,0.0,0.0,0.0,0.0,0.009800000116229057,0.0,0.0],[0.0,0.0,0.0,0.03728000074625015,0.0,0.0,0.0,0.04123999923467636,0.0,0.0,0.03203999996185303,0.029200000688433647,0.0,0.0,0.0,0.0,0.003010000102221966,0.010870000347495079,0.003160000080242753,0.010529999621212482,0.0,0.009909999556839466,0.0,0.010420000180602074,0.0,0.0,0.01119999960064888,0.0,0.0,0.0064199999906122684,0.02060999907553196,0.01923000067472458,0.0,0.0,0.00004999999873689376,0.0,0.04535000026226044,0.010479999706149101,0.009170000441372395,0.0,0.0,0.00812000036239624,0.002580000087618828,0.009519999846816063,0.0,0.0,0.0294599998742342,0.0,0.0,0.0],[0.0,0.015709999948740005,0.013079999946057796,0.0,0.0,0.014360000379383564,0.006459999829530716,0.0,0.0,0.0,0.011009999550879002,0.0,0.011959999799728394,0.008170000277459621,0.0,0.0,0.0,0.01107999961823225,0.0031399999279528856,0.004650000017136335,0.0,0.0,0.004920000210404396,0.0,0.0,0.023649999871850014,0.0,0.0,0.0,0.0,0.0,0.0,0.04611999914050102,0.0,0.0,0.013670000247657299,0.02150999940931797,0.0,0.01923000067472458,0.0,0.0,0.02435999922454357,0.010060000233352184,0.009619999676942825,0.0,0.0,0.0,0.011239999905228615,0.006539999973028898,0.0]],