{"objective":7177.1611328125,"runtime":1.0,"usage_matrix":[[0.0,0.00800000037997961,0.0,0.0,0.0,0.024730000644922256,0.0,0.0,0.0,0.01006999984383583,0.03976999968290329,0.017079999670386314,0.0,0.0,0.0,0.06633000075817108,0.0,0.021619999781250954,0.013770000077784061,0.0,0.004360000137239695,0.0,0.0,0.0,0.01537999976426363,0.0,0.0,0.034779999405145645,0.010320000350475311,0.0,0.0,0.0,0.0,0.05098000168800354,0.014510000124573708,0.0,0.021050000563263893,0.0,0.005289999768137932,0.01460999995470047,0.0,0.0,0.03448000177741051,0.00865000020712614,0.012900000438094139,0.0,0.0017900000093504786,0.011110000312328339,0.0,0.0],[0.0,0.0,0.0,0.0,0.0005300000193528831,0.0,0.0,0.0,0.01384000014513731,0.0,0.008969999849796295,0.012480000033974648,0.0,0.0,0.0,0.0,0.022989999502897263,0.016370000317692757,0.0,0.012350000441074371,0.0,0.017030000686645508,0.0,0.0,0.05404999852180481,0.0,0.0,0.009259999729692936,0.019430000334978104,0.0,0.0,0.0003000000142492354,0.010639999993145466,0.0,0.0,0.0,0.0,0.0,0.013949999585747719,0.012190000154078007,0.04131000116467476,0.0,0.01730000041425228,0.004379999823868275,0.01924999989569187,0.0,0.0,0.0,0.0,0.0],[0.0,0.0,0.024299999698996544,0.046379998326301575,0.0,0.0005499999970197678,0.026089999824762344,0.009600000455975533,0.0,0.0,0.0,0.0,0.01923000067472458,0.0,0.0,0.0,0.016790000721812248,0.0,0.0,0.03223000094294548,0.0,0.0142000000923872,0.0,0.009089999832212925,0.0,0.0,0.0,0.004490000195801258,0.0,0.0,0.0,0.014680000022053719,0.0,0.0,0.0,0.0,0.018959999084472656,0.0,0.0,0.08822999894618988,0.041280001401901245,0.02703000046312809,0.0,0.0,0.0,0.0362900011241436,0.016690000891685486,0.0,0.0,0.0],[0.0,0.0,0.016109999269247055,0.0,0.0,0.0,0.0,0.011610000394284725,0.000590000010561198,0.0,0.0,0.02119000069797039,0.0,0.0,0.018519999459385872,0.0,0.010409999638795853,0.0,0.0,0.0,0.0,0.0,0.052629999816417694,0.00989999994635582,0.02369000017642975,0.004279999993741512,0.0,0.0,0.0,0.0,0.022989999502897263,0.0,0.0,0.0,0.00016999999934341758,0.0,0.0,0.0,0.0014100000262260437,0.0008699999889358878,0.0878399983048439,0.0,0.0,0.009610000066459179,0.010209999978542328,0.005940000060945749,0.03471999987959862,0.0,0.0,0.0],[0.0,0.0,0.025790000334382057,0.0,0.0,0.0,0.019050000235438347,0.0,0.029980000108480453,0.019190000370144844,0.02133999951183796,0.0,0.00892999954521656,0.0,0.0,0.0,0.009909999556839466,0.0,0.0,0.0,0.0065899998880922794,0.0,0.008190000429749489,0.0076299998909235,0.0,0.0,0.0,0.0,0.0,0.0,0.004389999900013208,0.0,0.0,0.0016299999551847577,0.0,0.0,0.0,0.0,0.027780000120401382,0.0,0.0,0.014890000224113464,0.018239999189972878,0.009800000116229057,0.0,0.027130000293254852,0.011719999834895134,0.009800000116229057,0.0,0.0],[0.0,0.0,0.0,0.0,0.03223000094294548,0.010339999571442604,0.0029200001154094934,0.0,0.0,0.021980000659823418,0.00892999954521656,0.016790000721812248,0.020430000498890877,0.0,0.010639999993145466,0.03347000107169151,0.03099999949336052,0.033330000936985016,0.017240000888705254,0.018470000475645065,0.0,0.0,0.0,0.00824000034481287,0.009089999832212925,0.0378899984061718,0.0077599999494850636,0.0,0.010099999606609344,0.0,0.0,0.0,0.02127999998629093,0.0,0.0006799999973736703,0.008229999803006649,0.0034799999557435513,0.0,0.0,0.0,0.0,0.0,0.0,0.0,0.0,0.0,0.0024300001095980406,0.0,0.026249999180436134,0.0],[0.0,0.006020000204443932,0.0,0.0,0.0,0.0,0.01785999909043312,0.01348000019788742,0.026839999482035637,0.0,0.0,0.02020999975502491,0.025679999962449074,0.0,0.0,0.0,0.00761000020429492,0.007939999923110008,0.0,0.00877000018954277,0.05421999841928482,0.0,0.0,0.0,0.0,0.0,0.0,0.027780000120401382,0.0,0.0,0.0,0.0,0.0,0.0,0.0027099999133497477,0.00839999970048666,0.0,0.008969999849796295,0.0,0.0,0.0,0.0,0.004370000213384628,0.020600000396370888,0.0,0.024860000237822533,0.03660999983549118,0.0,0.006909999996423721,0.0],[0.01408000010997057,0.0,0.0,0.0,0.0,0.0,0.0,0.0,0.0,0.0,0.0,0.0,0.0,0.0,0.0,0.018279999494552612,0.0,0.0,0.009630000218749046,0.0,0.0,0.0,0.0,0.00848000030964613,0.0,0.0,0.01056000031530857,0.0,0.022530000656843185,0.0,0.014329999685287476,0.0,0.0,0.03002999909222126,0.016270000487565994,0.00877000018954277,0.0,0.03002999909222126,0.0,0.0,0.0,0.0,0.0,0.0,0.02655000053346157,0.0,0.0,0.0,0.011359999887645245,0.010990000329911709],[0.0,0.00892999954521656,0.0,0.013570000417530537,0.0006200000061653554,0.0005699999746866524,0.0,0.0,0.0,0.0,0.0,0.0,0.0,0.06421999633312225,0.011110000312328339,0.019519999623298645,0.031109999865293503,0.0,0.017240000888705254,0.016820000484585762,0.012199999764561653,0.03474999964237213,0.005109999794512987,0.0,0.0,0.006409999914467335,0.013489999808371067,0.0,0.0,0.00877000018954277,0.00877000018954277,0.045830000191926956,0.0,0.031099999323487282,0.0,0.002300000051036477,0.01817999966442585,0.0,0.05324999988079071,0.0,0.0,0.007430000230669975,0.0,0.01860000006854534,0.0,0.022989999502897263,0.0,0.0,0.016790000721812248,0.0],[0.00750999990850687,0.0,0.0134699996560812,0.032839998602867126,0.0,0.000859999970998615,0.009610000066459179,0.0,0.0,0.0,0.0,0.0,0.020409999415278435,0.0,0.007420000154525042,0.0,0.005090000107884407,0.0,0.011490000411868095,0.0,0.0261400006711483,0.010420000180602074,0.0291300006210804,0.0,0.007379999849945307,0.0,0.008559999987483025,0.0,0.0,0.0,0.0,0.0,0.0,0.0,0.0,0.0,0.0,0.011880000121891499,0.010929999873042107,0.0,0.022379999980330467,0.02500000037252903,0.0018100000452250242,0.0008699999889358878,0.009170000441372395,0.007840000092983246,0.0,0.0,0.020829999819397926,0.0]],