{"objective":8755.3984375,"runtime":1.0,"usage_matrix":[[0.0,0.0,0.0,0.0,0.0,0.01979999989271164,0.0,0.0,0.0,0.0,0.0,0.033900000154972076,0.009259999729692936,0.013779999688267708,0.010200000368058681,0.0,0.053380001336336136,0.009399999864399433,0.03971000015735626,0.0,0.0,0.0,0.009680000133812428,0.0,0.0,0.0,0.030619999393820763,0.0013099999632686377,0.004540000110864639,0.0,0.0,0.0,0.01257999986410141,0.0,0.0,0.0,0.0,0.0,0.0,0.0,0.02127999998629093,0.03288999944925308,0.004610000178217888,0.0,0.0,0.018689999356865883,0.0,0.009709999896585941,0.0,0.0],[0.017980000004172325,0.008919999934732914,0.0,0.0,0.010420000180602074,0.0,0.0,0.0,0.03604000061750412,0.0,0.0412600003182888,0.0,0.0,0.04129000008106232,0.0014799999771639705,0.0086899995803833,0.0013599999947473407,0.0,0.0,0.0,0.0,0.008620000444352627,0.028370000422000885,0.02857000008225441,0.018869999796152115,0.0,0.0,0.0,0.00913000013679266,0.0031399999279528856,0.0,0.00880999956279993,0.00880999956279993,0.0,0.0,0.053040001541376114,0.0,0.0,0.0,0.041669998317956924,0.021560000255703926,0.00171999994199723,0.0,0.0002300000051036477,0.0,0.0,0.0,0.0,0.0,0.0],[0.0,0.0,0.0,0.0,0.0,0.008700000122189522,0.0,0.02783999964594841,0.0,0.018689999356865883,0.0,0.0,0.0,0.028060000389814377,0.0,0.014910000376403332,0.00901000015437603,0.01095999963581562,0.0,0.0,0.021740000694990158,0.04746999964118004,0.0,0.0,0.010420000180602074,0.0,0.0,0.00007999999797903001,0.0,0.028780000284314156,0.07999999821186066,0.0,0.029410000890493393,0.01979999989271164,0.0,0.032600000500679016,0.0,0.0,0.04608999937772751,0.0,0.019419999793171883,0.0,0.0,0.0,0.00803999975323677,0.010420000180602074,0.002850000048056245,0.0,0.0,0.0],[0.0,0.02655000053346157,0.0,0.0,0.002730000065639615,0.0,0.0,0.01816999912261963,0.010409999638795853,0.0,0.0,0.0,0.0,0.0,0.0,0.011490000411868095,0.0,0.0,0.0,0.0,0.007230000104755163,0.0,0.0,0.0,0.0,0.0,0.011289999820291996,0.0,0.012190000154078007,0.0,0.0,0.0,0.0,0.0,0.08699999749660492,0.0,0.0,0.0,0.0,0.0,0.0027000000700354576,0.01761000044643879,0.0,0.0,0.0,0.016130000352859497,0.0013699999544769526,0.0,0.007329999934881926,0.010289999656379223],[0.0,0.0,0.0,0.0006300000241026282,0.0,0.010990000329911709,0.018959999084472656,0.010540000163018703,0.010099999606609344,0.0,0.002520000096410513,0.0,0.0215000007301569,0.0031500000040978193,0.0,0.004290000069886446,0.05634000152349472,0.025989999994635582,0.0,0.009700000286102295,0.0,0.0,0.028300000354647636,0.0,0.0,0.0,0.0,0.0,0.0,0.0,0.02841999940574169,0.0,0.01561999972909689,0.002570000011473894,0.05756999924778938,0.0,0.015850000083446503,0.0,0.0,0.0,0.0,0.012930000200867653,0.01817999966442585,0.0,0.02655000053346157,0.0,0.0,0.0,0.0,0.027780000120401382],[0.0,0.0,0.0,0.07699999958276749,0.0,0.0,0.08387000113725662,0.06005999818444252,0.0,0.0,0.0,0.0,0.0,0.0,0.0,0.0,0.0,0.0036800000816583633,0.009569999761879444,0.0,0.020829999819397926,0.008510000072419643,0.003860000055283308,0.0,0.006000000052154064,0.0,0.0,0.0,0.003590000094845891,0.0,0.018689999356865883,0.0,0.0,0.00930000003427267,0.0,0.0,0.01075000036507845,0.009909999556839466,0.029430000111460686,0.03135000169277191,0.0,0.0,0.03058999963104725,0.0,0.008840000256896019,0.009909999556839466,0.011620000004768372,0.018869999796152115,0.0,0.039739999920129776],[0.0,0.0,0.03359999880194664,0.003220000071451068,0.009109999984502792,0.0,0.0,0.017170000821352005,0.02469000034034252,0.0,0.0,0.08126000314950943,0.0363599993288517,0.0,0.0,0.0,0.0,0.0,0.0,0.005609999876469374,0.029999999329447746,0.0005799999926239252,0.0012499999720603228,0.020269999280571938,0.0,0.0,0.0,0.0,0.0,0.009619999676942825,0.008910000324249268,0.0,0.0,0.0157299991697073,0.0,0.0,0.0,0.0,0.008779999800026417,0.0,0.022849999368190765,0.0,0.008990000002086163,0.01964000053703785,0.0,0.0,0.0033400000538676977,0.009530000388622284,0.0,0.02776999957859516],[0.0,0.010950000025331974,0.0,0.032669998705387115,0.020409999415278435,0.01817999966442585,0.0,0.004019999876618385,0.019050000235438347,0.0,0.0,0.0,0.01006999984383583,0.012260000221431255,0.0,0.0,0.015469999983906746,0.008009999990463257,0.02345000021159649,0.020560000091791153,0.0,0.0,0.0010999999940395355,0.0,0.0,0.0,0.0,0.0,0.004939999897032976,0.009349999949336052,0.00571999978274107,0.0059899999760091305,0.0,0.0,0.0,0.0,0.019999999552965164,0.0017800000496208668,0.013089999556541443,0.0,0.0,0.022630000486969948,0.019169999286532402,0.0,0.0,0.0,0.0,0.0,0.047770000994205475,0.0],[0.010089999996125698,0.0,0.002469999948516488,0.0,0.0,0.0,0.02329999953508377,0.0,0.0,0.01802000030875206,0.02833000011742115,0.0,0.0,0.002950000111013651,0.011599999852478504,0.0,0.014519999735057354,0.0,0.0,0.0291300006210804,0.009569999761879444,0.0,0.0,0.0,0.011629999615252018,0.0,0.0,0.0,0.0,0.0,0.025219999253749847,0.019050000235438347,0.02394000068306923,0.020560000091791153,0.012500000186264515,0.06949999928474426,0.03125,0.002400000113993883,0.0,0.0,0.009700000286102295,0.011230000294744968,0.0,0.0,0.058329999446868896,0.0,0.026580000296235085,0.009429999627172947,0.0,0.04081999883055687],[0.0,0.01979999989271164,0.0,0.027130000293254852,0.019370000809431076,0.0,0.0,0.0,0.008550000376999378,0.028850000351667404,0.03903999924659729,0.0,0.022460000589489937,0.0,0.0,0.0215000007301569,0.011359999887645245,0.0,0.0,0.011380000039935112,0.004749999847263098,0.02914999984204769,0.0,0.0,0.0,0.030799999833106995,0.0013000000035390258,0.0012799999676644802,0.0,0.010870000347495079,0.0,0.0,0.010329999960958958,0.009709999896585941,0.0,0.0,0.019999999552965164,0.043140001595020294,0.03979000076651573,0.025270000100135803,0.009320000186562538,0.004139999859035015,0.0,0.0,0.00875999964773655,0.0,0.007519999984651804,0.0,0.0,0.0]],