{"objective":7571.82763671875,"runtime":1.0,"usage_matrix":[[0.022089999169111252,0.004980000201612711,0.0015699999639764428,0.09227000176906586,0.0,0.0,0.010739999823272228,0.0,0.0,0.044759999960660934,0.001769999973475933,0.0,0.0,0.0,0.01092000026255846,0.0,0.0,0.0,0.0,0.0,0.0,0.025100000202655792,0.0,0.019419999793171883,0.009189999662339687,0.007240000180900097,0.008820000104606152,0.008849999867379665,0.0,0.0,0.00901000015437603,0.021740000694990158,0.025860000401735306,0.04396999999880791,0.0,0.008700000122189522,0.0,0.00800000037997961,0.0,0.0,0.0,0.0,0.003449999960139394,0.007430000230669975,0.017740000039339066,0.0,0.008129999972879887,0.03613999858498573,0.012500000186264515,0.02127999998629093],[0.0,0.01817999966442585,0.011110000312328339,0.0,0.03426999971270561,0.0,0.0,0.0,0.0,0.009510000236332417,0.0044999998062849045,0.0071299998089671135,0.008700000122189522,0.019990000873804092,0.0,0.0,0.0,0.0,0.0,0.010759999975562096,0.010180000215768814,0.0,0.0,0.0,0.008259999565780163,0.0,0.0,0.0,0.017109999433159828,0.0,0.0,0.0,0.0,0.00892999954521656,0.0,0.0,0.0,0.0,0.02135000005364418,0.0,0.0,0.0,0.0,0.0,0.0,0.0,0.0,0.0,0.04002999886870384,0.0],[0.0,0.0,0.0,0.0,0.0026499999221414328,0.0,0.0,0.00892999954521656,0.0,0.006490000057965517,0.0057299998588860035,0.0,0.0,0.003949999809265137,0.0,0.0,0.0,0.0,0.0,0.0,0.010420000180602074,0.046229999512434006,0.01408000010997057,0.03508999943733215,0.01039000041782856,0.0,0.024329999461770058,0.01075000036507845,0.0,0.01092000026255846,0.0,0.010200000368058681,0.004139999859035015,0.0,0.002050000010058284,0.0014299999456852674,0.02019999921321869,0.018939999863505363,0.0,0.0,0.009429999627172947,0.0,0.036320000886917114,0.0,0.010099999606609344,0.0,0.00824000034481287,0.006049999967217445,0.0,0.009800000116229057],[0.030419999733567238,0.0,0.006750000175088644,0.007790000177919865,0.0,0.0012799999676644802,0.0,0.0,0.011180000379681587,0.04385000094771385,0.010099999606609344,0.03480000048875809,0.02531999908387661,0.01432000007480383,0.0,0.0,0.0,0.0,0.0246799997985363,0.020969999954104424,0.0,0.0,0.0,0.0,0.01850000023841858,0.0,0.0,0.010200000368058681,0.056759998202323914,0.0,0.009999999776482582,0.009800000116229057,0.0,0.009619999676942825,0.0,0.009949999861419201,0.0,0.009619999676942825,0.004129999782890081,0.05000000074505806,0.0,0.01785999909043312,0.0,0.004149999935179949,0.0,0.010099999606609344,0.0,0.005810000002384186,0.0,0.0],[0.0,0.0028299998957663774,0.01030999980866909,0.07236000150442123,0.0,0.0,0.0,0.0,0.008349999785423279,0.00431999983265996,0.020409999415278435,0.0,0.0,0.0,0.0,0.0,0.0,0.008849999867379665,0.001979999942705035,0.009610000066459179,0.0,0.0221599992364645,0.0,0.0,0.00019999999494757503,0.006459999829530716,0.0,0.0,0.01583999954164028,0.0,0.0,0.00989999994635582,0.0,0.0,0.0,0.0,0.021080000326037407,0.02127999998629093,0.0,0.0,0.0,0.0,0.0,0.009789999574422836,0.023019999265670776,0.009519999846816063,0.0,0.0,0.0,0.0],[0.00953999999910593,0.010200000368058681,0.00773000018671155,0.0,0.0,0.008559999987483025,0.0,0.008220000192523003,0.010110000148415565,0.0,0.0,0.0020600000862032175,0.0,0.0,0.0,0.0,0.009429999627172947,0.01931999996304512,0.0,0.0,0.0,0.0,0.0,0.004279999993741512,0.007910000160336494,0.0,0.005830000154674053,0.0,0.020269999280571938,0.0,0.0,0.01030999980866909,0.0,0.0,0.0,0.0,0.0,0.0,0.007720000110566616,0.0,0.007569999899715185,0.0,0.07535000145435333,0.0,0.0,0.0,0.007459999993443489,0.008179999887943268,0.029500000178813934,0.0],[0.0031799999997019768,0.0,0.00989999994635582,0.0,0.028599999845027924,0.0,0.0,0.0,0.0024399999529123306,0.00622999994084239,0.04791000112891197,0.0,0.018200000748038292,0.007060000207275152,0.07417000085115433,0.0,0.036090001463890076,0.0,0.0,0.0,0.0,0.0,0.00570000009611249,0.011490000411868095,0.0,0.0,0.0,0.0,0.0,0.06106000021100044,0.0,0.0,0.0,0.017319999635219574,0.0,0.0,0.043480001389980316,0.0,0.0,0.0,0.02019999921321869,0.01030999980866909,0.021390000358223915,0.05437999963760376,0.019050000235438347,0.00877000018954277,0.0,0.0,0.0,0.0291300006210804],[0.008410000242292881,0.011459999717772007,0.0019099999917671084,0.059140000492334366,0.0,0.03172999992966652,0.02116999961435795,0.026089999824762344,0.0,0.015949999913573265,0.05575999990105629,0.012249999679625034,0.0,0.04069000110030174,0.019209999591112137,0.0,0.0,0.01575000025331974,0.00139999995008111,0.0,0.0,0.0,0.0,0.0,0.0,0.011739999987185001,0.009039999917149544,0.01769999973475933,0.0,0.0,0.00989999994635582,0.007329999934881926,0.04123999923467636,0.0,0.003329999977722764,0.008980000391602516,0.0,0.0,0.010200000368058681,0.045049998909235,0.0,0.0,0.006169999949634075,0.0,0.0,0.0,0.010200000368058681,0.00839999970048666,0.0,0.0],[0.0,0.010990000329911709,0.0,0.0,0.009209999814629555,0.01090999972075224,0.0,0.040539998561143875,0.0,0.00913000013679266,0.014539999887347221,0.003920000046491623,0.0,0.0,0.0787699967622757,0.01624000072479248,0.0,0.02191000059247017,0.0,0.018869999796152115,0.019999999552965164,0.00013000000035390258,0.042169999331235886,0.0,0.0,0.009650000371038914,0.009709999896585941,0.0,0.03061000071465969,0.0,0.0,0.015990000218153,0.009429999627172947,0.0,0.0,0.0,0.022110000252723694,0.0,0.0,0.0,0.0,0.0,0.0,0.0,0.017000000923871994,0.0,0.007849999703466892,0.0,0.0,0.0],[0.025429999455809593,0.03418999910354614,0.019190000370144844,0.0,0.013880000449717045,0.05581999942660332,0.0,0.0,0.03771999850869179,0.0,0.0,0.0243500005453825,0.0,0.0,0.0,0.0,0.014220000244677067,0.0,0.0,0.028510000556707382,0.00901000015437603,0.0,0.0,0.0,0.0684100016951561,0.0,0.0,0.0,0.0,0.0,0.0,0.009259999729692936,0.0,0.0,0.0,0.01075000036507845,0.011800000444054604,0.035909999161958694,0.022760000079870224,0.009089999832212925,0.02785000018775463,0.008259999565780163,0.0040699997916817665,0.0012799999676644802,0.00925000011920929,0.0,0.047439999878406525,0.004110000096261501,0.02298000082373619,0.0]],