{"objective":7154.4814453125,"runtime":1.0,"usage_matrix":[[0.0,0.024369999766349792,0.0,0.04820999875664711,0.004730000160634518,0.0,0.0,0.013570000417530537,0.0,0.0,0.0,0.0,0.0,0.0,0.0,0.0,0.052080001682043076,0.0,0.0,0.0,0.0,0.0,0.01809000037610531,0.0,0.007960000075399876,0.0,0.0,0.0,0.04049000144004822,0.00839999970048666,0.0,0.0,0.0,0.0321200005710125,0.02085000090301037,0.0,0.0,0.0,0.0,0.0,0.03849999979138374,0.0,0.0,0.008670000359416008,0.0,0.016429999843239784,0.0,0.0,0.008700000122189522,0.0],[0.0035600000992417336,0.031870000064373016,0.0215000007301569,0.0,0.0,0.0,0.014050000347197056,0.005309999920427799,0.009709999896585941,0.0,0.028130000457167625,0.0,0.0006900000153109431,0.017160000279545784,0.008849999867379665,0.0,0.002749999985098839,0.0,0.00892999954521656,0.043960001319646835,0.0,0.0,0.008740000426769257,0.019770000129938126,0.0,0.021700000390410423,0.0,0.0,0.0,0.0,0.0,0.015320000238716602,0.0,0.0,0.0,0.009239999577403069,0.01030999980866909,0.0,0.010359999723732471,0.0,0.018389999866485596,0.0,0.0,0.006479999981820583,0.0,0.018540000542998314,0.0,0.01534000039100647,0.003220000071451068,0.01754000037908554],[0.0033599999733269215,0.0,0.0,0.033070001751184464,0.021050000563263893,0.0,0.0,0.0009800000116229057,0.0,0.035179998725652695,0.0011699999449774623,0.019050000235438347,0.0,0.0,0.007770000025629997,0.0,0.0,0.03525000065565109,0.0,0.0,0.017969999462366104,0.0,0.009170000441372395,0.0,0.0,0.0,0.0,0.03215000033378601,0.0086899995803833,0.0,0.0,0.0,0.029160000383853912,0.01075000036507845,0.00044999999227002263,0.011909999884665012,0.0,0.038830000907182693,0.010420000180602074,0.005119999870657921,0.0,0.0,0.0,0.0003699999942909926,0.03036000020802021,0.0,0.013159999623894691,0.009999999776482582,0.0,0.0],[0.0,0.019929999485611916,0.01075000036507845,0.0,0.029570000246167183,0.0,0.023649999871850014,0.0,0.02160000056028366,0.0,0.0,0.0,0.0,0.0,0.007890000008046627,0.0,0.010639999993145466,0.02718999981880188,0.0,0.0,0.0,0.0,0.0,0.021560000255703926,0.0,0.0,0.0,0.013489999808371067,0.0,0.010099999606609344,0.0,0.0,0.008320000022649765,0.0,0.0,0.0,0.010929999873042107,0.00892999954521656,0.0,0.016529999673366547,0.0,0.0,0.010929999873042107,0.0,0.006800000090152025,0.0,0.0,0.009089999832212925,0.009859999641776085,0.0],[0.13473999500274658,0.0,0.004720000084489584,0.016119999811053276,0.0,0.009709999896585941,0.0,0.0,0.0,0.0,0.03017999976873398,0.0,0.022190000861883163,0.0,0.02727000042796135,0.0,0.01988000050187111,0.0,0.01785999909043312,0.0,0.0,0.010180000215768814,0.0,0.0015999999595806003,0.0,0.007980000227689743,0.0,0.0,0.00031999999191612005,0.014879999682307243,0.0,0.006130000110715628,0.015010000206530094,0.04544999822974205,0.016820000484585762,0.0,0.0,0.0,0.0,0.01286999974399805,0.0,0.01030999980866909,0.0,0.017810000106692314,0.02053000032901764,0.03061000071465969,0.0,0.029410000890493393,0.010099999606609344,0.000019999999494757503],[0.005160000175237656,0.0,0.0,0.0,0.009399999864399433,0.0,0.0,0.007019999902695417,0.0,0.0,0.005849999841302633,0.011490000411868095,0.0,0.0,0.025210000574588776,0.012430000118911266,0.0,0.0,0.0,0.0,0.00009000000136438757,0.008849999867379665,0.009519999846816063,0.011959999799728394,0.027979999780654907,0.06815999746322632,0.0,0.0,0.0021899999119341373,0.0,0.0,0.017240000888705254,0.0,0.0,0.0,0.0,0.010420000180602074,0.0,0.0,0.0,0.0,0.0,0.019419999793171883,0.0,0.00041000000783242285,0.011830000206828117,0.0,0.0,0.009170000441372395,0.0],[0.018699999898672104,0.0,0.001230000052601099,0.0188400000333786,0.014820000156760216,0.02273000031709671,0.0,0.0,0.0,0.012790000066161156,0.0,0.0,0.0,0.0,0.0,0.0,0.0,0.0,0.0,0.017829999327659607,0.0,0.018379999324679375,0.0,0.0,0.006200000178068876,0.0036899999249726534,0.009709999896585941,0.0,0.0,0.0,0.009429999627172947,0.005260000005364418,0.008190000429749489,0.004530000034719706,0.0,0.0,0.0,0.01083999965339899,0.0,0.0,0.012539999559521675,0.0,0.0,0.0,0.006279999855905771,0.0,0.009519999846816063,0.009619999676942825,0.0,0.004089999943971634],[0.0,0.0,0.0,0.0,0.0,0.0,0.0,0.0,0.025200000032782555,0.0,0.024219999089837074,0.0,0.026350000873208046,0.012860000133514404,0.014460000209510326,0.0,0.0,0.030959999188780785,0.0,0.008469999767839909,0.0,0.0,0.0060800001956522465,0.0,0.017009999603033066,0.035259999334812164,0.0,0.0038499999791383743,0.013159999623894691,0.0,0.0064199999906122684,0.0,0.0,0.009349999949336052,0.010339999571442604,0.02686999924480915,0.0,0.028850000351667404,0.0,0.009800000116229057,0.0,0.00877000018954277,0.009569999761879444,0.0,0.02638000063598156,0.0,0.0,0.0,0.01817999966442585,0.04673000052571297],[0.0,0.009940000250935555,0.0020800000056624413,0.0,0.0,0.010420000180602074,0.010850000195205212,0.0,0.0002300000051036477,0.03260999917984009,0.019950000569224358,0.023469999432563782,0.0,0.02273000031709671,0.009999999776482582,0.0,0.014619999565184116,0.0,0.012129999697208405,0.004279999993741512,0.0013200000394135714,0.0,0.0,0.0,0.017389999702572823,0.0,0.010689999908208847,0.0,0.003809999907389283,0.0,0.0,0.01372000016272068,0.0,0.0,0.0,0.0,0.005499999970197678,0.0,0.0,0.010639999993145466,0.0,0.0,0.0,0.022029999643564224,0.0,0.0,0.011409999802708626,0.0,0.0,0.010660000145435333],[0.028179999440908432,0.0,0.0,0.018959999084472656,0.0063299997709691525,0.0,0.0,0.0,0.0,0.0,0.0,0.009329999797046185,0.0088900001719594,0.0,0.0,0.029239999130368233,0.025860000401735306,0.0,0.07842999696731567,0.0,0.0,0.000539999979082495,0.0,0.00559999980032444,0.0711200013756752,0.025450000539422035,0.009259999729692936,0.010449999943375587,0.008329999633133411,0.0,0.0,0.0,0.020989999175071716,0.023409999907016754,0.0,0.0,0.017389999702572823,0.01979999989271164,0.018789999186992645,0.011869999580085278,0.0,0.0,0.0,0.0,0.0,0.0018400000408291817,0.022220000624656677,0.0,0.0,0.006690000183880329]],