{"objective":9484.3837890625,"runtime":1.0,"usage_matrix":[[0.0,0.061810001730918884,0.0,0.011640000157058239,0.026319999247789383,0.022830000147223473,0.0,0.0,0.010200000368058681,0.0,0.0,0.0,0.0004600000102072954,0.0,0.014560000039637089,0.0,0.061250001192092896,0.011269999668002129,0.0,0.0,0.0,0.0,0.05555000156164169,0.0,0.009340000338852406,0.0,0.0,0.0,0.005439999978989363,0.030969999730587006,0.0,0.0,0.00892999954521656,0.0,0.02019999921321869,0.0,0.006579999811947346,0.02622999995946884,0.020409999415278435,0.0,0.0,0.0,0.008870000019669533,0.0,0.013509999960660934,0.0,0.0,0.0,0.0,0.0],[0.0,0.03849999979138374,0.0,0.0,0.0,0.0,0.0,0.0,0.02273000031709671,0.0,0.0,0.009800000116229057,0.03034999966621399,0.0,0.0,0.02384999953210354,0.0,0.0,0.0,0.0,0.0,0.0,0.008679999969899654,0.0,0.009999999776482582,0.0,0.0,0.01496999990195036,0.02549000084400177,0.0,0.010420000180602074,0.0,0.0,0.0,0.0,0.01566999964416027,0.0,0.0,0.009170000441372395,0.0,0.0,0.009180000051856041,0.0,0.0,0.007809999864548445,0.025299999862909317,0.0086899995803833,0.0,0.0,0.0],[0.09920000284910202,0.0,0.0,0.003109999932348728,0.0,0.04145999997854233,0.0,0.011140000075101852,0.0,0.0,0.0,0.0,0.0,0.0,0.0,0.0,0.0026599999982863665,0.0004900000058114529,0.01803000085055828,0.0,0.0,0.0,0.02703000046312809,0.0023399998899549246,0.020640000700950623,0.026089999824762344,0.0,0.05542000010609627,0.0,0.0,0.01979999989271164,0.0,0.0,0.0,0.00877000018954277,0.007530000060796738,0.0023399998899549246,0.03376000002026558,0.0,0.0035600000992417336,0.022199999541044235,0.0015200000489130616,0.0,0.0,0.010870000347495079,0.0,0.0,0.0,0.012360000051558018,0.010870000347495079],[0.0,0.0034799999557435513,0.0,0.008949999697506428,0.0,0.010160000063478947,0.009800000116229057,0.0,0.0,0.0,0.07047999650239944,0.005260000005364418,0.0,0.0004600000102072954,0.0,0.0,0.01066999975591898,0.0,0.0101500004529953,0.0,0.0,0.00892999954521656,0.0,0.0010000000474974513,0.0003600000054575503,0.00750999990850687,0.07853999733924866,0.0,0.0,0.0,0.0,0.0,0.0,0.019610000774264336,0.0,0.0,0.014530000276863575,0.0,0.0,0.0058200000785291195,0.0,0.0,0.0,0.03796999901533127,0.004279999993741512,0.0020600000862032175,0.0,0.0,0.0,0.0],[0.0,0.0,0.0,0.0,0.0,0.034779999405145645,0.0,0.0015999999595806003,0.0,0.06633999943733215,0.0,0.02500000037252903,0.0,0.01600000075995922,0.0,0.001180000021122396,0.009259999729692936,0.0,0.0032999999821186066,0.0,0.006750000175088644,0.011149999685585499,0.0010900000343099236,0.0369499996304512,0.0,0.0,0.0,0.013319999910891056,0.019130000844597816,0.016540000215172768,0.02019999921321869,0.03488000109791756,0.0,0.009340000338852406,0.0,0.009150000289082527,0.0,0.0,0.029410000890493393,0.004889999981969595,0.010089999996125698,0.012149999849498272,0.022430000826716423,0.0681999996304512,0.0,0.0,0.0,0.0,0.011760000139474869,0.0],[0.03553999960422516,0.0,0.011629999615252018,0.0,0.0,0.014360000379383564,0.0,0.0,0.0,0.0,0.061080001294612885,0.0,0.0,0.0,0.04202000051736832,0.0,0.01923999935388565,0.008910000324249268,0.020409999415278435,0.0,0.0,0.0,0.01030999980866909,0.0,0.0,0.037039998918771744,0.0,0.0,0.0,0.0,0.04777999967336655,0.0,0.0,0.0,0.0,0.013749999925494194,0.0,0.0,0.00343999988399446,0.009519999846816063,0.0,0.0,0.00851999968290329,0.08279000222682953,0.009429999627172947,0.0,0.0,0.036729998886585236,0.009399999864399433,0.05000000074505806],[0.046709999442100525,0.0,0.021080000326037407,0.0,0.01281999982893467,0.0,0.0,0.0,0.0,0.0,0.09837000072002411,0.019419999793171883,0.0,0.016100000590085983,0.0,0.010990000329911709,0.0,0.011850000359117985,0.010529999621212482,0.00039999998989515007,0.0,0.0,0.025930000469088554,0.0008900000248104334,0.0,0.0,0.0,0.04094000160694122,0.0,0.0,0.012430000118911266,0.0,0.0,0.010099999606609344,0.0,0.004350000061094761,0.04309999942779541,0.0,0.0,0.0,0.021810000762343407,0.0,0.0,0.03537999838590622,0.0,0.0,0.0,0.006279999855905771,0.017750000581145287,0.0],[0.0,0.0,0.018689999356865883,0.001930000027641654,0.0,0.0,0.0,0.0,0.0,0.0,0.0028800000436604023,0.0,0.0,0.0,0.0051299999468028545,0.028219999745488167,0.0,0.0,0.02020999975502491,0.026799999177455902,0.0,0.00800000037997961,0.005779999773949385,0.0,0.0,0.0,0.07878000289201736,0.0,0.02501000091433525,0.0,0.014039999805390835,0.0,0.0,0.0,0.0,0.0,0.0,0.0,0.012500000186264515,0.012149999849498272,0.009080000221729279,0.0,0.003530000103637576,0.0,0.015130000188946724,0.0036899999249726534,0.009440000168979168,0.0,0.0,0.0],[0.005150000099092722,0.0,0.013340000063180923,0.010160000063478947,0.0,0.00989999994635582,0.009619999676942825,0.06174999848008156,0.0,0.048510000109672546,0.027070000767707825,0.0,0.0,0.004939999897032976,0.0,0.0,0.0,0.02687999978661537,0.010219999589025974,0.0,0.033580001443624496,0.019419999793171883,0.0,0.00860000029206276,0.006769999861717224,0.023809999227523804,0.05037999898195267,0.0,0.0015999999595806003,0.0,0.0,0.0,0.005179999861866236,0.009800000116229057,0.010780000127851963,0.03959999978542328,0.0,0.0,0.00839999970048666,0.0,0.0,0.0,0.0,0.0,0.0,0.0076500000432133675,0.009429999627172947,0.0,0.028699999675154686,0.0],[0.0,0.01278000045567751,0.01817999966442585,0.009800000116229057,0.002730000065639615,0.0,0.011110000312328339,0.0,0.009619999676942825,0.0,0.0,0.00877000018954277,0.0,0.0049600000493228436,0.020109999924898148,0.0,0.03367999941110611,0.0,0.005260000005364418,0.0,0.0,0.00892999954521656,0.015329999849200249,0.016589999198913574,0.011389999650418758,0.0,0.07540000230073929,0.0016700000269338489,0.024129999801516533,0.0,0.0,0.022110000252723694,0.0066200001165270805,0.0,0.0,0.029410000890493393,0.0,0.0,0.0,0.0,0.04927000030875206,0.0,0.005869999993592501,0.0,0.0,0.01486000046133995,0.007360000163316727,0.0,0.010110000148415565,0.0]],