{"objective":9299.3310546875,"runtime":1.0,"usage_matrix":[[0.0,0.009089999832212925,0.0,0.00901000015437603,0.0,0.0,0.0,0.0,0.01075000036507845,0.0,0.0,0.0,0.004370000213384628,0.011730000376701355,0.0,0.0,0.02751999907195568,0.04634999856352806,0.018519999459385872,0.0015200000489130616,0.020829999819397926,0.008550000376999378,0.013659999705851078,0.0,0.0,0.011830000206828117,0.02094000019133091,0.01785999909043312,0.0,0.0,0.0,0.009429999627172947,0.00546000013127923,0.013700000010430813,0.006940000224858522,0.0,0.020409999415278435,0.010160000063478947,0.0,0.0,0.0,0.0,0.0,0.017720000818371773,0.0075599998235702515,0.01817999966442585,0.0,0.03158000111579895,0.010099999606609344,0.03846000134944916],[0.0,0.010420000180602074,0.011239999905228615,0.009259999729692936,0.039480000734329224,0.0,0.0,0.0,0.0,0.0,0.018139999359846115,0.01075000036507845,0.012470000423491001,0.0,0.0,0.002570000011473894,0.0,0.0,0.019610000774264336,0.0,0.013849999755620956,0.0,0.0,0.027160000056028366,0.0,0.0,0.0,0.018869999796152115,0.0,0.0,0.0,0.0,0.0003600000054575503,0.0,0.0,0.0,0.0,0.0,0.0,0.04170000180602074,0.0,0.0,0.0,0.0,0.00875999964773655,0.0,0.01754000037908554,0.0,0.0,0.0],[0.025620000436902046,0.009170000441372395,0.003710000077262521,0.0,0.0,0.04503000155091286,0.03680000081658363,0.00033000000985339284,0.0,0.0,0.0,0.011110000312328339,0.0,0.0,0.020829999819397926,0.09064999967813492,0.0,0.0,0.0,0.0,0.018530000001192093,0.021730000153183937,0.022770000621676445,0.0,0.010529999621212482,0.0,0.0,0.02744000032544136,0.0,0.0038499999791383743,0.011239999905228615,0.0,0.04639999940991402,0.05308999866247177,0.0,0.03455999866127968,0.0,0.0,0.0,0.0,0.0,0.0,0.009519999846816063,0.003389999968931079,0.007180000189691782,0.0,0.0016700000269338489,0.0,0.010169999673962593,0.01834999956190586],[0.06606999784708023,0.0,0.005969999823719263,0.0,0.0,0.04743000119924545,0.0,0.0,0.0,0.0,0.030640000477433205,0.009519999846816063,0.0,0.010200000368058681,0.0,0.0,0.004389999900013208,0.0,0.0,0.0,0.009619999676942825,0.020320000126957893,0.0,0.01721999980509281,0.0,0.006639999803155661,0.011629999615252018,0.004019999876618385,0.0254100002348423,0.0,0.0,0.010870000347495079,0.0,0.013790000230073929,0.04089000076055527,0.0,0.0,0.019430000334978104,0.0,0.0,0.020600000396370888,0.00877000018954277,0.0,0.029009999707341194,0.006010000128298998,0.0,0.009800000116229057,0.0,0.0,0.010990000329911709],[0.029170000925660133,0.0,0.004509999882429838,0.0,0.0,0.0021100000012665987,0.0,0.01128000020980835,0.0,0.005119999870657921,0.0,0.020409999415278435,0.0,0.0,0.0,0.03187999874353409,0.010940000414848328,0.00827999971807003,0.004459999967366457,0.0,0.0,0.008320000022649765,0.039400000125169754,0.0,0.016669999808073044,0.019440000876784325,0.0,0.01882999949157238,0.0828699991106987,0.07096999883651733,0.017090000212192535,0.0,0.014739999547600746,0.0,0.03528999909758568,0.011730000376701355,0.0,0.0384799987077713,0.0,0.0,0.0038999998942017555,0.01075000036507845,0.029410000890493393,0.0,0.0,0.0,0.009259999729692936,0.01769999973475933,0.0,0.0],[0.0,0.0,0.003700000001117587,0.0,0.005189999938011169,0.010350000113248825,0.0,0.0,0.0,0.00046999999904073775,0.005739999935030937,0.011359999887645245,0.007329999934881926,0.0,0.009619999676942825,0.0,0.0,0.0,0.008849999867379665,0.0,0.018290000036358833,0.0,0.0,0.0,0.0,0.0017099999822676182,0.0,0.029999999329447746,0.0,0.0,0.0,0.009999999776482582,0.02019999921321869,0.04777999967336655,0.0,0.004610000178217888,0.009089999832212925,0.0,0.028039999306201935,0.0,0.025340000167489052,0.008620000444352627,0.01116000022739172,0.0,0.030559999868273735,0.0,0.0065899998880922794,0.0386199988424778,0.016259999945759773,0.0],[0.0,0.0,0.0,0.0,0.0,0.01703999936580658,0.0,0.0,0.08072999864816666,0.0,0.02092999964952469,0.05147000029683113,0.020059999078512192,0.0,0.0,0.0,0.02563999965786934,0.0,0.0,0.0,0.0,0.005049999803304672,0.02548000030219555,0.0,0.0,0.0,0.0,0.00215000007301569,0.0,0.004879999905824661,0.009619999676942825,0.03158000111579895,0.009340000338852406,0.05803000181913376,0.01795000024139881,0.0,0.03361000120639801,0.02850000001490116,0.0,0.0,0.0,0.0,0.0,0.0,0.0,0.0,0.0,0.009619999676942825,0.0,0.0],[0.02735999971628189,0.0,0.03815000131726265,0.02019999921321869,0.0,0.01131999958306551,0.0,0.008129999972879887,0.0,0.024650000035762787,0.0007999999797903001,0.010099999606609344,0.0020099999383091927,0.028300000354647636,0.0,0.0,0.0,0.0,0.0,0.0,0.0,0.02727000042796135,0.0,0.006750000175088644,0.010940000414848328,0.0,0.011760000139474869,0.009239999577403069,0.04529000073671341,0.0,0.019610000774264336,0.01923000067472458,0.027869999408721924,0.0,0.014379999600350857,0.0,0.00791999977082014,0.011979999952018261,0.0,0.0,0.0016400000313296914,0.0,0.0,0.006920000072568655,0.006670000031590462,0.01817999966442585,0.04521000012755394,0.009999999776482582,0.0,0.0],[0.0,0.0,0.0,0.0044200001284480095,0.0065100002102553844,0.012360000051558018,0.009800000116229057,0.009069999679923058,0.010200000368058681,0.0,0.04303999990224838,0.0,0.0,0.0,0.0,0.0,0.0,0.00686000008136034,0.0,0.0,0.03198999911546707,0.0,0.0,0.0,0.0195700004696846,0.0,0.0,0.009180000051856041,0.0,0.030400000512599945,0.0,0.00039999998989515007,0.0,0.0,0.0,0.0,0.0,0.0,0.0,0.07827000319957733,0.0,0.0,0.0,0.005059999879449606,0.0,0.030409999191761017,0.0,0.007780000101774931,0.0,0.0],[0.0,0.01075000036507845,0.0,0.009619999676942825,0.025869999080896378,0.0,0.00880999956279993,0.0,0.010379999876022339,0.0737299993634224,0.0013599999947473407,0.005280000157654285,0.0,0.0,0.009519999846816063,0.0,0.01413000002503395,0.0,0.009709999896585941,0.009089999832212925,0.021129999309778214,0.001339999958872795,0.0,0.0,0.0,0.0,0.0,0.0,0.11230000108480453,0.0,0.0,0.0,0.0013699999544769526,0.0481100007891655,0.0,0.014820000156760216,0.029999999329447746,0.013419999741017818,0.01030999980866909,0.0,0.0,0.0,0.0289900004863739,0.01205000001937151,0.010479999706149101,0.029410000890493393,0.00018000000272877514,0.0,0.020409999415278435,0.0]],