{"objective":9137.3486328125,"runtime":1.0,"usage_matrix":[[0.00395999988541007,0.003160000080242753,0.0037299999967217445,0.024790000170469284,0.022989999502897263,0.0,0.0,0.014940000139176846,0.005570000037550926,0.009089999832212925,0.0,0.0,0.01834999956190586,0.02019999921321869,0.0,0.0,0.0,0.009700000286102295,0.0,0.009170000441372395,0.003000000026077032,0.0004900000058114529,0.0028699999675154686,0.0,0.0,0.03999999910593033,0.0,0.02127999998629093,0.0,0.009519999846816063,0.07158999890089035,0.008550000376999378,0.01090999972075224,0.0,0.01931999996304512,0.0,0.0,0.014259999617934227,0.0,0.0,0.004999999888241291,0.03297000005841255,0.020659999921917915,0.03818000108003616,0.00571999978274107,0.021980000659823418,0.0,0.011900000274181366,0.0,0.0],[0.0,0.0,0.0,0.0,0.009170000441372395,0.0,0.0,0.030939999967813492,0.009929999709129333,0.019419999793171883,0.019509999081492424,0.02246999926865101,0.0,0.02556999959051609,0.0,0.0012199999764561653,0.0,0.004310000222176313,0.05372000113129616,0.004209999926388264,0.0,0.07525999844074249,0.0,0.00989999994635582,0.0,0.0,0.04777999967336655,0.0,0.0,0.0,0.0,0.0,0.0030499999411404133,0.0,0.0,0.0,0.0,0.0,0.0,0.019419999793171883,0.0,0.05623999983072281,0.007110000122338533,0.0,0.0006300000241026282,0.0,0.015440000221133232,0.0,0.008659999817609787,0.037379998713731766],[0.0,0.0,0.007969999685883522,0.0,0.008539999835193157,0.0023399998899549246,0.008729999884963036,0.0,0.0,0.0,0.0,0.0,0.0,0.0,0.0,0.04360999912023544,0.0,0.010099999606609344,0.0076500000432133675,0.021980000659823418,0.003470000112429261,0.007259999867528677,0.046939998865127563,0.0,0.008919999934732914,0.0,0.037450000643730164,0.0,0.0,0.029109999537467957,0.014139999635517597,0.0,0.0,0.0,0.02127999998629093,0.011900000274181366,0.009259999729692936,0.0,0.0,0.0,0.00827999971807003,0.0,0.009700000286102295,0.010470000095665455,0.0,0.0,0.009960000403225422,0.011239999905228615,0.0,0.0],[0.0,0.0,0.0,0.0008500000112690032,0.007770000025629997,0.0,0.0,0.0,0.0,0.0,0.005330000072717667,0.0,0.017170000821352005,0.0,0.0400100015103817,0.0,0.0,0.0,0.0291300006210804,0.0,0.0,0.04253999888896942,0.0,0.0,0.0,0.0,0.04585999995470047,0.0,0.0,0.0,0.0,0.0,0.0,0.0,0.0,0.0,0.0,0.0,0.014089999720454216,0.0,0.0,0.003949999809265137,0.02094000019133091,0.0049299998208880424,0.0,0.0,0.004800000227987766,0.009800000116229057,0.024390000849962234,0.0],[0.0,0.014159999787807465,0.006320000160485506,0.010420000180602074,0.0,0.08776000142097473,0.0,0.0,0.015560000203549862,0.010420000180602074,0.0,0.04611999914050102,0.0,0.0,0.0,0.03125,0.0,0.014340000227093697,0.0,0.028470000252127647,0.0,0.0,0.0,0.0,0.013790000230073929,0.0,0.0,0.0,0.09950999915599823,0.00622999994084239,0.02280000038444996,0.0,0.01761999912559986,0.0,0.0,0.0,0.0,0.0,0.012590000405907631,0.009999999776482582,0.0,0.0,0.017969999462366104,0.022339999675750732,0.019050000235438347,0.0,0.0,0.007400000002235174,0.0,0.028599999845027924],[0.0,0.0,0.010929999873042107,0.0,0.01923000067472458,0.0,0.018869999796152115,0.0003000000142492354,0.0,0.0,0.017230000346899033,0.009399999864399433,0.0,0.04357000067830086,0.0963200032711029,0.0,0.0,0.0,0.0,0.01979999989271164,0.0,0.000590000010561198,0.002739999908953905,0.010420000180602074,0.03558000177145004,0.0,0.0,0.0,0.002050000010058284,0.009349999949336052,0.00749000022187829,0.0,0.018200000748038292,0.024769999086856842,0.006610000040382147,0.0,0.008849999867379665,0.033980000764131546,0.01817999966442585,0.0,0.02725999988615513,0.0,0.0,0.0,0.009329999797046185,0.0,0.0,0.010420000180602074,0.0,0.0],[0.0,0.0,0.0,0.0,0.004889999981969595,0.05014999955892563,0.0,0.0,0.008609999902546406,0.009089999832212925,0.0,0.01776999980211258,0.0,0.0,0.01843000017106533,0.0,0.0,0.00430000014603138,0.0,0.0,0.0,0.0,0.0,0.0,0.0,0.003869999898597598,0.0,0.0,0.0,0.0,0.0,0.0,0.0017800000496208668,0.060839999467134476,0.0,0.0,0.0,0.017820000648498535,0.01785999909043312,0.0,0.0,0.0,0.0,0.0,0.0,0.0,0.0,0.0,0.024560000747442245,0.0],[0.0,0.019540000706911087,0.016850000247359276,0.0013599999947473407,0.0,0.025590000674128532,0.009270000271499157,0.0,0.0,0.00989999994635582,0.0,0.0,0.00860000029206276,0.0,0.0,0.003449999960139394,0.03092999942600727,0.0,0.03328000009059906,0.0,0.0154600003734231,0.0,0.010099999606609344,0.0,0.0,0.009429999627172947,0.0,0.0195700004696846,0.0,0.021980000659823418,0.0,0.0,0.031209999695420265,0.033229999244213104,0.0,0.010420000180602074,0.0,0.000910000002477318,0.03999999910593033,0.024390000849962234,0.0,0.0,0.0,0.01706000044941902,0.0,0.009270000271499157,0.04332000017166138,0.0,0.02061999961733818,0.015860000625252724],[0.01508999988436699,0.0,0.015440000221133232,0.0,0.0,0.0,0.0,0.03522999957203865,0.028839999809861183,0.0,0.010619999840855598,0.0044200001284480095,0.0,0.00901000015437603,0.006279999855905771,0.0,0.02353000082075596,0.004980000201612711,0.0,0.0,0.0037700000684708357,0.0,0.0010400000028312206,0.0,0.033250000327825546,0.0,0.0,0.0,0.03407000005245209,0.010420000180602074,0.02532999962568283,0.011110000312328339,0.0,0.0,0.009429999627172947,0.0,0.02019999921321869,0.025119999423623085,0.022220000624656677,0.0,0.0,0.0026000000070780516,0.0,0.0,0.0,0.009999999776482582,0.02353000082075596,0.0,0.00827999971807003,0.02127999998629093],[0.0,0.015209999866783619,0.0,0.010639999993145466,0.0,0.04399000108242035,0.01075000036507845,0.0,0.0,0.009170000441372395,0.009460000321269035,0.0,0.0,0.0,0.00803999975323677,0.0,0.0,0.005570000037550926,0.007420000154525042,0.00989999994635582,0.0,0.023310000076889992,0.0008500000112690032,0.0,0.012179999612271786,0.009859999641776085,0.0,0.0,0.00171999994199723,0.005049999803304672,0.0,0.024229999631643295,0.0006300000241026282,0.0,0.01979999989271164,0.0,0.0,0.0,0.014360000379383564,0.0,0.0,0.0,0.0,0.0,0.017969999462366104,0.0,0.02848999947309494,0.0,0.0,0.0]],