{"objective":8002.17041015625,"runtime":1.0,"usage_matrix":[[0.04659999907016754,0.09995999932289124,0.0,0.09694000333547592,0.0,0.0,0.003700000001117587,0.003329999977722764,0.0,0.0,0.01281999982893467,0.03370999917387962,0.014809999614953995,0.03691999986767769,0.0,0.0,0.01348000019788742,0.0,0.0,0.0,0.0,0.0,0.0,0.0,0.0,0.011049999855458736,0.01360000018030405,0.0,0.01565999910235405,0.0,0.0,0.0,0.012659999541938305,0.004569999873638153,0.0,0.0,0.0013000000035390258,0.011359999887645245,0.009390000253915787,0.0,0.0,0.009750000201165676,0.0044200001284480095,0.02019999921321869,0.03181000053882599,0.0,0.0,0.009800000116229057,0.0,0.0],[0.0,0.0,0.0,0.0,0.0,0.01498000044375658,0.0,0.0,0.0,0.0,0.0,0.004769999999552965,0.0,0.03260999917984009,0.0,0.009170000441372395,0.007170000113546848,0.021050000563263893,0.008469999767839909,0.05200999975204468,0.03409000113606453,0.0,0.031849998980760574,0.0,0.0,0.0,0.0028299998957663774,0.0,0.03474000096321106,0.008070000447332859,0.0,0.008270000107586384,0.04131999984383583,0.007739999797195196,0.016899999231100082,0.0529399998486042,0.019999999552965164,0.0,0.0008099999977275729,0.0,0.007679999805986881,0.0,0.008500000461935997,0.0,0.0,0.0,0.0,0.020829999819397926,0.0,0.009150000289082527],[0.006039999891072512,0.006169999949634075,0.0,0.06398999691009521,0.03655000030994415,0.00824000034481287,0.014089999720454216,0.023180000483989716,0.007259999867528677,0.0,0.0,0.0,0.0,0.0,0.025960000231862068,0.0,0.0,0.0,0.012199999764561653,0.014010000042617321,0.0,0.0,0.0,0.0,0.009800000116229057,0.0,0.01140000019222498,0.0,0.0,0.0,0.009429999627172947,0.0,0.019419999793171883,0.0,0.02353000082075596,0.0,0.0,0.0,0.009080000221729279,0.007420000154525042,0.0,0.0,0.01075000036507845,0.0,0.012210000306367874,0.02563999965786934,0.0558600015938282,0.0,0.009429999627172947,0.009519999846816063],[0.0,0.009730000048875809,0.0,0.0,0.0,0.010420000180602074,0.0,0.008009999990463257,0.0,0.0,0.0,0.010420000180602074,0.0,0.0,0.0004199999966658652,0.02020999975502491,0.0,0.0,0.01030999980866909,0.021959999576210976,0.0,0.0,0.0,0.0031300000846385956,0.0,0.010099999606609344,0.0009299999801442027,0.007309999782592058,0.0044200001284480095,0.025510000064969063,0.021379999816417694,0.0,0.0,0.008700000122189522,0.0086899995803833,0.0,0.0007300000288523734,0.01776999980211258,0.0,0.0193099994212389,0.0,0.0,0.0,0.038830000907182693,0.0,0.0,0.0,0.010529999621212482,0.0,0.0],[0.0,0.006639999803155661,0.03238999843597412,0.0,0.026920000091195107,0.0,0.0007399999885819852,0.0,0.003599999938160181,0.02687999978661537,0.03846000134944916,0.022199999541044235,0.0,0.004209999926388264,0.03500000014901161,0.0,0.00033000000985339284,0.0,0.0,0.006089999806135893,0.0,0.00989999994635582,0.02061999961733818,0.0368800014257431,0.014510000124573708,0.012559999711811543,0.008329999633133411,0.0,0.0,0.019220000132918358,0.01205000001937151,0.007309999782592058,0.0,0.0,0.0,0.023989999666810036,0.010200000368058681,0.025210000574588776,0.03822999820113182,0.0,0.0,0.0631600022315979,0.0,0.0,0.013380000367760658,0.0,0.009440000168979168,0.0,0.015629999339580536,0.00395999988541007],[0.0,0.0,0.010200000368058681,0.0,0.020360000431537628,0.009519999846816063,0.004889999981969595,0.03162999823689461,0.11052999645471573,0.0,0.007379999849945307,0.00786999985575676,0.0,0.0,0.0,0.0,0.0038799999747425318,0.0,0.03158000111579895,0.017410000786185265,0.0,0.0,0.013489999808371067,0.0,0.0,0.0,0.010970000177621841,0.008799999952316284,0.0014600000577047467,0.0,0.0,0.0,0.0,0.0,0.0,0.01776999980211258,0.0,0.010639999993145466,0.0,0.004220000002533197,0.011359999887645245,0.0,0.005379999987781048,0.0,0.001069999998435378,0.0,0.0,0.007499999832361937,0.02061999961733818,0.012199999764561653],[0.0,0.0,0.0,0.0,0.0,0.015790000557899475,0.000750000006519258,0.0,0.11800999939441681,0.0,0.0,0.0,0.020409999415278435,0.0,0.0,0.0,0.02572000026702881,0.019419999793171883,0.0,0.014299999922513962,0.0,0.0,0.0,0.0,0.023080000653862953,0.0,0.00015999999595806003,0.0,0.0,0.0,0.0,0.018120000138878822,0.008849999867379665,0.0,0.0,0.031279999762773514,0.052629999816417694,0.0,0.0,0.0,0.0,0.0,0.0013500000350177288,0.0,0.018370000645518303,0.006570000201463699,0.0,0.0,0.02928999997675419,0.006240000016987324],[0.0,0.0,0.008779999800026417,0.0,0.0,0.007579999975860119,0.0018899999558925629,0.001879999996162951,0.03866000100970268,0.0,0.0,0.0,0.022749999538064003,0.0,0.0,0.0,0.010990000329911709,0.0,0.0,0.04952999949455261,0.01844000071287155,0.0,0.014010000042617321,0.0,0.0,0.008750000037252903,0.04481999948620796,0.065420001745224,0.0,0.02597999945282936,0.00877000018954277,0.0,0.009519999846816063,0.016950000077486038,0.0,0.0,0.01075000036507845,0.0,0.0,0.002460000105202198,0.009999999776482582,0.0,0.0,0.0,0.039239998906850815,0.008379999548196793,0.009150000289082527,0.0,0.0,0.010420000180602074],[0.0,0.0,0.0,0.0,0.0,0.0,0.04473999887704849,0.0038499999791383743,0.0,0.0,0.0,0.01030999980866909,0.0,0.035670001059770584,0.0363599993288517,0.0,0.0,0.0,0.0,0.0,0.021449999883770943,0.01779000088572502,0.0,0.09324000030755997,0.0,0.0,0.0,0.0,0.0,0.013089999556541443,0.0,0.0221599992364645,0.0,0.009399999864399433,0.0,0.0032399999909102917,0.023250000551342964,0.0,0.0,0.0,0.027899999171495438,0.020020000636577606,0.0,0.0,0.02751000039279461,0.0,0.0,0.0,0.0,0.0],[0.04075000062584877,0.01624000072479248,0.0,0.0,0.0,0.011979999952018261,0.02387000061571598,0.00839999970048666,0.0,0.0,0.0,0.003710000077262521,0.010099999606609344,0.007280000019818544,0.0028800000436604023,0.0,0.0,0.01802000030875206,0.0,0.0,0.0,0.017570000141859055,0.019999999552965164,0.0,0.007269999943673611,0.0,0.0,0.0,0.02143000066280365,0.0,0.0,0.0,0.0,0.010200000368058681,0.0,0.0,0.0,0.0,0.0,0.034619998186826706,0.00824000034481287,0.0,0.004730000160634518,0.009569999761879444,0.0,0.0,0.0,0.0,0.048590000718832016,0.019999999552965164]],