{"objective":6653.00537109375,"runtime":1.0,"usage_matrix":[[0.0,0.007619999814778566,0.0076299998909235,0.0,0.0,0.007790000177919865,0.0,0.0,0.0014299999456852674,0.03846000134944916,0.018869999796152115,0.011359999887645245,0.0,0.0,0.003389999968931079,0.021199999377131462,0.0,0.0,0.0,0.00877000018954277,0.0,0.0,0.01355000026524067,0.0,0.02094000019133091,0.0,0.0,0.0,0.0,0.02019999921321869,0.009519999846816063,0.009089999832212925,0.018939999863505363,0.0,0.005810000002384186,0.0,0.0,0.0,0.020099999383091927,0.055720001459121704,0.01834999956190586,0.028039999306201935,0.012389999814331532,0.0,0.0,0.0182499997317791,0.0,0.0,0.0,0.0],[0.0,0.0,0.022220000624656677,0.0015399999683722854,0.01131999958306551,0.0,0.0,0.004679999779909849,0.0,0.000009999999747378752,0.0004400000034365803,0.02047000080347061,0.010420000180602074,0.01744999922811985,0.00007999999797903001,0.0,0.01680999994277954,0.014349999837577343,0.0,0.01104000024497509,0.0,0.0021299999207258224,0.018929999321699142,0.0,0.01978999935090542,0.0,0.007790000177919865,0.0,0.016259999945759773,0.011900000274181366,0.005799999926239252,0.0,0.0,0.0,0.0,0.0,0.026489999145269394,0.0,0.0,0.03982999920845032,0.009089999832212925,0.0,0.0009899999713525176,0.0,0.01496999990195036,0.0,0.06134999915957451,0.019610000774264336,0.009709999896585941,0.00901000015437603],[0.0920799970626831,0.0,0.08053000271320343,0.015769999474287033,0.010420000180602074,0.0,0.0,0.0,0.0,0.0,0.0,0.0,0.0,0.001120000029914081,0.010529999621212482,0.0,0.0,0.028780000284314156,0.010529999621212482,0.0,0.015569999814033508,0.0,0.0024300001095980406,0.006279999855905771,0.007569999899715185,0.0,0.0,0.0,0.014619999565184116,0.0544699989259243,0.0,0.00798999983817339,0.0,0.0,0.006260000169277191,0.008550000376999378,0.0,0.009170000441372395,0.014539999887347221,0.0,0.0,0.0,0.009549999609589577,0.0,0.0,0.0,0.0,0.0,0.0,0.009089999832212925],[0.029270000755786896,0.0,0.0,0.0017000000225380063,0.0,0.0,0.0,0.0685499981045723,0.006719999946653843,0.0,0.0,0.011490000411868095,0.0,0.0010600000387057662,0.012160000391304493,0.0,0.009170000441372395,0.0,0.013380000367760658,0.0007600000244565308,0.017999999225139618,0.0354899987578392,0.0,0.0,0.006370000075548887,0.009349999949336052,0.0,0.0,0.0025500000920146704,0.0,0.01310999970883131,0.0,0.03294999897480011,0.0,0.0,0.0,0.0,0.009870000183582306,0.0007600000244565308,0.0,0.0,0.0,0.0,0.0,0.05528999865055084,0.0,0.041439998894929886,0.0,0.0,0.010529999621212482],[0.0,0.009770000353455544,0.030649999156594276,0.030300000682473183,0.0,0.0007300000288523734,0.0,0.02483999915421009,0.0026199999265372753,0.0,0.09675999730825424,0.0,0.0,0.0463699996471405,0.004809999838471413,0.005410000216215849,0.0,0.0,0.01679999940097332,0.027950000017881393,0.0,0.011500000022351742,0.0,0.0,0.0,0.0,0.019500000402331352,0.0,0.0010600000387057662,0.0,0.021980000659823418,0.0,0.0,0.041669998317956924,0.00044999999227002263,0.008700000122189522,0.019999999552965164,0.0017399999778717756,0.055629998445510864,0.0,0.0,0.0,0.020829999819397926,0.020179999992251396,0.0,0.005429999902844429,0.0,0.009170000441372395,0.0,0.0],[0.014279999770224094,0.01730000041425228,0.0,0.0,0.0,0.014539999887347221,0.028270000591874123,0.0,0.0,0.0,0.01947999931871891,0.004410000052303076,0.016130000352859497,0.0,0.0,0.0,0.03142999857664108,0.013170000165700912,0.0002300000051036477,0.003289999905973673,0.007829999551177025,0.0,0.0,0.0,0.0,0.010639999993145466,0.00887999963015318,0.0,0.0009599999757483602,0.009519999846816063,0.0,0.0177800003439188,0.0,0.0,0.007809999864548445,0.009349999949336052,0.0,0.0,0.0,0.0,0.0088900001719594,0.025839999318122864,0.010870000347495079,0.0,0.0,0.0,0.040389999747276306,0.012040000408887863,0.0,0.0],[0.0,0.0,0.02457999996840954,0.0,0.026240000501275063,0.00011000000085914508,0.0,0.0,0.0,0.0,0.0,0.011749999597668648,0.0,0.0,0.020810000598430634,0.03162999823689461,0.0,0.009709999896585941,0.0,0.01802000030875206,0.007209999952465296,0.0,0.010619999840855598,0.0,0.0,0.0,0.0,0.0,0.0,0.0,0.011629999615252018,0.023499999195337296,0.0,0.01979999989271164,0.013779999688267708,0.0,0.009150000289082527,0.0,0.0,0.0,0.009800000116229057,0.0,0.01875999942421913,0.012489999644458294,0.0,0.022019999101758003,0.01408000010997057,0.0,0.0,0.008980000391602516],[0.0056500001810491085,0.0,0.0,0.03513000160455704,0.0,0.026419999077916145,0.009999999776482582,0.0,0.01744000054895878,0.010099999606609344,0.0,0.032260000705718994,0.0,0.026799999177455902,0.0,0.0,0.009429999627172947,0.001129999989643693,0.033330000936985016,0.0,0.03409000113606453,0.018869999796152115,0.0,0.05127999931573868,0.0,0.0,0.012810000218451023,0.037390001118183136,0.0,0.006920000072568655,0.0,0.013980000279843807,0.017500000074505806,0.0,0.028300000354647636,0.0,0.009709999896585941,0.04797999933362007,0.0,0.0,0.0,0.0,0.01489999983459711,0.0024300001095980406,0.03805999830365181,0.0035500000230968,0.0,0.0,0.011239999905228615,0.0],[0.0003000000142492354,0.004310000222176313,0.0,0.0,0.0,0.0023799999617040157,0.0,0.0,0.0,0.0,0.0,0.008329999633133411,0.01496999990195036,0.007000000216066837,0.023660000413656235,0.0,0.0,0.0,0.009999999776482582,0.004939999897032976,0.0,0.005539999809116125,0.0,0.05195000022649765,0.0,0.0,0.06114000082015991,0.025750000029802322,0.0058200000785291195,0.0,0.012199999764561653,0.009709999896585941,0.011269999668002129,0.0,0.0,0.019999999552965164,0.025919999927282333,0.0,0.02556000091135502,0.02703000046312809,0.0,0.0,0.0,0.026240000501275063,0.005119999870657921,0.0076500000432133675,0.0,0.00989999994635582,0.038830000907182693,0.0],[0.09092000126838684,0.0,0.003700000001117587,0.0,0.020390000194311142,0.0,0.02102000080049038,0.0,0.0,0.010379999876022339,0.0,0.009050000458955765,0.019610000774264336,0.03813000023365021,0.0,0.0,0.00406000018119812,0.0,0.011029999703168869,0.0,0.02469000034034252,0.011230000294744968,0.010730000212788582,0.026850000023841858,0.0,0.009800000116229057,0.03116000071167946,0.0,0.0,0.0,0.010639999993145466,0.004720000084489584,0.0,0.0,0.0,0.0,0.0,0.0,0.0,0.0,0.0,0.004769999999552965,0.0,0.011110000312328339,0.0,0.02384999953210354,0.0,0.0,0.0,0.0]],