{"objective":9149.59375,"runtime":1.0,"usage_matrix":[[0.07368999719619751,0.0,0.0027199999894946814,0.006440000142902136,0.022989999502897263,0.0,0.0,0.009060000069439411,0.017400000244379044,0.009089999832212925,0.0015399999683722854,0.0,0.01834999956190586,0.02019999921321869,0.0,0.0,0.0,0.0005600000149570405,0.0,0.009170000441372395,0.0,0.0004900000058114529,0.0020600000862032175,0.0,0.0,0.03999999910593033,0.0,0.02127999998629093,0.0,0.009519999846816063,0.059369999915361404,0.008550000376999378,0.01090999972075224,0.0,0.01979999989271164,0.0,0.0,0.0,0.0,0.0,0.006829999852925539,0.010739999823272228,0.0,0.03818000108003616,0.024070000275969505,0.022220000624656677,0.006719999946653843,0.011900000274181366,0.0,0.0],[0.0,0.0,0.0,0.00901000015437603,0.008170000277459621,0.0,0.0,0.023979999125003815,0.0003800000122282654,0.019419999793171883,0.0037700000684708357,0.02246999926865101,0.0,0.02563999965786934,0.0,0.024480000138282776,0.0,0.0,0.03880999982357025,0.0005200000014156103,0.0,0.06362000107765198,0.0,0.00989999994635582,0.0,0.0,0.04777999967336655,0.0,0.0,0.0,0.0,0.0,0.000590000010561198,0.0,0.0,0.0,0.0,0.046799998730421066,0.0,0.019419999793171883,0.0,0.08154000341892242,0.014089999720454216,0.0,0.0,0.0,0.01498000044375658,0.0,0.004350000061094761,0.037379998713731766],[0.0,0.0,0.007860000245273113,0.0,0.005880000069737434,0.0023399998899549246,0.006599999964237213,0.0,0.0,0.0,0.005619999952614307,0.0,0.0,0.0,0.00482999999076128,0.011049999855458736,0.0,0.003269999986514449,0.007269999943673611,0.016030000522732735,0.00015999999595806003,0.014519999735057354,0.047609999775886536,0.0,0.0,0.0,0.037450000643730164,0.0,0.0,0.0291300006210804,0.0,0.0,0.0,0.0,0.020640000700950623,0.011900000274181366,0.009170000441372395,0.0,0.0,0.0,0.00827999971807003,0.0,0.0037799999117851257,0.010339999571442604,0.0,0.0,0.014929999597370625,0.011239999905228615,0.0,0.0],[0.0,0.023989999666810036,0.0,0.0028200000524520874,0.009800000116229057,0.0,0.0,0.0,0.0,0.0,0.005859999917447567,0.0,0.019610000774264336,0.0,0.038109999150037766,0.0,0.0,0.0,0.0291300006210804,0.0,0.0,0.04535000026226044,0.0,0.0,0.0,0.0,0.043379999697208405,0.0,0.0,0.0,0.0,0.0,0.0,0.0,0.0,0.0,0.0,0.0,0.0,0.0,0.0,0.009039999917149544,0.0,0.003449999960139394,0.014150000177323818,0.0,0.0,0.009800000116229057,0.021789999678730965,0.0],[0.0,0.0,0.006320000160485506,0.008100000210106373,0.0,0.0873899981379509,0.0,0.0,0.0,0.010420000180602074,0.0,0.036649998277425766,0.0,0.0,0.0,0.040380001068115234,0.0,0.008009999990463257,0.017319999635219574,0.03166000172495842,0.0,0.0,0.0058200000785291195,0.0,0.013790000230073929,0.0,0.0,0.0,0.09444999694824219,0.011239999905228615,0.02280000038444996,0.0,0.01761999912559986,0.0,0.0,0.0,0.0,0.0,0.0,0.005040000192821026,0.0,0.03398999944329262,0.020579999312758446,0.022339999675750732,0.01745999976992607,0.0,0.0,0.007400000002235174,0.0,0.029410000890493393],[0.0929500013589859,0.0,0.010520000010728836,0.0,0.01923000067472458,0.0,0.018869999796152115,0.0,0.0,0.0,0.0,0.007069999817758799,0.0,0.04267999902367592,0.09529999643564224,0.0,0.0,0.0,0.008969999849796295,0.008190000429749489,0.0,0.0,0.014010000042617321,0.010420000180602074,0.026729999110102654,0.0,0.0,0.0,0.005189999938011169,0.009349999949336052,0.0,0.0,0.012389999814331532,0.011610000394284725,0.010289999656379223,0.0,0.008849999867379665,0.0,0.010780000127851963,0.0,0.020659999921917915,0.0,0.0,0.0,0.0031399999279528856,0.0,0.0,0.010250000283122063,0.0,0.0],[0.0,0.0,0.0,0.01655000075697899,0.003719999920576811,0.04414999857544899,0.0,0.011920000426471233,0.0,0.009089999832212925,0.0,0.016380000859498978,0.0,0.0,0.02466999925673008,0.0,0.0,0.006639999803155661,0.0070500001311302185,0.0,0.0,0.0,0.0,0.0,0.0,0.0032399999909102917,0.0,0.0,0.0,0.0,0.0,0.0,0.0017800000496208668,0.054579999297857285,0.0,0.0,0.0,0.0,0.0,0.0,0.0,0.0,0.0,0.0,0.0,0.0,0.0,0.0,0.019139999523758888,0.008469999767839909],[0.0,0.0,0.023479999974370003,0.0064199999906122684,0.0,0.025590000674128532,0.009259999729692936,0.0033599999733269215,0.0,0.00989999994635582,0.018689999356865883,0.0,0.008620000444352627,0.0,0.0,0.017419999465346336,0.03092999942600727,0.00014000000373926014,0.014910000376403332,0.0,0.019290000200271606,0.0,0.0,0.0,0.0,0.009429999627172947,0.0,0.0195700004696846,0.0,0.014349999837577343,0.0,0.0,0.03311000019311905,0.033229999244213104,0.0,0.010420000180602074,0.0,0.008089999668300152,0.019379999488592148,0.024390000849962234,0.0,0.0,0.019449999555945396,0.01706000044941902,0.0,0.00761000020429492,0.013740000315010548,0.0,0.02061999961733818,0.02019999921321869],[0.11000999808311462,0.0,0.008799999952316284,0.0,0.0,0.0,0.0,0.030659999698400497,0.011620000004768372,0.0,0.011610000394284725,0.008799999952316284,0.0,0.00901000015437603,0.006279999855905771,0.0,0.02353000082075596,0.0,0.0,0.0,0.0019399999873712659,0.0,0.009669999592006207,0.0,0.013050000183284283,0.0,0.0,0.0,0.03407000005245209,0.010420000180602074,0.027009999379515648,0.010700000450015068,0.0,0.0,0.009429999627172947,0.0,0.02019999921321869,0.0,0.003169999923557043,0.0,0.0,0.009440000168979168,0.0,0.0,0.0,0.009999999776482582,0.0077599999494850636,0.0,0.019050000235438347,0.008860000409185886],[0.0086899995803833,0.0,0.0,0.005750000011175871,0.0,0.04399000108242035,0.01075000036507845,0.0,0.0,0.007619999814778566,0.0142000000923872,0.0,0.0,0.0,0.00803999975323677,0.0,0.0,0.0,0.009259999729692936,0.005119999870657921,0.0,0.02346000075340271,0.0,0.0,0.016680000349879265,0.009859999641776085,0.0,0.0,0.013369999825954437,0.007290000095963478,0.0,0.021849999204277992,0.0,0.0,0.017500000074505806,0.0,0.0,0.0,0.019419999793171883,0.0,0.0,0.000539999979082495,0.0,0.0,0.018950000405311584,0.0,0.01133000012487173,0.0,0.0,0.0]],