{"objective":9273.994140625,"runtime":1.0,"usage_matrix":[[0.0,0.009089999832212925,0.0,0.00901000015437603,0.0,0.0,0.0,0.0,0.01075000036507845,0.0,0.0,0.0,0.0,0.01063000038266182,0.0,0.0,0.01793999969959259,0.057500001043081284,0.018519999459385872,0.008150000125169754,0.0026499999221414328,0.0,0.014179999940097332,0.0,0.0,0.0,0.021409999579191208,0.0,0.0,0.08081000298261642,0.0,0.009429999627172947,0.018710000440478325,0.0,0.0,0.0,0.020409999415278435,0.028880000114440918,0.0,0.006599999964237213,0.0,0.0,0.0,0.001449999981559813,0.006240000016987324,0.01817999966442585,0.0,0.026760000735521317,0.010099999606609344,0.03846000134944916],[0.0,0.0094200000166893,0.011239999905228615,0.003930000122636557,0.033330000936985016,0.0,0.0,0.004889999981969595,0.0,0.0,0.0036200000904500484,0.01075000036507845,0.03197000175714493,0.0,0.0,0.0,0.002529999939724803,0.0,0.019610000774264336,0.0,0.019209999591112137,0.0,0.0,0.028669999912381172,0.0,0.009429999627172947,0.0,0.003160000080242753,0.0,0.0,0.0,0.0,0.009610000066459179,0.0,0.0030700000934302807,0.0,0.0,0.0,0.0,0.0,0.0,0.0,0.00394000019878149,0.0,0.020519999787211418,0.0,0.02127999998629093,0.0,0.0,0.0],[0.10561999678611755,0.009170000441372395,0.003710000077262521,0.0,0.0,0.016759999096393585,0.03680000081658363,0.0,0.0,0.00139999995008111,0.022539999336004257,0.011110000312328339,0.026990000158548355,0.0,0.020829999819397926,0.0735900029540062,0.0,0.0,0.0,0.0177800003439188,0.028039999306201935,0.016440000385046005,0.0010100000072270632,0.0,0.010529999621212482,0.0,0.0,0.00646999990567565,0.0,0.0,0.011239999905228615,0.0,0.03683999925851822,0.0,0.0036100000143051147,0.026909999549388885,0.0,0.0,0.0,0.01384000014513731,0.0,0.0,0.009519999846816063,0.0,0.004769999999552965,0.0,0.0016700000269338489,0.0,0.01030999980866909,0.016189999878406525],[0.0,0.0,0.005969999823719263,0.0,0.0,0.046620000153779984,0.0,0.0,0.0,0.0,0.0,0.000750000006519258,0.0,0.010200000368058681,0.0,0.0,0.023469999432563782,0.0,0.0,0.0,0.009220000356435776,0.009909999556839466,0.0,0.01721999980509281,0.0,0.01384000014513731,0.011629999615252018,0.007579999975860119,0.0400799997150898,0.03897000104188919,0.0,0.010870000347495079,0.0,0.10657999664545059,0.0,0.0,0.0,0.0,0.0,0.0,0.029200000688433647,0.00877000018954277,0.0,0.029009999707341194,0.009320000186562538,0.0,0.009800000116229057,0.0,0.0,0.010990000329911709],[0.12785999476909637,0.0,0.009320000186562538,0.0,0.0,0.0,0.0,0.010830000042915344,0.0,0.005119999870657921,0.0,0.00965999998152256,0.012910000048577785,0.0,0.0,0.04991000145673752,0.004459999967366457,0.009920000098645687,0.006969999987632036,0.0,0.0,0.008320000022649765,0.033410001546144485,0.0,0.014709999784827232,0.04741000011563301,0.0,0.02112000063061714,0.08613999933004379,0.0,0.017090000212192535,0.0,0.004650000017136335,0.0,0.0,0.011420000344514847,0.0,0.0,0.0,0.0,0.014650000259280205,0.01075000036507845,0.029410000890493393,0.0,0.0,0.0,0.009259999729692936,0.01769999973475933,0.0,0.0],[0.0,0.0,0.003700000001117587,0.0,0.00559999980032444,0.01131999958306551,0.0,0.0,0.0,0.0,0.009630000218749046,0.002739999908953905,0.0,0.0,0.009619999676942825,0.0,0.0,0.0,0.008849999867379665,0.014390000142157078,0.01923000067472458,0.005150000099092722,0.0,0.0,0.0,0.018650000914931297,0.0,0.0,0.0,0.0,0.0,0.009999999776482582,0.020250000059604645,0.0,0.0,0.004610000178217888,0.009089999832212925,0.014360000379383564,0.028039999306201935,0.036979999393224716,0.033969998359680176,0.008620000444352627,0.00901000015437603,0.0,0.01551000028848648,0.0,0.006839999929070473,0.03805999830365181,0.01638999953866005,0.0],[0.0,0.0,0.0,0.0,0.0,0.021889999508857727,0.0,0.0,0.091839998960495,0.0,0.0066200001165270805,0.051089998334646225,0.028119999915361404,0.006800000090152025,0.0,0.014019999653100967,0.02563999965786934,0.0493599995970726,0.0,0.0035200000274926424,0.0,0.0,0.04095999896526337,0.0,0.0,0.017240000888705254,0.0,0.0022799998987466097,0.0,0.0,0.009479999542236328,0.03158000111579895,0.0,0.0,0.0009299999801442027,0.0,0.03297000005841255,0.0,0.0,0.004399999976158142,0.0,0.0,0.0,0.0,0.0,0.0,0.0,0.009619999676942825,0.0,0.0],[0.0637499988079071,0.0,0.03815000131726265,0.019579999148845673,0.0,0.0,0.0,0.006140000186860561,0.0,0.023749999701976776,0.0033100000582635403,0.010099999606609344,0.020749999210238457,0.027780000120401382,0.0,0.0,0.0,0.0,0.0,0.0,0.0,0.0,0.0,0.006750000175088644,0.01051000040024519,0.0016799999866634607,0.011760000139474869,0.0,0.07896000146865845,0.0,0.019610000774264336,0.018710000440478325,0.017869999632239342,0.0006099999882280827,0.00798999983817339,0.0,0.008990000002086163,0.0,0.0,0.0,0.000910000002477318,0.0,0.0,0.008849999867379665,0.002529999939724803,0.00761000020429492,0.045249998569488525,0.009999999776482582,0.0,0.0],[0.03451000154018402,0.0,0.0,0.009619999676942825,0.011620000004768372,0.0,0.009750000201165676,0.010200000368058681,0.010200000368058681,0.0,0.04718000069260597,0.0,0.0,0.0,0.0,0.0,0.0,0.028829999268054962,0.0,0.0,0.011309999972581863,0.0,0.0017000000225380063,0.0,0.019750000908970833,0.020400000736117363,0.0,0.009429999627172947,0.0005799999926239252,0.0,0.0,0.0,0.0,0.0,0.0006399999838322401,0.0,0.0,0.01892000064253807,0.0,0.006779999937862158,0.0,0.0,0.0,0.00901000015437603,0.0,0.033330000936985016,0.0,0.009270000271499157,0.0,0.0],[0.0,0.01075000036507845,0.0,0.009619999676942825,0.01867000013589859,0.0,0.008349999785423279,0.0,0.011629999615252018,0.07605999708175659,0.0,0.0052200001664459705,0.0,0.0,0.009519999846816063,0.0,0.009349999949336052,0.0,0.009569999761879444,0.023479999974370003,0.004679999779909849,0.0,0.006949999835342169,0.0,0.0,0.0,0.0,0.0,0.11729999631643295,0.0,0.0,0.0,0.004939999897032976,0.04544999822974205,0.011169999837875366,0.014790000393986702,0.026399999856948853,0.0,0.01030999980866909,0.021449999883770943,0.0,0.0,0.028769999742507935,0.011149999685585499,0.0,0.029410000890493393,0.00018000000272877514,0.0,0.020260000601410866,0.0]],