{"objective":6772.21826171875,"runtime":1.0,"usage_matrix":[[0.0,0.029890000820159912,0.00634999992325902,0.009800000116229057,0.0,0.0,0.0,0.009949999861419201,0.0954200029373169,0.0,0.0,0.012629999779164791,0.00812000036239624,0.013050000183284283,0.0,0.0,0.034380000084638596,0.0,0.025019999593496323,0.0,0.0,0.06328999996185303,0.0,0.00800000037997961,0.0,0.0,0.0,0.0027000000700354576,0.017680000513792038,0.03988000005483627,0.0,0.0,0.03279000148177147,0.0,0.0,0.0,0.0,0.01075000036507845,0.0,0.0,0.039659999310970306,0.0,0.0,0.0,0.0,0.0,0.0,0.0,0.0,0.0],[0.019519999623298645,0.0,0.0,0.0,0.0,0.0,0.0,0.0,0.06004000082612038,0.0,0.0005200000014156103,0.0,0.0,0.01616000011563301,0.009519999846816063,0.0,0.020719999447464943,0.0,0.0,0.0,0.0,0.017090000212192535,0.0,0.03158000111579895,0.0,0.00892999954521656,0.0,0.0,0.0,0.03593999892473221,0.008080000057816505,0.0,0.0,0.02864000014960766,0.010490000247955322,0.01027000043541193,0.0,0.0,0.0,0.03240000084042549,0.0,0.009800000116229057,0.016829999163746834,0.009709999896585941,0.016450000926852226,0.009759999811649323,0.002940000034868717,0.022129999473690987,0.010239999741315842,0.0],[0.0,0.0,0.010529999621212482,0.0,0.0510299988090992,0.0,0.0,0.0,0.0,0.0020099999383091927,0.015560000203549862,0.00559999980032444,0.0,0.0384799987077713,0.014259999617934227,0.008870000019669533,0.04380999878048897,0.0,0.0,0.0,0.0,0.009170000441372395,0.0,0.0,0.0,0.0,0.02019999921321869,0.0,0.0,0.0,0.0,0.009680000133812428,0.01051000040024519,0.011749999597668648,0.0,0.003329999977722764,0.0,0.0,0.001230000052601099,0.00686000008136034,0.0,0.0,0.0,0.0,0.0,0.006560000125318766,0.008299999870359898,0.0,0.0,0.0],[0.01940000057220459,0.0025100000202655792,0.0,0.0,0.0,0.011800000444054604,0.0,0.004220000002533197,0.01078999973833561,0.022369999438524246,0.0,0.0,0.018519999459385872,0.0,0.008940000087022781,0.0005300000193528831,0.031929999589920044,0.009429999627172947,0.0,0.0,0.0,0.01785999909043312,0.04134000092744827,0.0,0.013939999975264072,0.011760000139474869,0.0,0.0,0.01979999989271164,0.0,0.0,0.0,0.0,0.0,0.0,0.05310000106692314,0.04039999842643738,0.030570000410079956,0.03141999989748001,0.030300000682473183,0.0,0.0,0.0,0.0,0.0,0.0,0.028039999306201935,0.0,0.009170000441372395,0.010099999606609344],[0.0,0.0,0.010529999621212482,0.009709999896585941,0.0,0.0,0.009619999676942825,0.0,0.025059999898076057,0.0,0.0,0.0,0.020759999752044678,0.06888999789953232,0.0,0.0,0.0,0.02785000018775463,0.0,0.0,0.0363599993288517,0.010990000329911709,0.0,0.0,0.01561999972909689,0.007400000002235174,0.0,0.0009299999801442027,0.009929999709129333,0.07231000065803528,0.03164999932050705,0.009619999676942825,0.0,0.007449999917298555,0.012659999541938305,0.0,0.0,0.004089999943971634,0.0009599999757483602,0.0,0.0,0.0,0.008179999887943268,0.015279999934136868,0.0,0.009999999776482582,0.011850000359117985,0.0,0.0,0.0],[0.025800000876188278,0.005210000090301037,0.0,0.009600000455975533,0.027580000460147858,0.0,0.0,0.0,0.0,0.0,0.0036299999337643385,0.01680999994277954,0.0,0.0,0.0,0.0,0.0039900001138448715,0.011620000004768372,0.0,0.0188400000333786,0.0035099999513477087,0.017389999702572823,0.0772399976849556,0.01923000067472458,0.0009899999713525176,0.008620000444352627,0.0,0.0,0.009610000066459179,0.04919999837875366,0.0037299999967217445,0.009909999556839466,0.0,0.0,0.0,0.0,0.0,0.03773999959230423,0.0,0.0,0.0,0.0,0.008630000054836273,0.0,0.0,0.0,0.004530000034719706,0.009429999627172947,0.0,0.009999999776482582],[0.0,0.003539999946951866,0.0,0.0,0.025750000029802322,0.0,0.0,0.0,0.030470000579953194,0.007930000312626362,0.009499999694526196,0.0,0.01549999974668026,0.0015200000489130616,0.008849999867379665,0.0,0.042830001562833786,0.0,0.0028299998957663774,0.019379999488592148,0.0,0.0,0.0,0.0,0.005109999794512987,0.010569999925792217,0.0,0.0,0.027569999918341637,0.0,0.0,0.0,0.009309999644756317,0.0,0.00989999994635582,0.0,0.0,0.0,0.010870000347495079,0.0,0.0,0.02019999921321869,0.0,0.0,0.018449999392032623,0.008620000444352627,0.0,0.0,0.0,0.01030999980866909],[0.0,0.00019999999494757503,0.0,0.01819000020623207,0.040059998631477356,0.00824000034481287,0.0,0.0008500000112690032,0.0,0.037310000509023666,0.0,0.0,0.011509999632835388,0.0,0.009999999776482582,0.0,0.03351999819278717,0.007960000075399876,0.017240000888705254,0.029020000249147415,0.0,0.0,0.0,0.0,0.004240000154823065,0.01688000001013279,0.009170000441372395,0.0,0.0,0.0,0.0,0.0,0.0,0.011859999969601631,0.0,0.0023499999660998583,0.0,0.0020699999295175076,0.010710000060498714,0.0,0.004509999882429838,0.030950000509619713,0.03448000177741051,0.01006999984383583,0.011640000157058239,0.0,0.01802000030875206,0.0,0.011370000429451466,0.0],[0.0,0.01143999956548214,0.0,0.0,0.0,0.0,0.02563999965786934,0.014100000262260437,0.08652999997138977,0.004769999999552965,0.0,0.0018899999558925629,0.007240000180900097,0.0,0.006920000072568655,0.0,0.0,0.004350000061094761,0.0,0.0,0.0,0.0,0.01754000037908554,0.009890000335872173,0.0,0.003220000071451068,0.01030999980866909,0.011629999615252018,0.0,0.0,0.0,0.010529999621212482,0.0,0.016330000013113022,0.008050000295042992,0.0,0.0,0.00901000015437603,0.006459999829530716,0.02061999961733818,0.0,0.013170000165700912,0.0,0.03767000138759613,0.0,0.0,0.018869999796152115,0.01298999972641468,0.030419999733567238,0.0],[0.0,0.0,0.009499999694526196,0.02857000008225441,0.1390099972486496,0.015049999579787254,0.0,0.008129999972879887,0.0,0.016669999808073044,0.0022299999836832285,0.0,0.0,0.0,0.0,0.01042999979108572,0.0,0.00875999964773655,0.01802000030875206,0.006920000072568655,0.027780000120401382,0.0,0.0005799999926239252,0.0,0.011939999647438526,0.0,0.0,0.01779000088572502,0.0,0.02116999961435795,0.0024399999529123306,0.01030999980866909,0.026319999247789383,0.0,0.03075999952852726,0.0,0.0,0.011180000379681587,0.0,0.0,0.013000000268220901,0.0,0.01979999989271164,0.00786999985575676,0.043460000306367874,0.0,0.0,0.0,0.009170000441372395,0.0]],