{"objective":8690.0439453125,"runtime":1.0,"usage_matrix":[[0.0,0.0070500001311302185,0.0434500016272068,0.006490000057965517,0.0,0.02930000051856041,0.0,0.009429999627172947,0.01030999980866909,0.04596000164747238,0.0,0.02167999930679798,0.007569999899715185,0.009859999641776085,0.0,0.014499999582767487,0.0,0.0,0.0,0.0,0.0,0.0,0.048590000718832016,0.0,0.003539999946951866,0.043219998478889465,0.0,0.0,0.0,0.0,0.0,0.0,0.0,0.0,0.009340000338852406,0.0,0.0,0.0,0.004370000213384628,0.0,0.017139999195933342,0.0,0.00877000018954277,0.016489999368786812,0.0,0.0,0.0,0.0,0.0,0.01030999980866909],[0.10040000081062317,0.007420000154525042,0.001500000013038516,0.0024900001008063555,0.0,0.0,0.04197999835014343,0.002959999954327941,0.0,0.0,0.0,0.0,0.010999999940395355,0.0,0.006599999964237213,0.021490000188350677,0.015780000016093254,0.018689999356865883,0.0,0.0,0.0,0.0,0.01972999982535839,0.0,0.00394000019878149,0.0,0.0,0.0,0.0,0.0,0.06710000336170197,0.0,0.0,0.0053400001488626,0.0,0.002300000051036477,0.009800000116229057,0.009800000116229057,0.009619999676942825,0.0,0.015259999781847,0.0,0.0,0.0,0.0,0.017069999128580093,0.0,0.0,0.005789999850094318,0.009619999676942825],[0.018459999933838844,0.04343000054359436,0.0,0.0,0.0,0.022210000082850456,0.0,0.0,0.03061000071465969,0.0,0.039009999483823776,0.0,0.010490000247955322,0.0,0.0,0.04131999984383583,0.0,0.0036299999337643385,0.011459999717772007,0.00901000015437603,0.0,0.0,0.017249999567866325,0.0291300006210804,0.0074800001457333565,0.009290000423789024,0.009519999846816063,0.019700000062584877,0.01875999942421913,0.0015200000489130616,0.0,0.009180000051856041,0.0,0.04565000161528587,0.012129999697208405,0.0,0.0,0.0,0.0,0.0,0.0,0.0,0.014670000411570072,0.0006799999973736703,0.0,0.0,0.014360000379383564,0.0,0.01817999966442585,0.0],[0.0,0.021980000659823418,0.0,0.0,0.03248000144958496,0.011380000039935112,0.0,0.009709999896585941,0.0,0.008740000426769257,0.0,0.00989999994635582,0.0213600005954504,0.01995999924838543,0.011110000312328339,0.0,0.0,0.003590000094845891,0.0038900000508874655,0.0,0.0,0.0,0.0,0.010529999621212482,0.009259999729692936,0.0,0.0,0.0,0.0,0.0,0.01018999982625246,0.0,0.0,0.0,0.0,0.0,0.0,0.0036700000055134296,0.0,0.0,0.0,0.009429999627172947,0.0,0.022220000624656677,0.02457999996840954,0.008510000072419643,0.0,0.0,0.009349999949336052,0.009229999966919422],[0.0,0.016279999166727066,0.0010300000431016088,0.012509999796748161,0.0,0.011239999905228615,0.005319999996572733,0.0,0.0,0.00019999999494757503,0.0,0.007009999826550484,0.0,0.0003100000030826777,0.009429999627172947,0.01769999973475933,0.0,0.0,0.031870000064373016,0.007170000113546848,0.0,0.0,0.05011000111699104,0.0,0.0,0.0,0.0,0.017090000212192535,0.0,0.0,0.0,0.0,0.0,0.023429999127984047,0.04010000079870224,0.008019999600946903,0.011359999887645245,0.0,0.0,0.0,0.025200000032782555,0.0,0.009999999776482582,0.008129999972879887,0.00046999999904073775,0.0,0.0,0.011490000411868095,0.00892999954521656,0.00839999970048666],[0.0,0.011490000411868095,0.0,0.012670000083744526,0.031190000474452972,0.008369999937713146,0.0,0.0,0.00418000016361475,0.0,0.005619999952614307,0.010870000347495079,0.0,0.01281999982893467,0.00839999970048666,0.009279999881982803,0.013240000233054161,0.0,0.0,0.0,0.039080001413822174,0.0,0.0,0.0,0.0,0.0,0.0,0.0,0.02150999940931797,0.0,0.029069999232888222,0.0,0.046870000660419464,0.0,0.01792999915778637,0.0,0.0,0.0,0.010459999553859234,0.025699999183416367,0.0,0.02127999998629093,0.051259998232126236,0.0,0.0022299999836832285,0.0,0.0,0.0,0.011760000139474869,0.0],[0.0,0.005400000140070915,0.051020000129938126,0.03830000013113022,0.0,0.03243999928236008,0.0,0.0,0.0,0.0,0.00674000009894371,0.0,0.0,0.0010900000343099236,0.0,0.0,0.0,0.0,0.00011000000085914508,0.0,0.0,0.02150999940931797,0.0,0.0,0.0,0.06869000196456909,0.0,0.0,0.0,0.0,0.0,0.0,0.0,0.0,0.0,0.0,0.02517000027000904,0.0,0.009189999662339687,0.019819999113678932,0.026350000873208046,0.0,0.0,0.009940000250935555,0.01104000024497509,0.0,0.0,0.0,0.0,0.0],[0.0,0.0,0.0,0.0,0.0,0.0,0.0,0.0,0.010200000368058681,0.0,0.0,0.0,0.0,0.003650000086054206,0.0,0.005229999776929617,0.06674999743700027,0.0,0.0,0.019419999793171883,0.03654000163078308,0.0,0.0,0.0,0.004339999984949827,0.0,0.0,0.0,0.010420000180602074,0.0031500000040978193,0.0,0.026030000299215317,0.0,0.089649997651577,0.002689999993890524,0.031550001353025436,0.0,0.019050000235438347,0.004650000017136335,0.0,0.0,0.0,0.0,0.0,0.0,0.0,0.0,0.009800000116229057,0.009999999776482582,0.0],[0.0,0.0,0.0,0.03207999840378761,0.0,0.0,0.0,0.04123999923467636,0.0,0.0,0.0516900010406971,0.029120000079274178,0.0,0.0,0.0,0.0,0.0026199999265372753,0.0016899999463930726,0.0,0.010529999621212482,0.0,0.009979999624192715,0.0,0.009850000031292439,0.0,0.0,0.010370000265538692,0.0,0.0,0.0064199999906122684,0.0,0.01923000067472458,0.0,0.0,0.010529999621212482,0.011140000075101852,0.04535000026226044,0.01075000036507845,0.009170000441372395,0.0,0.0,0.00810999982059002,0.002580000087618828,0.0,0.0,0.0,0.02923000045120716,0.0,0.0072200000286102295,0.0],[0.0,0.016179999336600304,0.013079999946057796,0.0,0.0,0.02532999962568283,0.006459999829530716,0.0,0.0,0.0,0.030239999294281006,0.0,0.0,0.0,0.0,0.0,0.0,0.0,0.0023499999660998583,0.004650000017136335,0.0,0.0,0.004920000210404396,0.0,0.0,0.027400000020861626,0.0,0.0,0.0,0.0,0.006320000160485506,0.0,0.04814999923110008,0.0,0.004490000195801258,0.0,0.02150999940931797,0.0,0.014329999685287476,0.0,0.0,0.02490999922156334,0.010060000233352184,0.009610000066459179,0.0,0.0,0.0,0.010780000127851963,0.009770000353455544,0.0]],