{"objective":8579.037109375,"runtime":1.0,"usage_matrix":[[0.007290000095963478,0.06114000082015991,0.0,0.004120000172406435,0.009800000116229057,0.0,0.0,0.03536999970674515,0.0,0.008050000295042992,0.023739999160170555,0.046810001134872437,0.010850000195205212,0.014960000291466713,0.0,0.0,0.0,0.0,0.0006300000241026282,0.0,0.0,0.006680000107735395,0.0,0.010610000230371952,0.03353000059723854,0.0,0.004339999984949827,0.0,0.0,0.0,0.0,0.02703000046312809,0.0,0.0,0.005059999879449606,0.0,0.0,0.0009500000160187483,0.03750000149011612,0.019120000302791595,0.0,0.019050000235438347,0.0,0.019050000235438347,0.0029299999587237835,0.0,0.0,0.0,0.0,0.0],[0.049070000648498535,0.0,0.020390000194311142,0.004939999897032976,0.0,0.0,0.0,0.0,0.0,0.044449999928474426,0.009410000406205654,0.0,0.0,0.010809999890625477,0.009829999879002571,0.0,0.0,0.01090999972075224,0.03294999897480011,0.002630000002682209,0.0,0.01286999974399805,0.0,0.0,0.0,0.021050000563263893,0.014059999957680702,0.0,0.0,0.009619999676942825,0.009999999776482582,0.009429999627172947,0.0,0.03061000071465969,0.009189999662339687,0.0,0.0,0.0,0.0101500004529953,0.0,0.0,0.010329999960958958,0.0,0.0,0.0,0.04307999834418297,0.0,0.0,0.027780000120401382,0.00989999994635582],[0.0,0.017240000888705254,0.01979999989271164,0.0,0.0,0.0,0.0638900026679039,0.0,0.0,0.023000000044703484,0.0,0.0,0.012539999559521675,0.018570000305771828,0.0,0.0,0.0,0.0,0.0,0.0,0.0,0.007849999703466892,0.0,0.0,0.0,0.0,0.0,0.0,0.0,0.02563999965786934,0.006709999870508909,0.0,0.026909999549388885,0.0,0.006399999838322401,0.0,0.011830000206828117,0.0,0.0,0.0,0.0,0.0,0.0,0.019039999693632126,0.00788000039756298,0.043710000813007355,0.048170000314712524,0.0,0.008740000426769257,0.0],[0.0,0.0,0.03604000061750412,0.03448000177741051,0.0,0.0,0.014039999805390835,0.0006000000284984708,0.0,0.0,0.003909999970346689,0.03847000002861023,0.00215999991632998,0.0,0.0,0.0,0.0,0.0,0.0,0.0,0.009610000066459179,0.003710000077262521,0.027650000527501106,0.015320000238716602,0.013659999705851078,0.0,0.02167000062763691,0.0,0.04504000023007393,0.0,0.0,0.020829999819397926,0.03683000057935715,0.0,0.02962999977171421,0.016200000420212746,0.0,0.01486000046133995,0.0,0.000750000006519258,0.0,0.009619999676942825,0.0,0.0,0.01841999962925911,0.007720000110566616,0.0025500000920146704,0.0,0.0,0.0],[0.0,0.019419999793171883,0.009150000289082527,0.0,0.011110000312328339,0.025679999962449074,0.0,0.0,0.011900000274181366,0.0,0.0,0.0,0.005799999926239252,0.0,0.0,0.048659998923540115,0.014499999582767487,0.0,0.0,0.0,0.03010999970138073,0.0,0.0,0.0,0.06892000138759613,0.0,0.03449999913573265,0.009429999627172947,0.0,0.016739999875426292,0.0,0.0,0.014419999904930592,0.01803000085055828,0.005109999794512987,0.0207700002938509,0.0,0.0086899995803833,0.0,0.00698000006377697,0.0,0.004980000201612711,0.0,0.0,0.0,0.0,0.0,0.01819000020623207,0.0,0.0],[0.0,0.0,0.0,0.0007800000021234155,0.0050200000405311584,0.0,0.015769999474287033,0.021649999544024467,0.010200000368058681,0.0,0.0043299999088048935,0.0,0.011169999837875366,0.010049999691545963,0.0,0.05682000145316124,0.0,0.011629999615252018,0.0,0.0,0.0,0.0,0.0291300006210804,0.0,0.05886999890208244,0.0047900001518428326,0.0,0.036720000207424164,0.0,0.012389999814331532,0.0,0.009940000250935555,0.07312999665737152,0.00482999999076128,0.0,0.03793000057339668,0.010200000368058681,0.009580000303685665,0.0,0.0,0.009429999627172947,0.0,0.007600000128149986,0.010420000180602074,0.0,0.00019999999494757503,0.02404000051319599,0.0,0.0,0.0],[0.0,0.0031900000758469105,0.0,0.007590000052005053,0.0,0.0,0.0,0.0,0.010529999621212482,0.0,0.0,0.018959999084472656,0.0029200001154094934,0.0,0.011629999615252018,0.0,0.0,0.0,0.0631600022315979,0.0,0.010080000385642052,0.0,0.03878000006079674,0.009750000201165676,0.049309998750686646,0.0,0.0,0.0,0.0,0.014480000361800194,0.0,0.0062699997797608376,0.0,0.01205000001937151,0.0,0.0,0.0,0.0,0.004310000222176313,0.0,0.0,0.0,0.009610000066459179,0.028270000591874123,0.0,0.0,0.0,0.0,0.010990000329911709,0.0],[0.0,0.0,0.005210000090301037,0.0,0.010200000368058681,0.0,0.0,0.0,0.0,0.008779999800026417,0.0,0.007530000060796738,0.050519999116659164,0.019610000774264336,0.005309999920427799,0.06227999925613403,0.009429999627172947,0.0,0.0,0.0,0.0,0.0,0.04456000030040741,0.014179999940097332,0.007639999967068434,0.0,0.0,0.0,0.002859999891370535,0.0,0.0,0.0,0.0,0.0,0.005119999870657921,0.0,0.0,0.0,0.0,0.013260000385344028,0.03945000097155571,0.0,0.009709999896585941,0.006000000052154064,0.024369999766349792,0.0,0.025049999356269836,0.0,0.0,0.0],[0.0,0.03139999881386757,0.0,0.0001900000061141327,0.009089999832212925,0.0,0.0,0.05468999966979027,0.012520000338554382,0.0,0.0,0.0,0.0,0.009800000116229057,0.017389999702572823,0.0,0.0,0.007890000008046627,0.03968000039458275,0.0,0.010529999621212482,0.0,0.0,0.0,0.0,0.0,0.0,0.0,0.05778999999165535,0.0,0.0,0.0,0.0,0.0,0.0016899999463930726,0.0,0.009709999896585941,0.023800000548362732,0.0,0.015130000188946724,0.0,0.0,0.0,0.0,0.008190000429749489,0.022190000861883163,0.023809999227523804,0.0,0.0,0.0],[0.07537999749183655,0.0,0.001290000043809414,0.0,0.0,0.03691000118851662,0.0,0.036639999598264694,0.0,0.006490000057965517,0.0,0.0,0.0,0.0,0.02046000026166439,0.0,0.039739999920129776,0.0,0.0,0.0,0.00800000037997961,0.0,0.012350000441074371,0.018069999292492867,0.0,0.03392999991774559,0.03370000049471855,0.008259999565780163,0.0,0.0,0.0,0.009039999917149544,0.0,0.0,0.0,0.0,0.010870000347495079,0.0,0.011719999834895134,0.022280000150203705,0.0,0.010259999893605709,0.01030999980866909,0.0,0.0,0.058090001344680786,0.0,0.0,0.0,0.009429999627172947]],