{"objective":7674.03369140625,"runtime":1.0,"usage_matrix":[[0.0,0.0,0.0,0.0,0.0,0.0007800000021234155,0.0,0.0,0.01720000058412552,0.0,0.0,0.009259999729692936,0.0,0.0,0.0,0.0,0.01860000006854534,0.0,0.014399999752640724,0.0,0.0,0.0,0.0,0.009970000013709068,0.0,0.02095000073313713,0.035429999232292175,0.0,0.002050000010058284,0.0,0.0,0.047279998660087585,0.0,0.0,0.03370999917387962,0.048190001398324966,0.015359999611973763,0.0,0.0,0.020010000094771385,0.016170000657439232,0.0,0.0,0.0,0.0018400000408291817,0.0,0.0009200000204145908,0.00901000015437603,0.010200000368058681,0.015629999339580536],[0.004120000172406435,0.018219999969005585,0.02246999926865101,0.0,0.0,0.021479999646544456,0.0,0.03003999963402748,0.0001900000061141327,0.01075000036507845,0.0,0.010239999741315842,0.0,0.0,0.0,0.02266000024974346,0.009399999864399433,0.0,0.0369499996304512,0.0016899999463930726,0.0,0.006219999864697456,0.008620000444352627,0.03125,0.0291300006210804,0.0,0.0,0.0,0.06559000164270401,0.0001900000061141327,0.00901000015437603,0.0,0.0,0.01802000030875206,0.0,0.0,0.0,0.030959999188780785,0.009999999776482582,0.011149999685585499,0.0,0.0,0.03999999910593033,0.0,0.016499999910593033,0.0,0.0,0.00989999994635582,0.0,0.0],[0.0,0.027410000562667847,0.0,0.030300000682473183,0.012930000200867653,0.0,0.0,0.013159999623894691,0.0,0.0,0.0,0.0,0.010420000180602074,0.07847999781370163,0.004230000078678131,0.0,0.0,0.01768999919295311,0.019610000774264336,0.0,0.0291300006210804,0.0,0.0,0.0,0.0,0.010850000195205212,0.0,0.0,0.0,0.009089999832212925,0.03528999909758568,0.005830000154674053,0.0033199999015778303,0.0,0.056859999895095825,0.0,0.020090000703930855,0.00687999976798892,0.02273000031709671,0.0,0.0,0.0,0.016860000789165497,0.0,0.025520000606775284,0.008870000019669533,0.0,0.0,0.0,0.0],[0.0,0.016790000721812248,0.0,0.0,0.02102999947965145,0.0,0.0,0.021980000659823418,0.0,0.010639999993145466,0.0,0.003010000102221966,0.018719999119639397,0.0065100002102553844,0.0,0.0,0.0,0.0,0.037310000509023666,0.017909999936819077,0.0,0.06908000260591507,0.0,0.00839999970048666,0.0,0.0,0.010870000347495079,0.0,0.011640000157058239,0.011549999937415123,0.028359999880194664,0.0,0.0261400006711483,0.0,0.011070000007748604,0.023010000586509705,0.011830000206828117,0.0,0.0,0.0,0.0,0.012810000218451023,0.0,0.010870000347495079,0.0,0.0,0.004290000069886446,0.0,0.0,0.0],[0.005080000031739473,0.0005099999834783375,0.0,0.0,0.0,0.0,0.009720000438392162,0.005119999870657921,0.014019999653100967,0.0,0.0,0.0,0.010099999606609344,0.006010000128298998,0.013930000364780426,0.01157000008970499,0.09475000202655792,0.0,0.00827999971807003,0.0,0.011760000139474869,0.0,0.020679999142885208,0.009460000321269035,0.0,0.009589999914169312,0.004089999943971634,0.02807999961078167,0.03748999908566475,0.0,0.0,0.0,0.005770000163465738,0.0,0.015650000423192978,0.0,0.0,0.0,0.0,0.0,0.024140000343322754,0.011640000157058239,0.0,0.0,0.0,0.0,0.0,0.0,0.0,0.011490000411868095],[0.013500000350177288,0.0,0.004459999967366457,0.015699999406933784,0.001069999998435378,0.0,0.0,0.02019999921321869,0.0,0.0029899999499320984,0.0,0.017389999702572823,0.0,0.0,0.0,0.01030999980866909,0.01501999981701374,0.041770000010728836,0.0,0.0,0.0,0.0,0.0,0.0,0.0291300006210804,0.0014600000577047467,0.0,0.00570000009611249,0.0,0.0,0.0,0.0,0.01133000012487173,0.06061000004410744,0.03604000061750412,0.0,0.0,0.0,0.0,0.01713000051677227,0.007350000087171793,0.04715000092983246,0.01075000036507845,0.0,0.0,0.0,0.0,0.00989999994635582,0.0,0.0],[0.0,0.0018500000005587935,0.0,0.00989999994635582,0.021709999069571495,0.0,0.0,0.0,0.0,0.0,0.009259999729692936,0.0,0.0,0.007040000054985285,0.009139999747276306,0.0,0.0,0.0,0.02181999944150448,0.0,0.0,0.024979999288916588,0.0,0.0,0.008100000210106373,0.0,0.0,0.02061999961733818,0.00749000022187829,0.0,0.0,0.027780000120401382,0.0,0.006060000043362379,0.0,0.0,0.0,0.015200000256299973,0.0,0.0,0.0,0.02889000065624714,0.0,0.010099999606609344,0.0,0.0,0.011959999799728394,0.01858999952673912,0.007739999797195196,0.009429999627172947],[0.0,0.017640000209212303,0.0,0.0,0.02655000053346157,0.0,0.0,0.007939999923110008,0.0,0.029410000890493393,0.010289999656379223,0.01882999949157238,0.0,0.04366999864578247,0.011339999735355377,0.025709999725222588,0.0,0.0012600000482052565,0.0,0.009170000441372395,0.0,0.0,0.0,0.0,0.010900000110268593,0.0,0.020829999819397926,0.0,0.0,0.005309999920427799,0.05243999883532524,0.0,0.016540000215172768,0.0,0.0,0.028950000181794167,0.046069998294115067,0.0,0.0,0.010329999960958958,0.0,0.0,0.013389999978244305,0.002529999939724803,0.0,0.0,0.0,0.05270000174641609,0.02047000080347061,0.002859999891370535],[0.0,0.0008800000068731606,0.010529999621212482,0.0,0.0,0.007569999899715185,0.01030999980866909,0.0,0.0,0.0,0.00892999954521656,0.0,0.0,0.0,0.009340000338852406,0.0006900000153109431,0.0002699999895412475,0.0,0.0,0.0003600000054575503,0.0,0.0,0.009259999729692936,0.0,0.0,0.0,0.0,0.0,0.0005200000014156103,0.004310000222176313,0.0,0.007550000213086605,0.01915000006556511,0.0,0.0,0.008550000376999378,0.007619999814778566,0.043540000915527344,0.0,0.010289999656379223,0.0,0.012670000083744526,0.0,0.0,0.0,0.010200000368058681,0.04532000049948692,0.019050000235438347,0.0,0.021290000528097153],[0.0,0.0,0.0,0.00901000015437603,0.0,0.010130000300705433,0.038830000907182693,0.0038799999747425318,0.02159000001847744,0.016610000282526016,0.017179999500513077,0.0,0.01923000067472458,0.0,0.027060000225901604,0.0,0.0,0.0,0.0,0.0,0.0,0.0,0.0,0.025040000677108765,0.009499999694526196,0.009519999846816063,0.012900000438094139,0.00482999999076128,0.0,0.0,0.0,0.01583999954164028,0.0012199999764561653,0.0,0.0,0.0,0.0,0.0,0.0,0.0,0.0,0.0,0.0,0.008870000019669533,0.007569999899715185,0.010420000180602074,0.0,0.0,0.01923000067472458,0.0]],