{"objective":9487.330078125,"runtime":2.0,"usage_matrix":[[0.0,0.06038999930024147,0.0,0.011640000157058239,0.027210000902414322,0.006599999964237213,0.0,0.0,0.010200000368058681,0.0,0.0,0.0,0.0004600000102072954,0.0,0.03125,0.00039999998989515007,0.061250001192092896,0.011269999668002129,0.0,0.009909999556839466,0.0,0.0,0.05555000156164169,0.0,0.009349999949336052,0.0,0.0,0.0,0.004889999981969595,0.030969999730587006,0.0,0.0,0.00892999954521656,0.0,0.02019999921321869,0.0,0.006579999811947346,0.02542000077664852,0.020409999415278435,0.0,0.0,0.0,0.0,0.0,0.013509999960660934,0.0,0.0,0.0,0.0,0.0],[0.0,0.04058999940752983,0.0,0.0,0.0,0.0,0.0,0.0,0.02273000031709671,0.0,0.0,0.009800000116229057,0.03034999966621399,0.0,0.0,0.02384999953210354,0.0,0.0,0.0,0.0,0.0,0.0,0.008679999969899654,0.0,0.009999999776482582,0.0,0.0,0.01496999990195036,0.026799999177455902,0.0,0.003809999907389283,0.0,0.0,0.0,0.0,0.01566999964416027,0.0,0.0,0.009170000441372395,0.0,0.0,0.021630000323057175,0.0,0.0,0.007809999864548445,0.014560000039637089,0.010200000368058681,0.0,0.0,0.0],[0.11006999760866165,0.0,0.0,0.003109999932348728,0.0,0.0,0.0,0.010520000010728836,0.0,0.0,0.0,0.0,0.0,0.0,0.0,0.0,0.0026599999982863665,0.0004900000058114529,0.003920000046491623,0.0,0.041030000895261765,0.0,0.02703000046312809,0.0,0.020640000700950623,0.026089999824762344,0.0,0.05542000010609627,0.0,0.0,0.007249999791383743,0.0,0.0,0.0,0.00877000018954277,0.006909999996423721,0.0023399998899549246,0.03376000002026558,0.0,0.0035600000992417336,0.022199999541044235,0.021320000290870667,0.0,0.0,0.010870000347495079,0.0,0.0,0.0,0.012360000051558018,0.010870000347495079],[0.0,0.0034799999557435513,0.0,0.008949999697506428,0.0,0.007069999817758799,0.009800000116229057,0.0,0.0,0.0,0.05006999894976616,0.005260000005364418,0.0,0.0004600000102072954,0.0,0.0,0.01066999975591898,0.0,0.0030400000978261232,0.0,0.006370000075548887,0.00892999954521656,0.0,0.017319999635219574,0.010169999673962593,0.00750999990850687,0.06872999668121338,0.0,0.0,0.0,0.0,0.0,0.0,0.019610000774264336,0.0,0.0,0.014530000276863575,0.0,0.0,0.0058200000785291195,0.0,0.0,0.0,0.03796999901533127,0.004279999993741512,0.0,0.0,0.009999999776482582,0.0,0.0],[0.0,0.0,0.0,0.0,0.0,0.0,0.0,0.0,0.0,0.06633999943733215,0.0,0.02500000037252903,0.0,0.01600000075995922,0.0,0.0021100000012665987,0.009259999729692936,0.0,0.011760000139474869,0.010209999978542328,0.039069999009370804,0.011149999685585499,0.0010900000343099236,0.022099999710917473,0.0,0.0,0.0,0.013319999910891056,0.01906999945640564,0.016540000215172768,0.006020000204443932,0.03488000109791756,0.0,0.0040799998678267,0.0,0.009440000168979168,0.0,0.0,0.029410000890493393,0.004889999981969595,0.010029999539256096,0.03229000046849251,0.002219999907538295,0.0681999996304512,0.0,0.018650000914931297,0.0,0.0,0.011760000139474869,0.0],[0.08553999662399292,0.0,0.007400000002235174,0.0,0.0,0.0,0.0,0.0,0.0,0.0,0.0,0.0,0.0,0.0,0.037539999932050705,0.008419999852776527,0.020320000126957893,0.008910000324249268,0.020409999415278435,0.0008699999889358878,0.0,0.0,0.008539999835193157,0.007110000122338533,0.0,0.037039998918771744,0.0,0.0,0.0,0.0,0.002630000002682209,0.0,0.0006500000017695129,0.06174999848008156,0.0,0.013509999960660934,0.0,0.0,0.003590000094845891,0.010089999996125698,0.0,0.04024000093340874,0.0004600000102072954,0.08425000309944153,0.009429999627172947,0.0,0.0,0.003800000064074993,0.009399999864399433,0.05000000074505806],[0.046720001846551895,0.0,0.02127999998629093,0.0,0.012880000285804272,0.0,0.0,0.0,0.0,0.0,0.09012000262737274,0.019419999793171883,0.0,0.018300000578165054,0.0,0.004459999967366457,0.0,0.011850000359117985,0.010529999621212482,0.006990000139921904,0.0,0.0,0.025949999690055847,0.0,0.0,0.0,0.0,0.04094000160694122,0.0,0.0,0.017980000004172325,0.0,0.0,0.010099999606609344,0.0,0.004350000061094761,0.04588000103831291,0.0,0.0,0.0,0.026340000331401825,0.0,0.0,0.03537999838590622,0.0,0.0,0.0,0.0,0.017750000581145287,0.0],[0.0,0.0,0.018689999356865883,0.003490000031888485,0.0,0.0,0.0,0.013450000435113907,0.0,0.0,0.00443999981507659,0.0,0.0,0.0,0.012489999644458294,0.013819999992847443,0.0,0.0,0.019530000165104866,0.0,0.0,0.00800000037997961,0.0018700000364333391,0.0,0.0,0.0,0.07878000289201736,0.0,0.025599999353289604,0.0,0.019999999552965164,0.0,0.0,0.0,0.0,0.0,0.0026499999221414328,0.0,0.012500000186264515,0.012149999849498272,0.010660000145435333,0.002300000051036477,0.0,0.0,0.015130000188946724,0.01561999972909689,0.009800000116229057,0.0,0.0,0.0],[0.005150000099092722,0.0,0.024390000849962234,0.010160000063478947,0.0,0.0,0.009619999676942825,0.07118000090122223,0.0,0.048510000109672546,0.018230000510811806,0.0,0.0,0.004939999897032976,0.0,0.0,0.0,0.02687999978661537,0.005030000116676092,0.0,0.024450000375509262,0.019419999793171883,0.0,0.0,0.016380000859498978,0.023809999227523804,0.04077000170946121,0.0,0.0015999999595806003,0.0,0.0,0.0,0.004720000084489584,0.009800000116229057,0.010780000127851963,0.03959999978542328,0.0,0.0,0.00839999970048666,0.0,0.0,0.0,0.01448999997228384,0.0,0.0,0.005539999809116125,0.009429999627172947,0.009259999729692936,0.028699999675154686,0.0],[0.0,0.01278000045567751,0.01768999919295311,0.009800000116229057,0.002090000081807375,0.0,0.011110000312328339,0.0,0.009619999676942825,0.0,0.0,0.00877000018954277,0.0,0.005200000014156103,0.015869999304413795,0.0,0.03367999941110611,0.0,0.017090000212192535,0.002319999970495701,0.0,0.00892999954521656,0.010089999996125698,0.007579999975860119,0.02250000089406967,0.0,0.06429000198841095,0.0016700000269338489,0.02442999929189682,0.0,0.0,0.022110000252723694,0.0066200001165270805,0.011599999852478504,0.0,0.029410000890493393,0.0,0.0,0.0,0.0,0.05135999992489815,0.0,0.009709999896585941,0.0,0.0,0.0,0.009630000218749046,0.0,0.010110000148415565,0.0]],