{"objective":10330.37109375,"runtime":1.0,"usage_matrix":[[0.0,0.008249999955296516,0.06723000109195709,0.0,0.0,0.0,0.0,0.0017300000181421638,0.0,0.04895000159740448,0.0,0.015610000118613243,0.0,0.01590999960899353,0.0,0.0,0.0,0.0,0.0,0.0008399999933317304,0.0022700000554323196,0.009170000441372395,0.0,0.012360000051558018,0.0,0.005210000090301037,0.0026700000744313,0.0,0.0,0.0,0.03325999900698662,0.05079000070691109,0.010809999890625477,0.0,0.0028099999763071537,0.009309999644756317,0.0,0.0,0.0,0.0,0.017319999635219574,0.0,0.0,0.0,0.04544999822974205,0.0,0.0,0.030300000682473183,0.0,0.010080000385642052],[0.0,0.0,0.007110000122338533,0.0,0.011370000429451466,0.0,0.011629999615252018,0.01779000088572502,0.0,0.0,0.01075000036507845,0.017489999532699585,0.0,0.0,0.022260000929236412,0.008659999817609787,0.01030999980866909,0.0,0.0,0.010209999978542328,0.03523999825119972,0.031539998948574066,0.0,0.0,0.0,0.033879999071359634,0.0,0.05415000021457672,0.0,0.0,0.0,0.0,0.010200000368058681,0.0,0.028850000351667404,0.022220000624656677,0.0,0.0,0.007309999782592058,0.01558000035583973,0.0,0.0,0.0,0.0,0.02857000008225441,0.0,0.024219999089837074,0.0,0.0,0.0],[0.0,0.0,0.0,0.0,0.008440000005066395,0.0,0.0,0.003490000031888485,0.003650000086054206,0.0,0.04123999923467636,0.0,0.0,0.0,0.0,0.007189999800175428,0.0,0.0,0.002859999891370535,0.028039999306201935,0.024700000882148743,0.004139999859035015,0.015599999576807022,0.0,0.0,0.0,0.028769999742507935,0.02360999956727028,0.0,0.0,0.020829999819397926,0.0,0.009709999896585941,0.0,0.019120000302791595,0.0,0.05356999859213829,0.011049999855458736,0.0362900011241436,0.0,0.011660000309348106,0.0,0.002839999971911311,0.0010300000431016088,0.0,0.0,0.042089998722076416,0.010099999606609344,0.0,0.0],[0.0,0.0,0.01647000014781952,0.0,0.0,0.0,0.0,0.0032599999103695154,0.0,0.0,0.0,0.0,0.0,0.009100000374019146,0.0,0.0064199999906122684,0.01802000030875206,0.0,0.007449999917298555,0.0,0.034779999405145645,0.0,0.0,0.0,0.0,0.007579999975860119,0.0,0.0,0.012880000285804272,0.0029299999587237835,0.009999999776482582,0.0354899987578392,0.009800000116229057,0.009349999949336052,0.0007999999797903001,0.0,0.0,0.011579999700188637,0.07680000364780426,0.009460000321269035,0.02703000046312809,0.0,0.023730000481009483,0.0037299999967217445,0.0,0.0,0.0,0.0,0.009709999896585941,0.0],[0.0,0.025510000064969063,0.0,0.0,0.03846000134944916,0.0026499999221414328,0.009349999949336052,0.0,0.004579999949783087,0.011429999954998493,0.009800000116229057,0.0,0.0,0.0,0.0,0.019419999793171883,0.0,0.056790001690387726,0.0,0.0,0.00009999999747378752,0.0,0.0,0.0,0.0,0.01817999966442585,0.04659999907016754,0.04204000160098076,0.03711000084877014,0.032260000705718994,0.0,0.0,0.0,0.009390000253915787,0.0,0.0,0.01816999912261963,0.0,0.0,0.0,0.0,0.0,0.020490000024437904,0.0,0.008229999803006649,0.0,0.0,0.0,0.0,0.003449999960139394],[0.0,0.0,0.0,0.0,0.0,0.0182499997317791,0.009239999577403069,0.02606000006198883,0.011429999954998493,0.0,0.005940000060945749,0.06684999912977219,0.0,0.00812000036239624,0.0,0.008050000295042992,0.0,0.0,0.035360001027584076,0.0,0.0,0.0,0.0009299999801442027,0.0,0.009259999729692936,0.0,0.0,0.0,0.0,0.0,0.0,0.0,0.010420000180602074,0.0,0.042410001158714294,0.0,0.01030999980866909,0.011060000397264957,0.0,0.0,0.0,0.0,0.0,0.0,0.0,0.016340000554919243,0.05073000118136406,0.0,0.0,0.020190000534057617],[0.0,0.0,0.0,0.019130000844597816,0.013369999825954437,0.013240000233054161,0.0,0.008799999952316284,0.05697999894618988,0.0007399999885819852,0.011470000259578228,0.011760000139474869,0.021050000563263893,0.008849999867379665,0.0,0.0,0.0,0.0,0.009279999881982803,0.011239999905228615,0.0021200000774115324,0.0065899998880922794,0.0,0.0,0.0,0.0,0.0,0.0,0.016610000282526016,0.007430000230669975,0.0074800001457333565,0.0,0.0,0.0,0.0,0.007420000154525042,0.0,0.10158000141382217,0.0,0.0,0.0,0.0,0.0,0.0033100000582635403,0.0,0.0,0.0,0.02150999940931797,0.0,0.0],[0.0,0.0,0.01744000054895878,0.009650000371038914,0.010639999993145466,0.01979999989271164,0.01979999989271164,0.0,0.01343000028282404,0.0,0.0024800000246614218,0.0,0.009429999627172947,0.0,0.03771999850869179,0.001180000021122396,0.016860000789165497,0.0,0.03409000113606453,0.0,0.0,0.0,0.0,0.0,0.0069599999114871025,0.0,0.01614999957382679,0.02469000034034252,0.0,0.0,0.0,0.0,0.009800000116229057,0.010420000180602074,0.0,0.020829999819397926,0.0,0.011189999990165234,0.016950000077486038,0.034529998898506165,0.0,0.1050800010561943,0.007319999858736992,0.0,0.010169999673962593,0.022910000756382942,0.0,0.0,0.0,0.0],[0.0,0.0,0.0,0.03784000128507614,0.02563999965786934,0.0015200000489130616,0.0,0.0,0.0,0.003599999938160181,0.0,0.020160000771284103,0.0,0.0,0.0,0.0,0.004530000034719706,0.009379999712109566,0.0012000000569969416,0.007939999923110008,0.0,0.0,0.0,0.022989999502897263,0.0,0.009349999949336052,0.006149999797344208,0.0,0.0,0.033560000360012054,0.0,0.0022100000642240047,0.03945000097155571,0.0,0.009730000048875809,0.033330000936985016,0.019579999148845673,0.0,0.0,0.0,0.07451999932527542,0.049400001764297485,0.017389999702572823,0.0,0.0,0.011180000379681587,0.0,0.0,0.010529999621212482,0.018519999459385872],[0.009069999679923058,0.0,0.0,0.0,0.0,0.05843999981880188,0.0067900000140070915,0.0,0.0,0.0,0.0,0.0,0.0,0.006889999844133854,0.0,0.0,0.0,0.0,0.014159999787807465,0.009800000116229057,0.01931999996304512,0.030959999188780785,0.0,0.0,0.0,0.0,0.0,0.0,0.0,0.0,0.0,0.01769999973475933,0.0,0.0,0.0,0.017650000751018524,0.004019999876618385,0.0,0.0,0.0,0.0,0.0,0.0,0.05465000122785568,0.0,0.00810999982059002,0.0,0.015629999339580536,0.0,0.018929999321699142]],