{"objective":7654.28955078125,"runtime":1.0,"usage_matrix":[[0.0,0.007280000019818544,0.0,0.0,0.0,0.0006799999973736703,0.0,0.0,0.0,0.0,0.017069999128580093,0.009259999729692936,0.0,0.024210000410676003,0.0,0.0,0.0,0.0,0.02508999966084957,0.0,0.0,0.0,0.0,0.01030999980866909,0.0,0.029239999130368233,0.03409000113606453,0.0,0.018130000680685043,0.0,0.0,0.012480000033974648,0.0,0.0,0.03370999917387962,0.046470001339912415,0.023070000112056732,0.0,0.0,0.002749999985098839,0.01867000013589859,0.0,0.009259999729692936,0.0,0.003980000037699938,0.0,0.0009200000204145908,0.006409999914467335,0.010200000368058681,0.015629999339580536],[0.06355000287294388,0.0,0.02246999926865101,0.0,0.009510000236332417,0.0,0.0,0.0319099985063076,0.0,0.01075000036507845,0.0065299998968839645,0.0031500000040978193,0.0,0.0015200000489130616,0.0,0.019829999655485153,0.0,0.0,0.005169999785721302,0.0016899999463930726,0.0,0.0,0.008620000444352627,0.03102000057697296,0.0291300006210804,0.010099999606609344,0.0,0.0,0.02824999950826168,0.0006099999882280827,0.00901000015437603,0.0,0.0018400000408291817,0.01802000030875206,0.0,0.0,0.007519999984651804,0.01013999991118908,0.009999999776482582,0.0,0.010250000283122063,0.0,0.0370200015604496,0.0,0.07627999782562256,0.0,0.0009299999801442027,0.00989999994635582,0.0,0.0],[0.002630000002682209,0.03209000080823898,0.0,0.030300000682473183,0.0033599999733269215,0.000750000006519258,0.0,0.01425000000745058,0.0,0.0,0.00877000018954277,0.0,0.010420000180602074,0.05262000113725662,0.03334999829530716,0.0,0.0,0.04397999867796898,0.0,0.0,0.0291300006210804,0.0,0.0,0.0,0.0,0.012199999764561653,0.0,0.0,0.0,0.009089999832212925,0.03528999909758568,0.0,0.00171999994199723,0.0,0.02969999983906746,0.0,0.0,0.025259999558329582,0.02273000031709671,0.011950000189244747,0.0,0.0,0.016950000077486038,0.0,0.02810000069439411,0.009999999776482582,0.0,0.0,0.0,0.0],[0.0,0.005659999791532755,0.0,0.0,0.04301000013947487,0.0,0.0,0.021980000659823418,0.0,0.008849999867379665,0.0,0.010200000368058681,0.01875999942421913,0.0,0.0,0.0,0.0,0.015110000036656857,0.034619998186826706,0.018640000373125076,0.0,0.03271999955177307,0.0,0.00394000019878149,0.0,0.0,0.010870000347495079,0.0,0.0,0.0,0.03150000050663948,0.009800000116229057,0.01727999933063984,0.0,0.012330000288784504,0.020679999142885208,0.0,0.0,0.0,0.0,0.056120000779628754,0.012810000218451023,0.0,0.009750000201165676,0.0,0.0,0.0,0.0,0.0,0.0],[0.0,0.005330000072717667,0.0,0.0,0.0,0.0,0.010529999621212482,0.010739999823272228,0.027969999238848686,0.0,0.008170000277459621,0.0,0.010099999606609344,0.0,0.014510000124573708,0.011579999700188637,0.0,0.0,0.0,0.0,0.011760000139474869,0.004519999958574772,0.020679999142885208,0.004769999999552965,0.0,0.009479999542236328,0.007860000245273113,0.029410000890493393,0.006300000008195639,0.0,0.009639999829232693,0.0,0.011629999615252018,0.0,0.004040000028908253,0.0,0.005289999768137932,0.0,0.0,0.0,0.03460000082850456,0.011640000157058239,0.0,0.0,0.08596000075340271,0.0,0.005059999879449606,0.0,0.0,0.010739999823272228],[0.011389999650418758,0.0007900000200606883,0.0,0.014960000291466713,0.011370000429451466,0.0,0.0,0.005160000175237656,0.027620000764727592,0.0020000000949949026,0.0,0.017389999702572823,0.0,0.0,0.0,0.003819999983534217,0.049630001187324524,0.0,0.0,0.0,0.0,0.0,0.0,0.0,0.027249999344348907,0.03158000111579895,0.0,0.007029999978840351,0.0,0.0,0.0044200001284480095,0.0,0.009270000271499157,0.06061000004410744,0.026569999754428864,0.0013699999544769526,0.0,0.0,0.0,0.0,0.0,0.05266999825835228,0.004149999935179949,0.0,0.0,0.0,0.0,0.00989999994635582,0.0,0.0],[0.0,0.0017600000137463212,0.0,0.00989999994635582,0.0019399999873712659,0.009340000338852406,0.0,0.0,0.028209999203681946,0.0,0.0002500000118743628,0.0,0.0,0.0,0.009139999747276306,0.0,0.0,0.0,0.03871000185608864,0.0,0.0,0.0,0.0,0.0,0.009890000335872173,0.0,0.0,0.019449999555945396,0.0,0.0,0.0,0.012900000438094139,0.0,0.006839999929070473,0.0,0.0,0.0,0.01779000088572502,0.0,0.0,0.0003100000030826777,0.02889000065624714,0.0,0.008940000087022781,0.012600000016391277,0.0,0.0170499999076128,0.02246999926865101,0.00901000015437603,0.009429999627172947],[0.0,0.013500000350177288,0.0,0.0,0.0,0.01834999956190586,0.0,0.0013599999947473407,0.0,0.02809000015258789,0.0,0.02127999998629093,0.0,0.03626000136137009,0.010099999606609344,0.025709999725222588,0.0,0.016440000385046005,0.0,0.009170000441372395,0.0,0.0,0.0,0.0,0.003370000049471855,0.015860000625252724,0.016610000282526016,0.0,0.0,0.0,0.054349999874830246,0.0,0.0,0.0,0.0,0.029249999672174454,0.028510000556707382,0.0,0.0,0.029109999537467957,0.004840000066906214,0.0,0.01408000010997057,0.008700000122189522,0.017869999632239342,0.0,0.007890000008046627,0.04470999911427498,0.026809999719262123,0.0022700000554323196],[0.0,0.0,0.010529999621212482,0.0,0.0,0.00795000046491623,0.009820000268518925,0.0,0.06241999939084053,0.0,0.008070000447332859,0.0,0.0,0.0,0.0,0.0,0.0,0.014279999770224094,0.0,0.0,0.0,0.0,0.00853000022470951,0.0,0.0,0.0,0.0,0.0,0.0027799999807029963,0.0016599999507889152,0.0,0.0,0.012020000256597996,0.0,0.0,0.008550000376999378,0.0,0.032510001212358475,0.0,0.0,0.0,0.0035000001080334187,0.0,0.0,0.0,0.010200000368058681,0.04608000069856644,0.008179999887943268,0.0,0.01892000064253807],[0.0076299998909235,0.0,0.0,0.007000000216066837,0.0,0.0,0.03545000031590462,0.008259999565780163,0.0,0.02459000051021576,0.0254100002348423,0.0,0.01672999933362007,0.005789999850094318,0.0,0.0,0.0,0.0,0.002850000048056245,0.0,0.0,0.012969999574124813,0.0,0.027089999988675117,0.0064500002190470695,0.009519999846816063,0.021050000563263893,0.005319999996572733,0.0,0.009600000455975533,0.0,0.002309999894350767,0.0066200001165270805,0.0,0.0,0.0,0.0,0.0,0.0,0.0,0.0,0.0,0.0,0.011900000274181366,0.01358999963849783,0.007660000119358301,0.0,0.0,0.01923000067472458,0.0]],