{"objective":9406.732421875,"runtime":1.0,"usage_matrix":[[0.022579999640583992,0.0,0.0,0.0,0.0,0.011260000057518482,0.0,0.0,0.0,0.0,0.0,0.009709999896585941,0.0,0.0,0.0,0.0,0.011180000379681587,0.0,0.034860000014305115,0.0,0.009519999846816063,0.0,0.0,0.06035999953746796,0.0,0.0,0.0,0.030559999868273735,0.0,0.0,0.0392800010740757,0.0,0.056529998779296875,0.03957999870181084,0.0,0.011110000312328339,0.009610000066459179,0.0,0.0,0.00875999964773655,0.0,0.010420000180602074,0.0,0.0,0.024210000410676003,0.022199999541044235,0.0,0.0,0.01561999972909689,0.0],[0.08761999756097794,0.010209999978542328,0.0,0.032660000026226044,0.0,0.0,0.0,0.0,0.008469999767839909,0.0,0.0,0.0,0.0,0.0,0.01042999979108572,0.0008699999889358878,0.0,0.0,0.024410000070929527,0.0,0.018519999459385872,0.03286999836564064,0.0,0.0,0.0,0.0,0.0,0.0,0.0,0.0,0.01522000040858984,0.011710000224411488,0.024569999426603317,0.03092999942600727,0.0,0.0,0.0,0.0,0.0,0.0,0.0058200000785291195,0.010529999621212482,0.02419999986886978,0.0,0.0014799999771639705,0.0,0.0,0.0,0.0,0.0],[0.04261999949812889,0.018869999796152115,0.0,0.04780999943614006,0.0028299998957663774,0.01281999982893467,0.0,0.010099999606609344,0.0,0.01143999956548214,0.005169999785721302,0.0,0.03395000100135803,0.05940999835729599,0.0,0.0,0.0,0.0,0.010990000329911709,0.0,0.0,0.0,0.014689999632537365,0.0,0.027780000120401382,0.02232999913394451,0.03409000113606453,0.009519999846816063,0.007240000180900097,0.0,0.003759999992325902,0.0,0.0,0.0,0.0,0.0,0.0,0.007060000207275152,0.017160000279545784,0.00009999999747378752,0.04441000148653984,0.009429999627172947,0.020269999280571938,0.0,0.0,0.0,0.0,0.00965999998152256,0.0,0.0],[0.0,0.0,0.0,0.030239999294281006,0.005929999984800816,0.0363599993288517,0.016950000077486038,0.0,0.0,0.04983999952673912,0.0,0.0,0.0,0.01817999966442585,0.0,0.0,0.005030000116676092,0.014120000414550304,0.0,0.0,0.0,0.0,0.0,0.04453999921679497,0.0,0.02070000022649765,0.0,0.009200000204145908,0.02517000027000904,0.0,0.022590000182390213,0.0,0.0,0.01979999989271164,0.0,0.009619999676942825,0.014949999749660492,0.0,0.0,0.0,0.0,0.00892999954521656,0.02281999960541725,0.0,0.0,0.0,0.018810000270605087,0.0,0.029030000790953636,0.0],[0.0,0.0,0.05403999984264374,0.0,0.013799999840557575,0.0,0.0,0.009349999949336052,0.025019999593496323,0.0,0.03959999978542328,0.0,0.0,0.0,0.011490000411868095,0.005979999899864197,0.007899999618530273,0.023110000416636467,0.0,0.0,0.010420000180602074,0.0,0.0,0.0,0.029410000890493393,0.0,0.004889999981969595,0.0,0.0,0.009519999846816063,0.0,0.027000000700354576,0.0,0.0319099985063076,0.006169999949634075,0.02710000053048134,0.0101500004529953,0.0,0.0,0.0,0.0,0.003229999914765358,0.00953999999910593,0.010990000329911709,0.029079999774694443,0.0,0.022390000522136688,0.0,0.0,0.02019999921321869],[0.0,0.011789999902248383,0.0587100014090538,0.0,0.0,0.0,0.0,0.01834999956190586,0.0,0.0,0.04255000129342079,0.010520000010728836,0.0,0.0,0.0,0.0,0.022919999435544014,0.0,0.0,0.010420000180602074,0.010990000329911709,0.0,0.0,0.06097999960184097,0.0,0.0,0.0,0.0,0.007249999791383743,0.009089999832212925,0.0,0.06549999862909317,0.0,0.0,0.01696999929845333,0.009270000271499157,0.0036299999337643385,0.030300000682473183,0.013989999890327454,0.021460000425577164,0.0,0.009890000335872173,0.0,0.0,0.006430000066757202,0.0,0.0,0.0,0.009259999729692936,0.0],[0.023229999467730522,0.004370000213384628,0.025629999116063118,0.0,0.0,0.011629999615252018,0.0,0.0,0.0040699997916817665,0.0,0.02857000008225441,0.01923000067472458,0.1281999945640564,0.0,0.0,0.00546000013127923,0.0030300000216811895,0.002749999985098839,0.021740000694990158,0.0,0.009089999832212925,0.0,0.02652999944984913,0.0,0.0027699999045580626,0.00430000014603138,0.003280000062659383,0.021290000528097153,0.054749999195337296,0.0,0.0,0.03511999920010567,0.0,0.0,0.0,0.01205000001937151,0.011579999700188637,0.0,0.0,0.0,0.005169999785721302,0.0,0.0,0.00877000018954277,0.0002500000118743628,0.0,0.0,0.0,0.021980000659823418,0.0],[0.0384100005030632,0.0,0.002749999985098839,0.0,0.010990000329911709,0.007899999618530273,0.0,0.0,0.0081599997356534,0.0,0.0,0.0,0.0,0.0,0.0,0.06554000079631805,0.0086899995803833,0.0,0.0,0.0,0.0,0.011490000411868095,0.0,0.03203999996185303,0.0,0.0,0.0,0.022220000624656677,0.0,0.009709999896585941,0.0,0.0,0.0,0.0022899999748915434,0.0,0.0,0.0,0.02101000025868416,0.015119999647140503,0.0,0.05232999846339226,0.006730000022798777,0.0,0.0,0.020409999415278435,0.040119998157024384,0.009610000066459179,0.009429999627172947,0.011819999665021896,0.0],[0.0,0.0,0.0,0.013279999606311321,0.013880000449717045,0.0,0.0,0.0,0.010689999908208847,0.0,0.019610000774264336,0.0,0.0405299998819828,0.0,0.01607000082731247,0.0,0.0,0.0,0.0,0.0,0.03200000151991844,0.0,0.0,0.016750000417232513,0.0,0.0,0.0,0.0,0.0,0.0,0.008910000324249268,0.0,0.053679998964071274,0.0,0.0,0.020549999549984932,0.0,0.0,0.0,0.004290000069886446,0.001990000018849969,0.0,0.0,0.031780000776052475,0.0009699999936856329,0.015639999881386757,0.0,0.011300000362098217,0.0019099999917671084,0.0],[0.002899999963119626,0.01754000037908554,0.0,0.0,0.009519999846816063,0.009170000441372395,0.0,0.009859999641776085,0.020360000431537628,0.0,0.0,0.0,0.0,0.0,0.00877000018954277,0.0,0.0,0.07237999886274338,0.0,0.0,0.0,0.0,0.010870000347495079,0.0,0.0,0.0,0.0,0.024620000272989273,0.06690999865531921,0.0,0.0,0.0,0.0,0.00139999995008111,0.0,0.020829999819397926,0.0,0.015629999339580536,0.001500000013038516,0.0007800000021234155,0.017090000212192535,0.0,0.029440000653266907,0.0,0.0,0.05857999995350838,0.09604000300168991,0.028300000354647636,0.0,0.0]],