{"objective":6678.4912109375,"runtime":1.0,"usage_matrix":[[0.0,0.005710000172257423,0.0,0.0,0.0,0.01979999989271164,0.0,0.0,0.0,0.03245000168681145,0.0,0.011359999887645245,0.0,0.0,0.003389999968931079,0.05045999959111214,0.0,0.0,0.0,0.0,0.0,0.0,0.03528999909758568,0.0,0.02127999998629093,0.0,0.0,0.0,0.0,0.01947000063955784,0.0,0.002749999985098839,0.010440000332891941,0.02061999961733818,0.010329999960958958,0.0,0.0,0.0,0.00791999977082014,0.04307999834418297,0.01834999956190586,0.028039999306201935,0.0189800001680851,0.0,0.0,0.0,0.01351999957114458,0.0,0.0,0.0],[0.0,0.0,0.005799999926239252,0.013299999758601189,0.021740000694990158,0.0,0.015890000388026237,0.007120000198483467,0.017480000853538513,0.0,0.0,0.015440000221133232,0.00795000046491623,0.007829999551177025,0.00007999999797903001,0.0,0.011029999703168869,0.03846000134944916,0.0,0.001769999973475933,0.0,0.002689999993890524,0.005710000172257423,0.0,0.020829999819397926,0.0,0.007790000177919865,0.0,0.016259999945759773,0.011900000274181366,0.019050000235438347,0.0,0.0,0.01803000085055828,0.0,0.0,0.0291300006210804,0.006300000008195639,0.01128000020980835,0.03010999970138073,0.009089999832212925,0.0,0.011359999887645245,0.0,0.0,0.0002800000074785203,0.011950000189244747,0.019379999488592148,0.009709999896585941,0.00901000015437603],[0.11912000179290771,0.007160000037401915,0.0,0.016759999096393585,0.010420000180602074,0.0,0.0,0.005379999987781048,0.0002899999963119626,0.0,0.01769999973475933,0.0,0.0,0.016580000519752502,0.01030999980866909,0.008200000040233135,0.0,0.029980000108480453,0.0,0.011739999987185001,0.01484999991953373,0.0,0.006969999987632036,0.009619999676942825,0.00646999990567565,0.0,0.0,0.0036800000816583633,0.013659999705851078,0.0553399994969368,0.0,0.009800000116229057,0.0,0.009800000116229057,0.0,0.008550000376999378,0.0,0.004650000017136335,0.0,0.0,0.0,0.0,0.009709999896585941,0.0,0.0,0.0,0.0,0.0,0.0,0.009089999832212925],[0.016720000654459,0.0,0.0,0.010529999621212482,0.0,0.0,0.0007300000288523734,0.043049998581409454,0.014949999749660492,0.011490000411868095,0.0,0.011490000411868095,0.0,0.0,0.0027000000700354576,0.0,0.009170000441372395,0.03773000091314316,0.003860000055283308,0.0,0.009519999846816063,0.01720000058412552,0.012810000218451023,0.0,0.01834999956190586,0.009349999949336052,0.0,0.0,0.0025500000920146704,0.0,0.019999999552965164,0.0,0.027540000155568123,0.0,0.0,0.0,0.0,0.009700000286102295,0.0,0.0,0.0,0.0,0.0,0.0,0.025049999356269836,0.02937999926507473,0.03558000177145004,0.0,0.0,0.010529999621212482],[0.0,0.035679999738931656,0.008440000005066395,0.024620000272989273,0.0,0.0,0.0,0.0,0.037050001323223114,0.0,0.04755000025033951,0.0,0.0,0.0,0.004809999838471413,0.09581000357866287,0.0,0.013779999688267708,0.01679999940097332,0.0,0.0,0.007309999782592058,0.0,0.0,0.0,0.0,0.019500000402331352,0.0,0.0010600000387057662,0.0,0.021980000659823418,0.0,0.0,0.041669998317956924,0.00044999999227002263,0.008700000122189522,0.019999999552965164,0.0017399999778717756,0.05861999839544296,0.0,0.0,0.0,0.020829999819397926,0.020919999107718468,0.0,0.018370000645518303,0.0,0.009170000441372395,0.0,0.0],[0.0,0.013399999588727951,0.0,0.021390000358223915,0.0134699996560812,0.0,0.02483000047504902,0.007799999788403511,0.025019999593496323,0.0,0.010099999606609344,0.0038499999791383743,0.019050000235438347,0.0,0.0,0.0,0.03263000026345253,0.005789999850094318,0.0,0.0,0.0,0.002950000111013651,0.0,0.0,0.0,0.010610000230371952,0.010169999673962593,0.0,0.0009599999757483602,0.0024399999529123306,0.0,0.019419999793171883,0.0,0.0,0.007809999864548445,0.009349999949336052,0.0,0.0,0.0,0.008009999990463257,0.0094200000166893,0.025839999318122864,0.010870000347495079,0.011880000121891499,0.012500000186264515,0.0,0.0,0.014290000312030315,0.0,0.0],[0.0,0.015469999983906746,0.030980000272393227,0.0,0.028300000354647636,0.009259999729692936,0.0,0.0,0.0,0.0,0.0,0.014689999632537365,0.0,0.0,0.01597999967634678,0.008630000054836273,0.0,0.0,0.0,0.0,0.0034799999557435513,0.0,0.0129399998113513,0.0,0.0,0.0,0.00418000016361475,0.0,0.0,0.0,0.004269999917596579,0.014519999735057354,0.0,0.01979999989271164,0.021330000832676888,0.0,0.009150000289082527,0.0,0.0,0.0,0.009800000116229057,0.0,0.018570000305771828,0.011889999732375145,0.0,0.009770000353455544,0.05412999913096428,0.0,0.0,0.008980000391602516],[0.0,0.0,0.0,0.055560000240802765,0.0,0.028289999812841415,0.009820000268518925,0.0,0.007579999975860119,0.002959999954327941,0.0,0.032260000705718994,0.0,0.0,0.0,0.0,0.009270000271499157,0.001979999942705035,0.0,0.0,0.033560000360012054,0.01867000013589859,0.0,0.05127999931573868,0.0,0.0,0.01779000088572502,0.025669999420642853,0.0,0.0,0.0,0.01802000030875206,0.0203699991106987,0.0,0.028300000354647636,0.0,0.009709999896585941,0.04797999933362007,0.05350000038743019,0.010219999589025974,0.0,0.0,0.03570999950170517,0.028379999101161957,0.0,0.0,0.0,0.0,0.011070000007748604,0.0],[0.0,0.0,0.0,0.0,0.010870000347495079,0.025669999420642853,0.0,0.05121999979019165,0.0,0.0,0.0,0.008329999633133411,0.019419999793171883,0.0,0.02857000008225441,0.0,0.0,0.0,0.009770000353455544,0.010990000329911709,0.0,0.017139999195933342,0.00788000039756298,0.05195000022649765,0.0,0.0,0.026240000501275063,0.005059999879449606,0.0058200000785291195,0.0,0.012199999764561653,0.008779999800026417,0.011269999668002129,0.0,0.0,0.019999999552965164,0.025919999927282333,0.0,0.0,0.007689999882131815,0.0,0.0,0.0,0.02833000011742115,0.007410000078380108,0.0,0.0,0.009850000031292439,0.03579000011086464,0.0],[0.0763000026345253,0.00698000006377697,0.010089999996125698,0.0,0.02353000082075596,0.0,0.004629999864846468,0.006289999932050705,0.0,0.01075000036507845,0.0,0.009170000441372395,0.019610000774264336,0.02493000030517578,0.0,0.0,0.009259999729692936,0.00013000000035390258,0.0,0.0,0.013670000247657299,0.0006000000284984708,0.0,0.028200000524520874,0.0,0.009800000116229057,0.03824000060558319,0.0,0.0,0.0,0.010639999993145466,0.011110000312328339,0.00033999999868683517,0.0,0.0,0.0,0.0,0.0,0.0,0.0,0.0,0.004769999999552965,0.0034799999557435513,0.011110000312328339,0.036410000175237656,0.027790000662207603,0.0,0.0,0.0,0.0]],