{"objective":9608.8203125,"runtime":2.0,"usage_matrix":[[0.0,0.0,0.0,0.02019999921321869,0.004170000087469816,0.0,0.016419999301433563,0.00011999999696854502,0.0,0.023259999230504036,0.0,0.0,0.030939999967813492,0.0038900000508874655,0.044769998639822006,0.0,0.0,0.020409999415278435,0.0,0.0,0.0,0.0,0.0,0.018519999459385872,0.006320000160485506,0.01590000092983246,0.0,0.0,0.04016000032424927,0.010990000329911709,0.0,0.0,0.007829999551177025,0.027410000562667847,0.0,0.018689999356865883,0.0,0.0846799984574318,0.0,0.011239999905228615,0.0,0.0,0.0,0.0,0.0,0.0,0.023770000785589218,0.009170000441372395,0.0,0.0],[0.06560999900102615,0.004610000178217888,0.0030499999411404133,0.0,0.01655000075697899,0.00494999997317791,0.0,0.0,0.0,0.00901000015437603,0.0,0.02369000017642975,0.008089999668300152,0.010540000163018703,0.030139999464154243,0.0,0.0,0.0,0.0,0.00558000011369586,0.010099999606609344,0.0,0.0,0.010639999993145466,0.0,0.0,0.010850000195205212,0.00009999999747378752,0.043069999665021896,0.0,0.00901000015437603,0.0,0.0,0.0026000000070780516,0.009800000116229057,0.009379999712109566,0.0,0.0,0.0,0.019610000774264336,0.012160000391304493,0.0,0.0,0.0,0.0,0.10317999869585037,0.0,0.009709999896585941,0.0,0.0017000000225380063],[0.04185999929904938,0.0,0.0008399999933317304,0.043480001389980316,0.0014199999859556556,0.0,0.005369999911636114,0.0009399999980814755,0.0,0.0,0.0,0.0,0.0,0.01769999973475933,0.0,0.0,0.00547999981790781,0.0,0.0,0.0,0.0,0.0,0.018309999257326126,0.0,0.0,0.0,0.008329999633133411,0.0,0.022339999675750732,0.009259999729692936,0.009060000069439411,0.013919999822974205,0.009879999794065952,0.0,0.0,0.037039998918771744,0.0,0.04481000080704689,0.0,0.011909999884665012,0.027659999206662178,0.0,0.022910000756382942,0.0,0.0007300000288523734,0.0,0.01768999919295311,0.0,0.008089999668300152,0.0],[0.0,0.0026100000832229853,0.026690000668168068,0.0,0.0,0.0,0.0,0.0016799999866634607,0.01947000063955784,0.0,0.0,0.0,0.0,0.0,0.03460000082850456,0.0,0.0,0.0,0.0,0.017829999327659607,0.007189999800175428,0.009030000306665897,0.0,0.009519999846816063,0.0,0.09734000265598297,0.0,0.0,0.0,0.008849999867379665,0.0,0.010520000010728836,0.0,0.010080000385642052,0.01075000036507845,0.0,0.0,0.0,0.00803999975323677,0.0,0.0,0.007739999797195196,0.007660000119358301,0.04546000063419342,0.0,0.01924999989569187,0.02127999998629093,0.0,0.0,0.00848000030964613],[0.014310000464320183,0.0,0.0,0.0,0.0,0.0,0.0007200000109151006,0.0,0.028860000893473625,0.0,0.0,0.0,0.0,0.007079999893903732,0.013849999755620956,0.0,0.0,0.0,0.009800000116229057,0.0,0.0,0.0,0.0028699999675154686,0.01923000067472458,0.008259999565780163,0.004639999940991402,0.04213999956846237,0.02425999939441681,0.0,0.0,0.0,0.016750000417232513,0.025669999420642853,0.0005699999746866524,0.0,0.0,0.002259999979287386,0.008179999887943268,0.0,0.0,0.040789999067783356,0.0,0.0006099999882280827,0.008539999835193157,0.005119999870657921,0.0,0.0,0.0,0.04879999905824661,0.0],[0.0,0.0,0.0,0.0,0.0,0.05962999910116196,0.0,0.0,0.0071299998089671135,0.01834999956190586,0.0,0.0,0.0,0.00887999963015318,0.010440000332891941,0.0,0.0,0.01075000036507845,0.0,0.0,0.03158000111579895,0.04723000153899193,0.0,0.005229999776929617,0.0,0.0,0.032910000532865524,0.0020200000144541264,0.0,0.0,0.0,0.018880000337958336,0.0,0.0,0.0,0.030300000682473183,0.0,0.006719999946653843,0.025849999859929085,0.009349999949336052,0.07474000006914139,0.03158000111579895,0.0,0.0,0.0,0.0,0.03974999859929085,0.015289999544620514,0.0,0.0],[0.0,0.0,0.009720000438392162,0.01817999966442585,0.01779000088572502,0.0,0.0,0.003100000089034438,0.0,0.00901000015437603,0.0,0.0,0.0,0.0009899999713525176,0.0,0.005510000046342611,0.013240000233054161,0.0,0.008129999972879887,0.0,0.016759999096393585,0.0,0.023970000445842743,0.0,0.0,0.0,0.0,0.0,0.024709999561309814,0.008259999565780163,0.00482999999076128,0.0,0.0,0.013539999723434448,0.018689999356865883,0.0,0.0,0.014310000464320183,0.0,0.0,0.0,0.0,0.0,0.030939999967813492,0.0,0.0,0.0,0.010420000180602074,0.005439999978989363,0.0],[0.0,0.0,0.0,0.0,0.020409999415278435,0.0,0.007689999882131815,0.0,0.00786999985575676,0.01834999956190586,0.0,0.0013000000035390258,0.009619999676942825,0.057009998708963394,0.0,0.01075000036507845,0.05421999841928482,0.0,0.0319099985063076,0.0,0.01979999989271164,0.0021800000686198473,0.007960000075399876,0.0,0.0,0.0,0.0,0.005789999850094318,0.0,0.0,0.0,0.020959999412298203,0.010470000095665455,0.009999999776482582,0.0021299999207258224,0.02563999965786934,0.021980000659823418,0.016189999878406525,0.0,0.006430000066757202,0.0,0.008849999867379665,0.014390000142157078,0.00494999997317791,0.004679999779909849,0.0,0.0,0.0,0.0203000009059906,0.0],[0.11048000305891037,0.0060800001956522465,0.0,0.0,0.0017399999778717756,0.0406000018119812,0.0,0.011230000294744968,0.0,0.011009999550879002,0.0,0.018540000542998314,0.010200000368058681,0.0,0.0,0.009909999556839466,0.0,0.0,0.0,0.02418000064790249,0.015860000625252724,0.0027199999894946814,0.000910000002477318,0.0,0.0,0.029729999601840973,0.005140000022947788,0.025800000876188278,0.006719999946653843,0.0,0.011760000139474869,0.0003000000142492354,0.022220000624656677,0.009340000338852406,0.0,0.0,0.0,0.0,0.002099999925121665,0.0,0.03220999985933304,0.0,0.001180000021122396,0.0,0.005789999850094318,0.0,0.020829999819397926,0.02150999940931797,0.0,0.018519999459385872],[0.0,0.0,0.06312000006437302,0.010060000233352184,0.03750000149011612,0.0,0.0,0.0,0.0,0.02312999963760376,0.08586999773979187,0.02469000034034252,0.0,0.0,0.01384000014513731,0.057989999651908875,0.055959999561309814,0.010099999606609344,0.0,0.0,0.0,0.006000000052154064,0.0,0.0,0.01769999973475933,0.0,0.004579999949783087,0.0061900001019239426,0.0,0.0,0.0,0.010599999688565731,0.0,0.0,0.0,0.0,0.0,0.0,0.0,0.008620000444352627,0.0,0.0,0.011769999749958515,0.04936999827623367,0.00892999954521656,0.0,0.005210000090301037,0.0,0.008559999987483025,0.0]],