{"objective":8678.8271484375,"runtime":1.0,"usage_matrix":[[0.0,0.00812000036239624,0.05375999957323074,0.009820000268518925,0.0,0.012260000221431255,0.0,0.009429999627172947,0.01030999980866909,0.044780001044273376,0.0,0.023329999297857285,0.0007999999797903001,0.01281999982893467,0.0,0.0,0.0,0.0,0.0004299999854993075,0.0,0.0,0.0,0.05178999900817871,0.0,0.006839999929070473,0.05350999906659126,0.0,0.0,0.0,0.0,0.0,0.0,0.0,0.0,0.009340000338852406,0.0,0.0,0.0,0.009600000455975533,0.0,0.023310000076889992,0.0,0.00877000018954277,0.00803999975323677,0.0,0.0,0.0,0.0,0.0,0.01030999980866909],[0.09030000120401382,0.007420000154525042,0.011110000312328339,0.002899999963119626,0.0,0.0,0.04197999835014343,0.002959999954327941,0.0,0.0,0.0,0.0,0.01107999961823225,0.0,0.009999999776482582,0.011590000241994858,0.015780000016093254,0.028300000354647636,0.0,0.0,0.0,0.0,0.019770000129938126,0.0,0.00989999994635582,0.0,0.010099999606609344,0.0,0.0,0.0,0.036649998277425766,0.0,0.0,0.005369999911636114,0.0,0.03130999952554703,0.009800000116229057,0.005669999867677689,0.0038300000596791506,0.0,0.015329999849200249,0.0,0.0,0.0,0.0012400000123307109,0.017069999128580093,0.0,0.0,0.0,0.0061900001019239426],[0.03805999830365181,0.04343000054359436,0.0,0.0,0.0,0.012179999612271786,0.0,0.0,0.03061000071465969,0.0,0.04797999933362007,0.0,0.016829999163746834,0.011800000444054604,0.0,0.003229999914765358,0.0,0.00395999988541007,0.0031900000758469105,0.00901000015437603,0.0,0.0,0.017249999567866325,0.0291300006210804,0.0074800001457333565,0.009290000423789024,0.009519999846816063,0.019700000062584877,0.01875999942421913,0.0015200000489130616,0.0,0.009180000051856041,0.0,0.0538100004196167,0.0015699999639764428,0.0,0.0,0.0,0.0,0.0,0.0,0.0,0.014670000411570072,0.010200000368058681,0.0,0.0,0.014360000379383564,0.0,0.020409999415278435,0.0],[0.0023300000466406345,0.021980000659823418,0.008129999972879887,0.0,0.03889999911189079,0.0,0.0,0.009709999896585941,0.0,0.00774999987334013,0.0,0.00989999994635582,0.021400000900030136,0.015639999881386757,0.011110000312328339,0.0,0.0,0.0,0.0,0.0,0.0,0.0,0.0,0.01006999984383583,0.0034000000450760126,0.0,0.0,0.0,0.0,0.0,0.0,0.0,0.0,0.0,0.020980000495910645,0.0,0.0,0.00989999994635582,0.0,0.0,0.0,0.007579999975860119,0.0,0.00761000020429492,0.033229999244213104,0.004410000052303076,0.0,0.0,0.009349999949336052,0.010990000329911709],[0.0,0.0163199994713068,0.009429999627172947,0.019920000806450844,0.0,0.0029700000304728746,0.005319999996572733,0.0,0.0,0.00019999999494757503,0.0,0.007060000207275152,0.0,0.006149999797344208,0.009429999627172947,0.01769999973475933,0.0,0.0,0.0,0.0,0.0,0.0,0.04583999887108803,0.0,0.0,0.0,0.0,0.017090000212192535,0.0,0.0,0.05009999871253967,0.0,0.0,0.025599999353289604,0.038029998540878296,0.0,0.011359999887645245,0.0,0.0,0.0,0.02442999929189682,0.0,0.009999999776482582,0.0,0.00046999999904073775,0.0,0.0,0.008190000429749489,0.00892999954521656,0.008270000107586384],[0.0,0.011490000411868095,0.0,0.0008999999845400453,0.0524899996817112,0.011490000411868095,0.0,0.0,0.00418000016361475,0.0,0.0,0.010870000347495079,0.0,0.018969999626278877,0.00839999970048666,0.005049999803304672,0.00880999956279993,0.01576000079512596,0.0,0.0,0.03911000117659569,0.0,0.0,0.0,0.0,0.0,0.0,0.0,0.02150999940931797,0.0,0.022630000486969948,0.0,0.04529000073671341,0.0,0.0,0.001069999998435378,0.0,0.0,0.011380000039935112,0.028850000351667404,0.0,0.02127999998629093,0.051259998232126236,0.0,0.0022299999836832285,0.0,0.0,0.0,0.012260000221431255,0.0],[0.0,0.005969999823719263,0.051020000129938126,0.0048699998296797276,0.0,0.02538999915122986,0.0,0.0,0.0,0.0,0.0,0.0,0.0,0.0024999999441206455,0.0,0.0,0.0,0.03068999946117401,0.0,0.0,0.0,0.02150999940931797,0.0,0.0,0.0,0.07311999797821045,0.0,0.0,0.0,0.0,0.0,0.0,0.0,0.0,0.010130000300705433,0.0,0.02515999972820282,0.0,0.008220000192523003,0.01979999989271164,0.026990000158548355,0.0,0.0,0.00989999994635582,0.01152000017464161,0.0,0.0,0.0,0.0,0.0],[0.0,0.0,0.0,0.0,0.0,0.0,0.0,0.0,0.010639999993145466,0.0,0.0,0.0,0.0,0.0,0.0,0.0,0.06391999870538712,0.0,0.0,0.009610000066459179,0.032919999212026596,0.0,0.0,0.0,0.0,0.0,0.0,0.0,0.010420000180602074,0.005489999894052744,0.0,0.0261400006711483,0.0,0.09158000349998474,0.0,0.05519000068306923,0.0,0.018950000405311584,0.010180000215768814,0.0,0.0,0.0,0.0,0.0,0.0,0.0,0.0,0.009800000116229057,0.0073899999260902405,0.0],[0.0,0.0,0.0,0.030889999121427536,0.00031999999191612005,0.0,0.0,0.04123999923467636,0.0,0.0,0.03327000141143799,0.03232000023126602,0.0,0.0,0.0,0.0,0.0020000000949949026,0.001610000035725534,0.0,0.010529999621212482,0.0,0.010320000350475311,0.0,0.010420000180602074,0.0,0.0,0.01140000019222498,0.0,0.0,0.0064199999906122684,0.03214000165462494,0.01923000067472458,0.0,0.0,0.0,0.0,0.04535000026226044,0.006049999967217445,0.009170000441372395,0.0,0.0,0.009259999729692936,0.002580000087618828,0.004379999823868275,0.0,0.0,0.03051000088453293,0.0,0.009650000371038914,0.0],[0.0,0.019379999488592148,0.013079999946057796,0.0,0.0,0.004749999847263098,0.006459999829530716,0.0,0.0,0.0,0.008999999612569809,0.0,0.011959999799728394,0.01940000057220459,0.0,0.0,0.0,0.0,0.0027600000612437725,0.0,0.0,0.0,0.004920000210404396,0.0,0.0,0.028540000319480896,0.0,0.0,0.0,0.0,0.0,0.0,0.05973999947309494,0.0,0.0,0.013670000247657299,0.02150999940931797,0.0,0.01923000067472458,0.0,0.0,0.01978999935090542,0.010060000233352184,0.009610000066459179,0.0,0.0,0.0,0.006659999955445528,0.009999999776482582,0.0]],