{"objective":8769.2880859375,"runtime":1.0,"usage_matrix":[[0.001019999966956675,0.0,0.00009999999747378752,0.0,0.0,0.01979999989271164,0.0,0.0,0.0,0.0,0.0,0.003100000089034438,0.011789999902248383,0.045889999717473984,0.010200000368058681,0.0,0.04805999994277954,0.010300000198185444,0.04236000031232834,0.0,0.0,0.0,0.009680000133812428,0.0,0.0,0.005520000122487545,0.021849999204277992,0.0,0.01923000067472458,0.0,0.0,0.0,0.033229999244213104,0.0,0.0,0.0,0.0,0.0,0.0,0.0,0.02127999998629093,0.0,0.0038499999791383743,0.0,0.0,0.010289999656379223,0.0,0.009709999896585941,0.0,0.0],[0.017980000004172325,0.007139999885112047,0.00839999970048666,0.0,0.010420000180602074,0.0,0.03150999918580055,0.0,0.029239999130368233,0.0,0.0,0.04349999874830246,0.0,0.0,0.010300000198185444,0.004920000210404396,0.003220000071451068,0.0,0.0,0.008139999583363533,0.0,0.008620000444352627,0.037289999425411224,0.02857000008225441,0.018869999796152115,0.0,0.0,0.0,0.0094200000166893,0.004000000189989805,0.0,0.0,0.0,0.0,0.0,0.04465999826788902,0.0,0.0,0.0,0.037060000002384186,0.017999999225139618,0.0,0.0,0.0034600000362843275,0.0,0.0,0.015279999934136868,0.0,0.0,0.0],[0.0,0.0,0.0,0.002460000105202198,0.0,0.007829999551177025,0.05894000083208084,0.02783999964594841,0.0,0.018689999356865883,0.0,0.0,0.0010999999940395355,0.07311999797821045,0.0,0.019610000774264336,0.0,0.005450000055134296,0.0,0.0,0.0019399999873712659,0.04746999964118004,0.0,0.0,0.010420000180602074,0.0,0.0,0.0011899999808520079,0.0,0.03061000071465969,0.0,0.0,0.0,0.01979999989271164,0.0,0.03595000132918358,0.0,0.009349999949336052,0.0,0.0,0.019419999793171883,0.0,0.0,0.05911000072956085,0.007189999800175428,0.010420000180602074,0.003329999977722764,0.0,0.0,0.0],[0.0,0.02655000053346157,0.008340000174939632,0.0,0.0032599999103695154,0.0,0.0,0.014189999550580978,0.0,0.0,0.0,0.0,0.0,0.0,0.0,0.009349999949336052,0.0,0.0,0.0,0.0,0.03378000110387802,0.0,0.0,0.0,0.0,0.0,0.0,0.0,0.018230000510811806,0.0,0.0,0.0,0.0025500000920146704,0.0,0.07671999931335449,0.0,0.0,0.0,0.0,0.0,0.0028099999763071537,0.011979999952018261,0.0,0.0,0.004189999774098396,0.016829999163746834,0.0,0.0,0.0,0.014750000089406967],[0.01638999953866005,0.0,0.0,0.0,0.0,0.010990000329911709,0.0,0.009610000066459179,0.009549999609589577,0.0,0.0,0.0,0.019990000873804092,0.0,0.0,0.0032099999953061342,0.046379998326301575,0.02655000053346157,0.0,0.00887999963015318,0.0,0.0,0.024369999766349792,0.0,0.0,0.0094200000166893,0.0,0.0,0.0,0.0,0.04193999990820885,0.0,0.0,0.00394000019878149,0.05860999971628189,0.0,0.016109999269247055,0.0,0.0,0.0,0.0,0.0,0.01817999966442585,0.0,0.022760000079870224,0.0,0.02701999992132187,0.0,0.0,0.026100000366568565],[0.0,0.0,0.0,0.044270001351833344,0.0,0.0,0.08122000098228455,0.05226999893784523,0.0,0.0,0.007499999832361937,0.0,0.0,0.003220000071451068,0.0,0.003160000080242753,0.0,0.0044200001284480095,0.01623000018298626,0.0,0.010929999873042107,0.005160000175237656,0.003860000055283308,0.0,0.00675999978557229,0.0,0.0,0.00798999983817339,0.03092999942600727,0.0,0.0,0.0,0.0,0.00989999994635582,0.0,0.0,0.01075000036507845,0.009909999556839466,0.010230000130832195,0.03409000113606453,0.0,0.03982999920845032,0.03092999942600727,0.0,0.010200000368058681,0.010529999621212482,0.0,0.018300000578165054,0.0,0.03790000081062317],[0.0,0.0,0.03342000022530556,0.01916000060737133,0.004749999847263098,0.0,0.009739999659359455,0.020600000396370888,0.023280000314116478,0.009170000441372395,0.012310000136494637,0.06889999657869339,0.03466999903321266,0.0,0.0,0.01140000019222498,0.0,0.0,0.0,0.0035699999425560236,0.008949999697506428,0.005739999935030937,0.0012499999720603228,0.01954999938607216,0.0,0.0,0.0,0.0018100000452250242,0.0,0.009619999676942825,0.0,0.0,0.0,0.021050000563263893,0.008019999600946903,0.0,0.0,0.0,0.0,0.0,0.019130000844597816,0.0,0.00901000015437603,0.0,0.0,0.0,0.0,0.009709999896585941,0.006680000107735395,0.02857000008225441],[0.0,0.011490000411868095,0.0,0.027799999341368675,0.020409999415278435,0.018330000340938568,0.0,0.002199999988079071,0.019050000235438347,0.0,0.0,0.0,0.005900000222027302,0.0,0.0025599999353289604,0.0,0.0,0.009479999542236328,0.05528999865055084,0.0043299999088048935,0.010420000180602074,0.0,0.0016299999551847577,0.0,0.0,0.0,0.0,0.0,0.008709999732673168,0.009349999949336052,0.0,0.008729999884963036,0.02662000060081482,0.0,0.0,0.0,0.016699999570846558,0.0,0.0,0.0,0.0,0.026830000802874565,0.019169999286532402,0.0,0.0,0.0,0.0008800000068731606,0.0,0.04853999987244606,0.0],[0.06842000037431717,0.0,0.0006699999794363976,0.0,0.0,0.0,0.0,0.0,0.0,0.01802000030875206,0.0006699999794363976,0.043209999799728394,0.0,0.0,0.02913999930024147,0.0,0.014879999682307243,0.0,0.0,0.009379999712109566,0.0,0.0007999999797903001,0.0,0.0,0.011629999615252018,0.0,0.0,0.0015899999998509884,0.0,0.0,0.0,0.019050000235438347,0.0,0.011950000189244747,0.009069999679923058,0.0725099965929985,0.03125,0.0048699998296797276,0.009700000286102295,0.0,0.010359999723732471,0.0008699999889358878,0.0,0.0,0.058329999446868896,0.0,0.04368000105023384,0.011239999905228615,0.0,0.04081999883055687],[0.0,0.01979999989271164,0.0,0.04380999878048897,0.01962999999523163,0.0,0.0,0.0,0.008550000376999378,0.019209999591112137,0.0,0.08524999767541885,0.020819999277591705,0.0,0.0,0.0215000007301569,0.011359999887645245,0.0,0.0,0.0106800002977252,0.01484999991953373,0.008620000444352627,0.0,0.0,0.0,0.024399999529123306,0.007369999773800373,0.0,0.0,0.010870000347495079,0.0,0.010320000350475311,0.016690000891685486,0.009709999896585941,0.0,0.0,0.019999999552965164,0.031870000064373016,0.0,0.028839999809861183,0.009320000186562538,0.0,0.0,0.0,0.009100000374019146,0.0,0.0,0.0,0.0,0.0]],