{"objective":10343.716796875,"runtime":2.0,"usage_matrix":[[0.0,0.009519999846816063,0.024000000208616257,0.0,0.0003499999875202775,0.0,0.0,0.0,0.0,0.06421999633312225,0.0,0.004029999952763319,0.0,0.02150999940931797,0.0,0.0,0.0,0.0,0.0,0.0029100000392645597,0.004550000187009573,0.0,0.02833000011742115,0.012500000186264515,0.0,0.01080000028014183,0.0,0.0,0.0,0.011710000224411488,0.012470000423491001,0.03976999968290329,0.010639999993145466,0.0,0.011110000312328339,0.002570000011473894,0.0,0.006039999891072512,0.0,0.0,0.014229999855160713,0.042580001056194305,0.0,0.0,0.043880000710487366,0.0,0.0,0.022280000150203705,0.0,0.0],[0.0,0.0,0.004269999917596579,0.0,0.0026199999265372753,0.0,0.009560000151395798,0.03612000122666359,0.0,0.0,0.009209999814629555,0.0,0.0,0.0,0.05448000133037567,0.014010000042617321,0.007029999978840351,0.0,0.0,0.010209999978542328,0.053380001336336136,0.009270000271499157,0.0,0.0,0.0,0.037039998918771744,0.0,0.01436999998986721,0.0,0.0031399999279528856,0.0,0.0,0.010200000368058681,0.0,0.027070000767707825,0.029829999431967735,0.0,0.0,0.0,0.016950000077486038,0.0,0.0,0.0,0.0,0.02857000008225441,0.0,0.025030000135302544,0.0,0.0,0.0],[0.0,0.0,0.0,0.0,0.0,0.0,0.0,0.0,0.0,0.0,0.03830000013113022,0.0,0.0,0.0,0.045329999178647995,0.006140000186860561,0.0,0.0,0.0022700000554323196,0.028039999306201935,0.06593000143766403,0.008790000341832638,0.015869999304413795,0.0,0.0,0.0,0.0,0.002259999979287386,0.0,0.0,0.01907999999821186,0.0,0.007910000160336494,0.0,0.0064199999906122684,0.0,0.05356999859213829,0.011049999855458736,0.0,0.0,0.02703000046312809,0.0,0.009689999744296074,0.0010300000431016088,0.0,0.05999999865889549,0.003289999905973673,0.0,0.0,0.0],[0.0,0.0,0.0,0.0,0.0,0.009800000116229057,0.0,0.01128000020980835,0.0,0.011660000309348106,0.0,0.0,0.0,0.006010000128298998,0.0,0.0002500000118743628,0.01802000030875206,0.0019600000232458115,0.007540000136941671,0.0,0.034779999405145645,0.0,0.0422700010240078,0.0,0.0,0.006260000169277191,0.0,0.007040000054985285,0.013849999755620956,0.00634999992325902,0.009999999776482582,0.0101500004529953,0.009359999559819698,0.009349999949336052,0.0048500001430511475,0.0,0.0,0.014120000414550304,0.0,0.0006399999838322401,0.02703000046312809,0.0,0.0185100007802248,0.00750999990850687,0.0,0.028459999710321426,0.0,0.0,0.009709999896585941,0.0],[0.0,0.02501000091433525,0.0,0.0,0.033969998359680176,0.020829999819397926,0.007770000025629997,0.0,0.0,0.0,0.009270000271499157,0.0,0.0,0.0,0.0,0.019419999793171883,0.0,0.07148999720811844,0.0,0.0,0.00989999994635582,0.03829000145196915,0.0,0.0,0.0,0.01817999966442585,0.016979999840259552,0.06592000275850296,0.0,0.0,0.0,0.0026700000744313,0.0,0.008960000239312649,0.0,0.0,0.017260000109672546,0.0,0.006969999987632036,0.0,0.0,0.0,0.031769998371601105,0.0,0.01030999980866909,0.0,0.0,0.0,0.0,0.00989999994635582],[0.0,0.0,0.0,0.0,0.0,0.014689999632537365,0.009999999776482582,0.029500000178813934,0.00949000008404255,0.0,0.0007399999885819852,0.033440001308918,0.0,0.006680000107735395,0.021640000864863396,0.017669999971985817,0.0,0.0,0.0363599993288517,0.0,0.003100000089034438,0.0,0.0,0.0,0.009259999729692936,0.0,0.014100000262260437,0.0,0.03280000016093254,0.012919999659061432,0.0,0.0,0.00930000003427267,0.0,0.043480001389980316,0.0,0.01030999980866909,0.0,0.0,0.0,0.0,0.0,0.0,0.0,0.0,0.0,0.02964000031352043,0.0,0.0,0.02563999965786934],[0.0,0.0,0.0,0.0,0.022220000624656677,0.017170000821352005,0.0,0.011130000464618206,0.021479999646544456,0.01568000018596649,0.032519999891519547,0.01063000038266182,0.012240000069141388,0.0,0.0,0.0,0.0,0.0,0.006300000008195639,0.011239999905228615,0.027089999988675117,0.0048699998296797276,0.0,0.0,0.0,0.0,0.0,0.0,0.0,0.013799999840557575,0.018869999796152115,0.004550000187009573,0.0,0.0,0.0,0.008700000122189522,0.0,0.095490001142025,0.0,0.0,0.0,0.0,0.0,0.0,0.0,0.010499999858438969,0.0,0.012570000253617764,0.0,0.0],[0.0,0.0,0.004999999888241291,0.0,0.0011899999808520079,0.0,0.01979999989271164,0.020829999819397926,0.005030000116676092,0.022940000519156456,0.006149999797344208,0.009170000441372395,0.008249999955296516,0.0,0.006130000110715628,0.010990000329911709,0.019610000774264336,0.002959999954327941,0.03409000113606453,0.0,0.009429999627172947,0.0,0.0,0.0,0.00877000018954277,0.0,0.0,0.0,0.017570000141859055,0.00011999999696854502,0.0,0.0,0.009800000116229057,0.010420000180602074,0.0,0.020309999585151672,0.0,0.0031999999191612005,0.03681999817490578,0.03508999943733215,0.0,0.1397700011730194,0.009800000116229057,0.0,0.008150000125169754,0.0081599997356534,0.0,0.0,0.0,0.0],[0.0,0.0,0.0,0.06071000173687935,0.0,0.0,0.0,0.0,0.0,0.0,0.0,0.010420000180602074,0.0,0.0,0.008179999887943268,0.0,0.006810000166296959,0.0,0.0018700000364333391,0.007939999923110008,0.0,0.0,0.004679999779909849,0.022989999502897263,0.0,0.004089999943971634,0.027780000120401382,0.0,0.05217999964952469,0.0,0.0,0.0,0.03328999876976013,0.0,0.010420000180602074,0.018799999728798866,0.019759999588131905,0.0,0.0,0.0,0.05722000077366829,0.07794000208377838,0.013179999776184559,0.0,0.004639999940991402,0.0,0.0,0.0,0.008299999870359898,0.018519999459385872],[0.0,0.0,0.0,0.0,0.009610000066459179,0.0386199988424778,0.010529999621212482,0.00877000018954277,0.0,0.0,0.0,0.0,0.0,0.005869999993592501,0.0,0.0,0.0,0.00026000000070780516,0.010730000212788582,0.009800000116229057,0.01923000067472458,0.0018899999558925629,0.015930000692605972,0.0,0.0,0.0,0.03077000007033348,0.0,0.0004799999878741801,0.0,0.0,0.0,0.0,0.0,0.0,0.018869999796152115,0.006579999811947346,0.0,0.0,0.0,0.0,0.0,0.0,0.050609998404979706,0.0,0.0,0.0,0.04016000032424927,0.0,0.02019999921321869]],