{"objective":6296.12353515625,"runtime":1.0,"usage_matrix":[[0.0,0.004410000052303076,0.0048699998296797276,0.0,0.0,0.009259999729692936,0.0,0.0,0.005049999803304672,0.0,0.0,0.0,0.0,0.0,0.006130000110715628,0.04081999883055687,0.0,0.009259999729692936,0.0,0.00800000037997961,0.0031300000846385956,0.0,0.006800000090152025,0.0,0.0,0.009759999811649323,0.0,0.00860000029206276,0.0,0.009519999846816063,0.014419999904930592,0.0,0.0,0.0,0.0,0.0,0.0083600003272295,0.011490000411868095,0.0,0.0063299997709691525,0.0,0.0032399999909102917,0.0,0.010870000347495079,0.0,0.0,0.0,0.009999999776482582,0.03959999978542328,0.01892000064253807],[0.0,0.0,0.025310000404715538,0.0,0.0,0.031220000237226486,0.0,0.0,0.0,0.0,0.0,0.0279300007969141,0.00675999978557229,0.001120000029914081,0.0,0.0,0.0,0.0,0.0434500016272068,0.04010999947786331,0.009700000286102295,0.0,0.011490000411868095,0.0007999999797903001,0.0,0.012659999541938305,0.017240000888705254,0.0,0.0,0.030300000682473183,0.011699999682605267,0.004579999949783087,0.009619999676942825,0.01680999994277954,0.011409999802708626,0.02401999942958355,0.04061000049114227,0.0,0.0,0.0,0.005950000137090683,0.0,0.002420000033453107,0.0,0.0,0.0,0.02061999961733818,0.0,0.0,0.0],[0.037050001323223114,0.0,0.02019999921321869,0.008620000444352627,0.0377499982714653,0.0,0.009619999676942825,0.0,0.00686000008136034,0.0,0.028039999306201935,0.0,0.043960001319646835,0.004290000069886446,0.0,0.0,0.0,0.022029999643564224,0.0,0.0,0.009639999829232693,0.0,0.0,0.0,0.0,0.0,0.013880000449717045,0.0009299999801442027,0.0,0.034779999405145645,0.0,0.0025400000158697367,0.0,0.0,0.0,0.009429999627172947,0.0,0.018869999796152115,0.0004799999878741801,0.0,0.0,0.0,0.019360000267624855,0.0,0.0,0.0,0.001339999958872795,0.0,0.0,0.0],[0.014000000432133675,0.0,0.0,0.0,0.004579999949783087,0.0067900000140070915,0.01834999956190586,0.0,0.011300000362098217,0.0,0.0,0.008469999767839909,0.016289999708533287,0.0,0.00860000029206276,0.0,0.05705999955534935,0.0,0.006490000057965517,0.0,0.030239999294281006,0.0,0.037379998713731766,0.0004900000058114529,0.0,0.0,0.009610000066459179,0.03508999943733215,0.0,0.01030999980866909,0.0,0.0,0.009619999676942825,0.03488000109791756,0.03959999978542328,0.0004299999854993075,0.0,0.017090000212192535,0.0,0.0,0.0,0.0,0.0,0.0,0.004350000061094761,0.0,0.0,0.01907999999821186,0.0,0.00901000015437603],[0.0,0.0,0.0,0.0,0.0,0.009800000116229057,0.0,0.0,0.007829999551177025,0.001509999972768128,0.0,0.00009999999747378752,0.0,0.0,0.019209999591112137,0.0,0.023189999163150787,0.021050000563263893,0.005200000014156103,0.00892999954521656,0.019740000367164612,0.0,0.01597999967634678,0.0,0.0,0.009139999747276306,0.02019999921321869,0.0,0.007189999800175428,0.0,0.0,0.0,0.0,0.0,0.03864999860525131,0.0,0.021570000797510147,0.0,0.0014700000174343586,0.0,0.0,0.019750000908970833,0.0011099999537691474,0.0,0.0,0.010200000368058681,0.00989999994635582,0.009429999627172947,0.009349999949336052,0.0],[0.0,0.020670000463724136,0.0,0.0,0.032749999314546585,0.0,0.0,0.01063000038266182,0.0,0.0,0.0,0.01331000030040741,0.0,0.00687999976798892,0.0,0.0,0.0,0.0,0.0,0.014720000326633453,0.0031300000846385956,0.0,0.0,0.0,0.022870000451803207,0.03643999993801117,0.0,0.024730000644922256,0.0,0.0,0.0,0.0,0.0,0.0,0.0,0.021630000323057175,0.0,0.0,0.0,0.06679999828338623,0.008729999884963036,0.0,0.0,0.01817999966442585,0.016659999266266823,0.0,0.00989999994635582,0.0,0.0,0.0],[0.0,0.0,0.0,0.0,0.0546099990606308,0.03570999950170517,0.0,0.0,0.005030000116676092,0.03435000032186508,0.0,0.0,0.0,0.0,0.0,0.0,0.033969998359680176,0.0,0.0,0.020679999142885208,0.010359999723732471,0.009619999676942825,0.03311999887228012,0.011230000294744968,0.0034099998883903027,0.0,0.0,0.0,0.0,0.0,0.0,0.0,0.0,0.0,0.0,0.007809999864548445,0.0,0.007710000034421682,0.05050000175833702,0.0,0.019419999793171883,0.02807999961078167,0.0,0.0,0.000590000010561198,0.0,0.0,0.0,0.0,0.011239999905228615],[0.0,0.03533000126481056,0.020740000531077385,0.02019999921321869,0.0,0.0,0.01205000001937151,0.011479999870061874,0.0,0.0,0.0,0.0,0.005630000028759241,0.0,0.0,0.0,0.005789999850094318,0.0,0.00013000000035390258,0.0,0.009359999559819698,0.0,0.03604000061750412,0.0,0.0,0.028300000354647636,0.020989999175071716,0.0,0.0,0.0,0.0,0.013919999822974205,0.0,0.0,0.009999999776482582,0.0,0.0,0.0,0.019379999488592148,0.0,0.011359999887645245,0.0,0.0,0.0,0.0008699999889358878,0.0,0.003969999961555004,0.009850000031292439,0.009100000374019146,0.0],[0.030230000615119934,0.019009999930858612,0.0,0.0,0.04473999887704849,0.00395999988541007,0.03734999895095825,0.009139999747276306,0.0,0.009859999641776085,0.0,0.02297000028192997,0.0,0.0,0.007540000136941671,0.000910000002477318,0.0,0.0,0.0,0.010639999993145466,0.011359999887645245,0.0,0.009039999917149544,0.009340000338852406,0.020409999415278435,0.0,0.0,0.0,0.0,0.0,0.039659999310970306,0.003800000064074993,0.0,0.0,0.0,0.0002300000051036477,0.010209999978542328,0.0,0.0,0.0,0.03418000042438507,0.014659999869763851,0.013530000112950802,0.0,0.005869999993592501,0.0,0.019050000235438347,0.02751999907195568,0.0,0.023809999227523804],[0.0,0.0,0.0017099999822676182,0.022260000929236412,0.0,0.0,0.0,0.00810999982059002,0.0,0.0,0.01030999980866909,0.011130000464618206,0.0,0.019050000235438347,0.03601999953389168,0.0,0.0,0.022989999502897263,0.0264699999243021,0.0,0.01754000037908554,0.0,0.024630000814795494,0.0,0.009709999896585941,0.0,0.0,0.0,0.0,0.0,0.013629999943077564,0.01671000011265278,0.0,0.0,0.0,0.010579999536275864,0.00570000009611249,0.0,0.007829999551177025,0.07084999978542328,0.008559999987483025,0.00203999993391335,0.0,0.0,0.009429999627172947,0.0,0.0,0.0,0.0,0.0]],