{"objective":7563.419921875,"runtime":1.0,"usage_matrix":[[0.0,0.00877000018954277,0.0015699999639764428,0.0820700004696846,0.03782999888062477,0.0,0.03438999876379967,0.0,0.01600000075995922,0.0047599999234080315,0.014720000326633453,0.026760000735521317,0.0,0.003109999932348728,0.0043299999088048935,0.0,0.0,0.0,0.0027799999807029963,0.0,0.0,0.0,0.0,0.01728999987244606,0.0004900000058114529,0.008460000157356262,0.00848000030964613,0.008849999867379665,0.0,0.0,0.00901000015437603,0.021740000694990158,0.025860000401735306,0.044440001249313354,0.0,0.013810000382363796,0.0,0.008700000122189522,0.0,0.0,0.0,0.0,0.0,0.007530000060796738,0.013980000279843807,0.0,0.004980000201612711,0.03440999984741211,0.012500000186264515,0.02127999998629093],[0.0,0.0,0.011110000312328339,0.0,0.029360000044107437,0.007459999993443489,0.0,0.0,0.0,0.0005799999926239252,0.009340000338852406,0.0,0.008700000122189522,0.0,0.0,0.0,0.0,0.0,0.014329999685287476,0.011989999562501907,0.008620000444352627,0.0,0.0,0.0,0.010200000368058681,0.053210001438856125,0.0,0.0,0.006459999829530716,0.0,0.0,0.0,0.0,0.00892999954521656,0.0,0.0,0.0033599999733269215,0.0,0.01565999910235405,0.0,0.0,0.0,0.0,0.001290000043809414,0.0,0.0,0.0,0.0,0.035599999129772186,0.0],[0.0,0.0,0.0,0.0,0.00033000000985339284,0.0,0.0,0.00892999954521656,0.012389999814331532,0.005810000002384186,0.007969999685883522,0.0,0.0,0.0086899995803833,0.0,0.0,0.0,0.0,0.014820000156760216,0.0,0.010420000180602074,0.0,0.07654000073671341,0.03375000134110451,0.0,0.0,0.02370000071823597,0.01075000036507845,0.0,0.011060000397264957,0.0,0.007439999841153622,0.009060000069439411,0.0,0.007180000189691782,0.0014299999456852674,0.010099999606609344,0.017740000039339066,0.0,0.0,0.009429999627172947,0.0,0.0,0.0,0.010099999606609344,0.0,0.010529999621212482,0.0086899995803833,0.0,0.009800000116229057],[0.016170000657439232,0.0,0.006750000175088644,0.0021299999207258224,0.0,0.00044999999227002263,0.031050000339746475,0.010780000127851963,0.006690000183880329,0.01882999949157238,0.0,0.03426000103354454,0.02531999908387661,0.06274999678134918,0.027979999780654907,0.0,0.0,0.0,0.014589999802410603,0.027960000559687614,0.0,0.0,0.0,0.0,0.00887999963015318,0.0,0.0,0.010200000368058681,0.006909999996423721,0.0,0.009999999776482582,0.009800000116229057,0.0,0.009619999676942825,0.0,0.009949999861419201,0.0,0.009619999676942825,0.004149999935179949,0.05000000074505806,0.0,0.01785999909043312,0.0,0.004149999935179949,0.0,0.010099999606609344,0.0,0.010990000329911709,0.0,0.0],[0.0,0.0,0.01030999980866909,0.06367000192403793,0.0,0.0,0.0,0.0,0.031190000474452972,0.010520000010728836,0.00860000029206276,0.0,0.0,0.026179999113082886,0.0030300000216811895,0.0,0.0,0.010089999996125698,0.0,0.009610000066459179,0.0,0.0,0.011110000312328339,0.0,0.0,0.043299999088048935,0.0,0.0,0.0,0.0,0.0,0.00343999988399446,0.0,0.0,0.0,0.0,0.0,0.0134699996560812,0.0,0.0,0.0,0.0,0.0,0.0012600000482052565,0.019910000264644623,0.009519999846816063,0.0006600000197067857,0.0,0.0,0.0],[0.0,0.0,0.01233999989926815,0.0,0.0031999999191612005,0.015309999696910381,0.0,0.004689999856054783,0.012389999814331532,0.0015300000086426735,0.0,0.0,0.0,0.0,0.007379999849945307,0.0,0.004980000201612711,0.019999999552965164,0.0,0.0,0.0,0.043209999799728394,0.0,0.009259999729692936,0.007840000092983246,0.0,0.0083600003272295,0.0,0.009700000286102295,0.0,0.0,0.01030999980866909,0.0,0.0,0.0,0.0,0.0,0.0,0.00953999999910593,0.0,0.004629999864846468,0.0,0.0509600006043911,0.0,0.0,0.0,0.0056500001810491085,0.008679999969899654,0.02425999939441681,0.0],[0.0031799999997019768,0.0,0.003280000062659383,0.0,0.022140000015497208,0.012760000303387642,0.0,0.0,0.06561999768018723,0.0,0.05939999967813492,0.021530000492930412,0.02019999921321869,0.0,0.03305999934673309,0.0,0.03796999901533127,0.0,0.0,0.0010900000343099236,0.0,0.0061599998734891415,0.029670000076293945,0.011490000411868095,0.0,0.0,0.0,0.0,0.006940000224858522,0.023089999333024025,0.0,0.0,0.0,0.012509999796748161,0.0,0.0,0.02442999929189682,0.004689999856054783,0.0,0.0,0.02019999921321869,0.01030999980866909,0.003449999960139394,0.0459199994802475,0.019050000235438347,0.00877000018954277,0.0,0.0,0.0,0.0291300006210804],[0.011269999668002129,0.001290000043809414,0.0019099999917671084,0.059140000492334366,0.01140000019222498,0.0,0.02046000026166439,0.026319999247789383,0.0,0.015939999371767044,0.022789999842643738,0.0010100000072270632,0.0,0.06561999768018723,0.0,0.0,0.0,0.007060000207275152,0.042569998651742935,0.0,0.0,0.0,0.0,0.0,0.0,0.04548000171780586,0.008990000002086163,0.01769999973475933,0.0,0.0,0.00989999994635582,0.009259999729692936,0.04123999923467636,0.0,0.00887999963015318,0.00901000015437603,0.0,0.0,0.010200000368058681,0.045049998909235,0.0,0.0,0.006169999949634075,0.0,0.0,0.0,0.0031399999279528856,0.00839999970048666,0.0,0.0],[0.0,0.009440000168979168,0.0,0.0,0.00019999999494757503,0.007689999882131815,0.0,0.037769999355077744,0.0,0.007379999849945307,0.0,0.0,0.0,0.005659999791532755,0.06770999729633331,0.016510000452399254,0.0,0.016580000519752502,0.0,0.018869999796152115,0.019999999552965164,0.057999998331069946,0.06780999898910522,0.0,0.0,0.0,0.009709999896585941,0.0,0.0,0.0,0.0,0.019869999960064888,0.007470000069588423,0.0,0.0,0.0,0.024860000237822533,0.0,0.0,0.0,0.0,0.0,0.0,0.0,0.017240000888705254,0.0,0.0,0.0,0.0,0.0],[0.0,0.002940000034868717,0.01923000067472458,0.0,0.018479999154806137,0.09154000133275986,0.0,0.0,0.0,0.0013899999903514981,0.0,0.015449999831616879,0.0,0.0,0.0,0.0,0.020409999415278435,0.0,0.05886999890208244,0.02111000008881092,0.00901000015437603,0.0,0.0,0.0,0.02995000034570694,0.03044999949634075,0.0,0.0,0.0,0.0010100000072270632,0.0,0.009259999729692936,0.0,0.0,0.0,0.01075000036507845,0.013690000399947166,0.03846000134944916,0.03125,0.008980000391602516,0.028850000351667404,0.0081599997356534,0.0,0.0012799999676644802,0.010420000180602074,0.0,0.039500001817941666,0.009979999624192715,0.026920000091195107,0.0]],