{"objective":9492.76953125,"runtime":1.0,"usage_matrix":[[0.0,0.06004999950528145,0.0,0.015589999966323376,0.024609999731183052,0.021800000220537186,0.0,0.0,0.010200000368058681,0.0,0.0,0.0,0.0004600000102072954,0.0,0.014560000039637089,0.0,0.061250001192092896,0.010479999706149101,0.0,0.0,0.0,0.0,0.05555000156164169,0.0,0.009349999949336052,0.0,0.0,0.0,0.004379999823868275,0.0,0.0,0.0,0.00892999954521656,0.0,0.02019999921321869,0.0,0.02679000049829483,0.025059999898076057,0.020409999415278435,0.020829999819397926,0.0,0.0,0.008349999785423279,0.0,0.0073899999260902405,0.0,0.0,0.0,0.0,0.0],[0.0,0.038029998540878296,0.0,0.0,0.0,0.0,0.0,0.0,0.02273000031709671,0.0,0.0,0.009800000116229057,0.03101000003516674,0.0,0.0,0.02384999953210354,0.0,0.0,0.0,0.0,0.0,0.0,0.008679999969899654,0.0,0.009999999776482582,0.0,0.0,0.01496999990195036,0.0251499991863966,0.0,0.010420000180602074,0.0,0.0,0.0,0.0,0.01566999964416027,0.0,0.0,0.009170000441372395,0.006390000227838755,0.0,0.009449999779462814,0.0,0.0,0.00343999988399446,0.023429999127984047,0.008440000005066395,0.0,0.0,0.0],[0.11142999678850174,0.0,0.0,0.0009899999713525176,0.0,0.040869999676942825,0.0,0.011370000429451466,0.0,0.0,0.0,0.0,0.0,0.0,0.0,0.0,0.0026599999982863665,0.0,0.01703999936580658,0.0,0.0,0.0,0.02703000046312809,0.0012000000569969416,0.020640000700950623,0.026089999824762344,0.0,0.057760000228881836,0.0,0.0,0.00892999954521656,0.0,0.0,0.0,0.00863999966531992,0.0,0.011110000312328339,0.03376000002026558,0.0,0.0,0.022199999541044235,0.0015200000489130616,0.0,0.0,0.010870000347495079,0.0,0.0,0.005489999894052744,0.010700000450015068,0.010870000347495079],[0.0,0.0034799999557435513,0.0,0.008840000256896019,0.0,0.010160000063478947,0.009800000116229057,0.0,0.0,0.0,0.07062999904155731,0.005260000005364418,0.0,0.0004600000102072954,0.0,0.0,0.01066999975591898,0.0,0.0012799999676644802,0.0,0.0,0.00892999954521656,0.0,0.0010000000474974513,0.010169999673962593,0.00750999990850687,0.07766000181436539,0.0,0.0,0.0,0.0,0.0,0.0,0.019610000774264336,0.0,0.0,0.014530000276863575,0.0,0.0,0.0,0.0,0.0,0.0,0.03796999901533127,0.009259999729692936,0.0020600000862032175,0.0,0.0007399999885819852,0.0,0.0],[0.0,0.0,0.0,0.0,0.0,0.034779999405145645,0.0,0.003590000094845891,0.0,0.06633999943733215,0.0,0.02500000037252903,0.0,0.01283000037074089,0.0,0.001019999966956675,0.009259999729692936,0.0,0.0,0.0,0.007209999952465296,0.008059999905526638,0.0010900000343099236,0.0369499996304512,0.0,0.0,0.0014799999771639705,0.018449999392032623,0.019130000844597816,0.028300000354647636,0.02019999921321869,0.03488000109791756,0.0,0.009340000338852406,0.0,0.0,0.0,0.0,0.029410000890493393,0.0,0.010089999996125698,0.012149999849498272,0.022609999403357506,0.07272999733686447,0.0,0.0,0.0,0.0,0.009979999624192715,0.0],[0.08296000212430954,0.0,0.011629999615252018,0.0,0.0,0.014360000379383564,0.0,0.0,0.0,0.0,0.06063999980688095,0.0,0.0,0.0,0.04202000051736832,0.0,0.019120000302791595,0.013580000028014183,0.020409999415278435,0.0,0.0,0.0,0.01030999980866909,0.0,0.0,0.037039998918771744,0.0,0.0,0.0,0.0,0.0,0.0,0.0,0.0,0.0,0.004579999949783087,0.0,0.0,0.0034199999645352364,0.007400000002235174,0.0,0.0,0.00851999968290329,0.08098000288009644,0.009429999627172947,0.0,0.0,0.04771000146865845,0.009170000441372395,0.04864000156521797],[0.04617999866604805,0.0,0.021080000326037407,0.0,0.008799999952316284,0.0,0.0,0.0,0.0,0.0,0.09837000072002411,0.019419999793171883,0.0,0.019130000844597816,0.0,0.010990000329911709,0.0,0.019279999658465385,0.00880999956279993,0.00039999998989515007,0.0,0.0,0.025930000469088554,0.0008900000248104334,0.0,0.0,0.0,0.03994999825954437,0.0,0.0,0.012419999577105045,0.0,0.0,0.010099999606609344,0.0,0.0,0.04309999942779541,0.0,0.0,0.0,0.021810000762343407,0.0,0.0,0.03537999838590622,0.0,0.0,0.0,0.01680999994277954,0.0083600003272295,0.0],[0.0,0.0,0.018689999356865883,0.001930000027641654,0.0,0.0,0.0,0.0,0.0,0.0,0.003490000031888485,0.0,0.0,0.0,0.0051299999468028545,0.028219999745488167,0.0,0.0,0.01283000037074089,0.026799999177455902,0.0,0.00800000037997961,0.005779999773949385,0.0,0.0,0.0,0.08677999675273895,0.0,0.02501000091433525,0.0,0.014030000194907188,0.0,0.0,0.0,0.0,0.0,0.0,0.0,0.012500000186264515,0.006440000142902136,0.009080000221729279,0.0,0.003530000103637576,0.0,0.019610000774264336,0.0036899999249726534,0.009440000168979168,0.0,0.0,0.0],[0.005150000099092722,0.0,0.013340000063180923,0.01761999912559986,0.0,0.00989999994635582,0.009619999676942825,0.06241000071167946,0.0,0.04668999835848808,0.028030000627040863,0.0,0.0,0.006039999891072512,0.0,0.0,0.0,0.018200000748038292,0.0,0.0,0.033580001443624496,0.015189999714493752,0.0,0.00860000029206276,0.016380000859498978,0.023809999227523804,0.05916000157594681,0.0,0.0015999999595806003,0.0,0.0,0.0,0.005179999861866236,0.009800000116229057,0.013330000452697277,0.010479999706149101,0.00901000015437603,0.0,0.00839999970048666,0.004220000002533197,0.0,0.0,0.0,0.0,0.0,0.0076500000432133675,0.009429999627172947,0.009259999729692936,0.0291300006210804,0.0],[0.0,0.01278000045567751,0.01817999966442585,0.0018100000452250242,0.002730000065639615,0.0,0.011110000312328339,0.0,0.009619999676942825,0.0,0.0,0.00877000018954277,0.0,0.005189999938011169,0.020109999924898148,0.0,0.03367999941110611,0.0,0.0,0.0,0.0,0.00798999983817339,0.015329999849200249,0.016589999198913574,0.02250000089406967,0.0,0.07321999967098236,0.0016700000269338489,0.02459999918937683,0.009800000116229057,0.0,0.022420000284910202,0.0066200001165270805,0.0,0.0,0.01899999938905239,0.0,0.0,0.0,0.0,0.050599999725818634,0.0,0.005869999993592501,0.0,0.0,0.01768999919295311,0.007770000025629997,0.0,0.010420000180602074,0.0]],