{"objective":6305.517578125,"runtime":1.0,"usage_matrix":[[0.0,0.0,0.011110000312328339,0.0,0.0006300000241026282,0.009259999729692936,0.0,0.0,0.008700000122189522,0.0007399999885819852,0.0,0.0,0.0049299998208880424,0.0,0.003949999809265137,0.007060000207275152,0.0,0.009259999729692936,0.0,0.007040000054985285,0.0011599999852478504,0.0,0.0,0.0,0.0,0.009429999627172947,0.0,0.01271000038832426,0.0,0.009519999846816063,0.014270000159740448,0.02068999968469143,0.0,0.0,0.0,0.0,0.026729999110102654,0.011490000411868095,0.006049999967217445,0.0,0.0,0.0,0.0,0.010870000347495079,0.0,0.0,0.0,0.009999999776482582,0.031870000064373016,0.021050000563263893],[0.0,0.013240000233054161,0.0266100000590086,0.0,0.0,0.005090000107884407,0.0,0.0049600000493228436,0.02166000008583069,0.0,0.0,0.005470000207424164,0.0,0.0,0.033629998564720154,0.0,0.0,0.0,0.03579000011086464,0.030859999358654022,0.022760000079870224,0.0,0.0,0.010420000180602074,0.0,0.012659999541938305,0.0076299998909235,0.0,0.0,0.02631000056862831,0.0094200000166893,0.004149999935179949,0.009619999676942825,0.01680999994277954,0.010289999656379223,0.02768000029027462,0.012210000306367874,0.0,0.0,0.0,0.010200000368058681,0.024310000240802765,0.004540000110864639,0.0,0.0,0.0,0.02061999961733818,0.0,0.0,0.008469999767839909],[0.047929998487234116,0.0,0.017489999532699585,0.008620000444352627,0.010010000318288803,0.0,0.009619999676942825,0.002469999948516488,0.0,0.0,0.028039999306201935,0.0002699999895412475,0.007699999958276749,0.010889999568462372,0.0,0.022509999573230743,0.0,0.021150000393390656,0.0,0.0,0.007209999952465296,0.0,0.0,0.0,0.0,0.0,0.01834999956190586,0.0,0.0,0.034779999405145645,0.0,0.00774999987334013,0.0,0.0,0.0,0.009429999627172947,0.009800000116229057,0.018869999796152115,0.01889999955892563,0.0,0.0,0.0,0.008440000005066395,0.0,0.0,0.0,0.009429999627172947,0.0,0.0,0.0],[0.009410000406205654,0.0,0.0,0.0,0.06459999829530716,0.0,0.01834999956190586,0.022859999909996986,0.028039999306201935,0.0,0.0,0.0,0.0,0.007120000198483467,0.0,0.0,0.0,0.0,0.019120000302791595,0.0,0.01355000026524067,0.0,0.009349999949336052,0.009680000133812428,0.0,0.0,0.0002899999963119626,0.03523999825119972,0.0,0.01030999980866909,0.0,0.013790000230073929,0.009619999676942825,0.03488000109791756,0.03959999978542328,0.0,0.0,0.017090000212192535,0.00022000000171829015,0.0,0.0,0.0,0.014460000209510326,0.0,0.003160000080242753,0.0,0.0,0.019370000809431076,0.0,0.008990000002086163],[0.0,0.011470000259578228,0.0051299999468028545,0.0,0.0021200000774115324,0.00482999999076128,0.0,0.0,0.0,0.0,0.0,0.004569999873638153,0.0,0.0,0.060499999672174454,0.0,0.008349999785423279,0.017810000106692314,0.026480000466108322,0.006750000175088644,0.0,0.0,0.019220000132918358,0.0,0.0,0.0,0.016109999269247055,0.0,0.017389999702572823,0.0,0.0,0.0,0.0,0.0,0.02126000076532364,0.0,0.00022000000171829015,0.005640000104904175,0.010599999688565731,0.0,0.0,0.014600000344216824,0.0,0.0,0.0,0.010200000368058681,0.009449999779462814,0.009429999627172947,0.009349999949336052,0.0],[0.0,0.014349999837577343,0.0,0.0,0.04938000068068504,0.0,0.0,0.022360000759363174,0.006969999987632036,0.0,0.0,0.009689999744296074,0.0069599999114871025,0.005630000028759241,0.008539999835193157,0.0,0.0,0.0,0.0,0.03245000168681145,0.00279999990016222,0.0,0.0,0.0,0.024320000782608986,0.05042000114917755,0.0,0.020020000636577606,0.0,0.0,0.0,0.0,0.0,0.0,0.0,0.022220000624656677,0.0,0.0,0.0,0.007120000198483467,0.002420000033453107,0.0,0.005260000005364418,0.01817999966442585,0.015350000001490116,0.0,0.00989999994635582,0.0,0.0,0.0],[0.0,0.0028899998869746923,0.0,0.0,0.0,0.01590999960899353,0.0,0.00848000030964613,0.029810000211000443,0.010970000177621841,0.0,0.0,0.0,0.010540000163018703,0.0,0.0,0.10317999869585037,0.0,0.0,0.025599999353289604,0.0,0.009259999729692936,0.0,0.0,0.009259999729692936,0.0,0.0,0.02020999975502491,0.0,0.0,0.0,0.0,0.0,0.0,0.0,0.0,0.0,0.01006999984383583,0.01370999962091446,0.0,0.019419999793171883,0.07123000174760818,0.0,0.0,0.010200000368058681,0.0,0.0,0.0,0.0,0.006560000125318766],[0.0,0.0,0.002360000042244792,0.02019999921321869,0.0,0.0,0.008580000139772892,0.0,0.0,0.0,0.0,0.010900000110268593,0.001290000043809414,0.0,0.0,0.0,0.0,0.0,0.015589999966323376,0.0,0.0,0.0,0.03604000061750412,0.0,0.0,0.028300000354647636,0.012690000236034393,0.0,0.0,0.0,0.0,0.0059899999760091305,0.0,0.0,0.009999999776482582,0.0,0.0325700007379055,0.0,0.04602000117301941,0.0,0.0030900000128895044,0.0,0.004600000102072954,0.0,0.0003699999942909926,0.0,0.035009998828172684,0.009619999676942825,0.003490000031888485,0.0],[0.04887000098824501,0.0,0.0,0.0,0.0,0.007449999917298555,0.03683000057935715,0.0005600000149570405,0.009150000289082527,0.0,0.0,0.019009999930858612,0.0189800001680851,0.0,0.0,0.0061900001019239426,0.04317000135779381,0.0,0.0,0.0017300000181421638,0.011359999887645245,0.0,0.0,0.009340000338852406,0.020409999415278435,0.0,0.0,0.0,0.0,0.0,0.039659999310970306,0.018799999728798866,0.0,0.0,0.0,0.0005600000149570405,0.0,0.0,0.0,0.0,0.038830000907182693,0.04244000092148781,0.0,0.000019999999494757503,0.008200000040233135,0.0,0.019050000235438347,0.020829999819397926,0.0,0.017570000141859055],[0.0,0.016289999708533287,0.008030000142753124,0.023809999227523804,0.029519999399781227,0.0,0.0,0.0,0.0,0.0,0.010160000063478947,0.02508999966084957,0.0,0.0,0.0264699999243021,0.0,0.0,0.016189999878406525,0.018470000475645065,0.0,0.01754000037908554,0.0,0.03142999857664108,0.0,0.0042500002309679985,0.0,0.0,0.0016700000269338489,0.0,0.0,0.009800000116229057,0.01143999956548214,0.0,0.0,0.0,0.010639999993145466,0.0,0.0,0.0,0.0560699999332428,0.00901000015437603,0.025989999994635582,0.0034799999557435513,0.0,0.004399999976158142,0.0,0.011749999597668648,0.0,0.0,0.0]],