{"objective":9295.7626953125,"runtime":1.0,"usage_matrix":[[0.0,0.006810000166296959,0.0,0.00901000015437603,0.0,0.0,0.0,0.0,0.01075000036507845,0.0,0.0,0.0,0.004370000213384628,0.012500000186264515,0.0,0.0,0.027219999581575394,0.06129999831318855,0.018519999459385872,0.0,0.0026499999221414328,0.008550000376999378,0.02744000032544136,0.0,0.0,0.0,0.021409999579191208,0.00535999983549118,0.0,0.0,0.0,0.009320000186562538,0.005450000055134296,0.028960000723600388,0.0,0.0,0.020409999415278435,0.01840999908745289,0.0,0.0,0.0,0.0,0.0,0.017720000818371773,0.011110000312328339,0.01817999966442585,0.0,0.028230000287294388,0.010099999606609344,0.03846000134944916],[0.0,0.009920000098645687,0.011239999905228615,0.009259999729692936,0.02930999919772148,0.0,0.0,0.0,0.0,0.0,0.00872000027447939,0.01075000036507845,0.012620000168681145,0.0,0.0,0.002570000011473894,0.0,0.0,0.019610000774264336,0.0,0.015869999304413795,0.0,0.0,0.02717999927699566,0.0,0.0,0.0,0.018869999796152115,0.0,0.0,0.0,0.0,0.0003600000054575503,0.0,0.002580000087618828,0.0,0.0,0.0,0.0,0.04157999902963638,0.0,0.0,0.0,0.0,0.020519999787211418,0.0,0.021209999918937683,0.0,0.0,0.0],[0.025620000436902046,0.009170000441372395,0.003710000077262521,0.0,0.0,0.021040000021457672,0.03943999856710434,0.00033000000985339284,0.0,0.0,0.0,0.011110000312328339,0.0,0.0,0.020829999819397926,0.09064999967813492,0.0,0.0,0.0,0.0,0.019610000774264336,0.021730000153183937,0.009109999984502792,0.0,0.010529999621212482,0.0004400000034365803,0.0,0.03838000074028969,0.0,0.0038499999791383743,0.011239999905228615,0.033330000936985016,0.03528999909758568,0.051989998668432236,0.01018999982625246,0.028550000861287117,0.0,0.0,0.0,0.0,0.0,0.0,0.009519999846816063,0.003389999968931079,0.004769999999552965,0.0,0.0012000000569969416,0.0,0.01030999980866909,0.01834999956190586],[0.06606999784708023,0.0,0.005969999823719263,0.0,0.0,0.04701000079512596,0.0,0.0,0.0,0.0,0.013799999840557575,0.000750000006519258,0.0,0.005919999908655882,0.0,0.0,0.02060999907553196,0.0,0.0,0.0,0.009610000066459179,0.020320000126957893,0.0,0.01721999980509281,0.0,0.05384000018239021,0.011629999615252018,0.0,0.03474999964237213,0.0,0.0,0.010870000347495079,0.0,0.013790000230073929,0.0,0.0,0.0,0.009820000268518925,0.0,0.0,0.029370000585913658,0.00877000018954277,0.0,0.029009999707341194,0.009320000186562538,0.0,0.009800000116229057,0.0,0.0,0.010990000329911709],[0.029170000925660133,0.0,0.009320000186562538,0.0,0.0,0.0,0.0,0.01128000020980835,0.0,0.005119999870657921,0.0,0.00965999998152256,0.0,0.0,0.0,0.03187999874353409,0.008059999905526638,0.002420000033453107,0.006969999987632036,0.0,0.0,0.008320000022649765,0.06035999953746796,0.0,0.014600000344216824,0.02971000038087368,0.0,0.035920001566410065,0.0828699991106987,0.07096999883651733,0.01590999960899353,0.0,0.0,0.0,0.0,0.011730000376701355,0.0,0.04698000103235245,0.0,0.0,0.014650000259280205,0.01075000036507845,0.029410000890493393,0.0,0.0,0.0,0.009259999729692936,0.01769999973475933,0.0,0.0],[0.0,0.0,0.003700000001117587,0.0,0.00559999980032444,0.01131999958306551,0.0,0.0,0.0,0.0,0.0,0.002739999908953905,0.007309999782592058,0.0,0.009619999676942825,0.0,0.0,0.0,0.008849999867379665,0.024609999731183052,0.01923000067472458,0.0,0.0,0.0,0.0,0.0,0.0,0.029999999329447746,0.0,0.0,0.0,0.009999999776482582,0.019519999623298645,0.05482000112533569,0.0,0.004610000178217888,0.009089999832212925,0.009279999881982803,0.028039999306201935,0.0,0.033969998359680176,0.008620000444352627,0.01116000022739172,0.0,0.009589999914169312,0.0,0.006839999929070473,0.024569999426603317,0.01638999953866005,0.0],[0.0,0.0,0.0,0.0,0.0,0.02339000068604946,0.0,0.0,0.091839998960495,0.0,0.022779999300837517,0.051249999552965164,0.02597000077366829,0.01075000036507845,0.0,0.0,0.02563999965786934,0.0493599995970726,0.0,0.010130000300705433,0.0,0.005049999803304672,0.02047000080347061,0.0,0.0,0.007619999814778566,0.0,0.0010100000072270632,0.0,0.004879999905824661,0.009479999542236328,0.03158000111579895,0.0,0.011800000444054604,0.0009899999713525176,0.0,0.03361000120639801,0.00443999981507659,0.0,0.0,0.0,0.0,0.0,0.0,0.0,0.0,0.0,0.009619999676942825,0.0,0.0],[0.02879999950528145,0.0,0.03815000131726265,0.02019999921321869,0.0,0.0015300000086426735,0.0,0.008129999972879887,0.0,0.024730000644922256,0.0014299999456852674,0.010099999606609344,0.002240000059828162,0.028300000354647636,0.0,0.0,0.0,0.0,0.0,0.0015699999639764428,0.0,0.02727000042796135,0.006570000201463699,0.006750000175088644,0.010990000329911709,0.0005300000193528831,0.011760000139474869,0.000539999979082495,0.0798100009560585,0.0,0.019610000774264336,0.01923000067472458,0.008270000107586384,0.0,0.00798999983817339,0.0,0.009999999776482582,0.022260000929236412,0.0,0.0,0.0016499999910593033,0.0,0.0,0.007809999864548445,0.002529999939724803,0.007899999618530273,0.045249998569488525,0.009999999776482582,0.0,0.0],[0.0,0.0,0.0,0.0044200001284480095,0.007499999832361937,0.005169999785721302,0.009800000116229057,0.009069999679923058,0.0053400001488626,0.0,0.024960000067949295,0.0,0.0,0.0,0.0,0.0,0.0,0.03262000158429146,0.0,0.0011599999852478504,0.007369999773800373,0.0,0.0,0.0,0.020409999415278435,0.01979999989271164,0.0,0.009180000051856041,0.0,0.030400000512599945,0.0,0.010200000368058681,0.0,0.0,0.0006399999838322401,0.0,0.0,0.0,0.0,0.07408999651670456,0.0,0.0,0.0,0.00023999999393709004,0.0,0.033330000936985016,0.0,0.009619999676942825,0.0,0.000019999999494757503],[0.0,0.010529999621212482,0.0,0.009619999676942825,0.01865999959409237,0.0,0.01075000036507845,0.0,0.011629999615252018,0.07605999708175659,0.0013599999947473407,0.0052200001664459705,0.0,0.0,0.009519999846816063,0.0,0.016380000859498978,0.0,0.009569999761879444,0.007379999849945307,0.0004600000102072954,0.001339999958872795,0.009159999899566174,0.0,0.0,0.0,0.0,0.0,0.11729999631643295,0.0,0.0,0.00571999978274107,0.0013699999544769526,0.06648000329732895,0.011789999902248383,0.014790000393986702,0.026259999722242355,0.0,0.01030999980866909,0.0,0.0,0.0,0.0289900004863739,0.01205000001937151,0.0,0.029410000890493393,0.00018000000272877514,0.0,0.020260000601410866,0.0]],