{"objective":8587.6455078125,"runtime":1.0,"usage_matrix":[[0.0,0.06066000089049339,0.0,0.008849999867379665,0.009800000116229057,0.0,0.0,0.02800999954342842,0.0,0.0,0.02135000005364418,0.0,0.0,0.016939999535679817,0.0,0.0,0.0,0.0,0.0,0.004240000154823065,0.0,0.006140000186860561,0.0,0.012199999764561653,0.0,0.0,0.004339999984949827,0.0,0.012470000423491001,0.0,0.008220000192523003,0.02703000046312809,0.047970000654459,0.0,0.009170000441372395,0.02645999938249588,0.0,0.019999999552965164,0.04050999879837036,0.001970000099390745,0.0,0.0181099995970726,0.0,0.0163199994713068,0.013129999861121178,0.0,0.0,0.0,0.0,0.0],[0.06259000301361084,0.0,0.025310000404715538,0.010379999876022339,0.0,0.0,0.0,0.0,0.009990000165998936,0.03706999868154526,0.01257999986410141,0.0,0.0021299999207258224,0.0,0.004730000160634518,0.0,0.0,0.010409999638795853,0.004509999882429838,0.0658000037074089,0.0,0.0,0.0,0.0,0.0,0.021050000563263893,0.012090000323951244,0.0,0.009519999846816063,0.008860000409185886,0.00009999999747378752,0.008700000122189522,0.014039999805390835,0.03061000071465969,0.007319999858736992,0.0,0.0,0.0,0.007110000122338533,0.0,0.0,0.010870000347495079,0.0,0.0,0.0,0.0,0.0,0.0,0.027780000120401382,0.00989999994635582],[0.0,0.017240000888705254,0.011680000461637974,0.010119999758899212,0.0,0.0,0.06659000366926193,0.0,0.0,0.019700000062584877,0.009340000338852406,0.0,0.0,0.028289999812841415,0.0,0.0,0.0,0.0,0.0,0.0,0.0,0.0,0.0,0.0,0.0,0.001820000004954636,0.0,0.0,0.010289999656379223,0.026590000838041306,0.009709999896585941,0.0,0.0,0.0,0.021560000255703926,0.0,0.01298999972641468,0.009800000116229057,0.0,0.0035099999513477087,0.0,0.0,0.0,0.03621000051498413,0.0,0.012380000203847885,0.05999999865889549,0.0,0.005859999917447567,0.0],[0.03418999910354614,0.0,0.03393999859690666,0.031029999256134033,0.0,0.0,0.01360000018030405,0.0,0.0,0.0,0.0,0.012020000256597996,0.0,0.0,0.0,0.0,0.0,0.0,0.0,0.0,0.009560000151395798,0.004809999838471413,0.03002000041306019,0.020519999787211418,0.02118000015616417,0.0,0.018969999626278877,0.0,0.045049998909235,0.0,0.008980000391602516,0.020829999819397926,0.009200000204145908,0.0,0.02962999977171421,0.0005499999970197678,0.0,0.014539999887347221,0.0,0.017410000786185265,0.0,0.009619999676942825,0.0,0.0,0.0,0.0,0.037039998918771744,0.0,0.0,0.0],[0.03142999857664108,0.008729999884963036,0.0,0.0,0.009569999761879444,0.006279999855905771,0.0,0.0,0.011900000274181366,0.0,0.0,0.018810000270605087,0.0,0.0,0.0,0.031039999797940254,0.01802000030875206,0.0,0.0,0.0,0.03953000158071518,0.0,0.003169999923557043,0.0,0.0,0.0,0.03922000154852867,0.009429999627172947,0.0,0.019829999655485153,0.0,0.0,0.033229999244213104,0.02150999940931797,0.008500000461935997,0.040070001035928726,0.0,0.0086899995803833,0.002580000087618828,0.0,0.0,0.011110000312328339,0.0,0.0,0.0,0.0,0.0016799999866634607,0.019610000774264336,0.0,0.0],[0.0,0.0,0.0,0.009770000353455544,0.00989999994635582,0.0,0.015769999474287033,0.013389999978244305,0.0,0.0,0.002099999925121665,0.0,0.01498000044375658,0.008630000054836273,0.0,0.05682000145316124,0.0,0.011629999615252018,0.0,0.025830000638961792,0.03508999943733215,0.004170000087469816,0.033890001475811005,0.0,0.0,0.0047900001518428326,0.0,0.03846000134944916,0.009800000116229057,0.012500000186264515,0.0,0.009800000116229057,0.04072999954223633,0.006010000128298998,0.0,0.06159000098705292,0.010200000368058681,0.019999999552965164,0.0,0.009349999949336052,0.009429999627172947,0.0,0.007600000128149986,0.0,0.0,0.00019999999494757503,0.0003499999875202775,0.0,0.0,0.0],[0.0,0.011210000142455101,0.0020699999295175076,0.002319999970495701,0.0,0.0,0.0,0.0,0.010529999621212482,0.0,0.0,0.0,0.02402999997138977,0.0,0.008740000426769257,0.0,0.0,0.0,0.029489999637007713,0.0,0.009560000151395798,0.0,0.03751000016927719,0.007809999864548445,0.01754000037908554,0.0,0.0,0.0,0.0,0.014480000361800194,0.0036299999337643385,0.0062699997797608376,0.0,0.01205000001937151,0.0,0.03339000046253204,0.0,0.025620000436902046,0.004389999900013208,0.0,0.0,0.0,0.009610000066459179,0.03061000071465969,0.0,0.0,0.0,0.0,0.010990000329911709,0.0],[0.0,0.0,0.0,0.0,0.010200000368058681,0.0,0.0,0.0,0.0,0.0,0.0,0.02979999966919422,0.00011999999696854502,0.019610000774264336,0.01205000001937151,0.0568000003695488,0.0,0.0,0.0,0.0,0.0,0.0,0.03375000134110451,0.017160000279545784,0.0019199999514967203,0.0,0.0,0.0,0.02246999926865101,0.004689999856054783,0.008840000256896019,0.0,0.0,0.0,0.0,0.012889999896287918,0.0,0.004019999876618385,0.0,0.02539999969303608,0.045099999755620956,0.0,0.009709999896585941,0.0,0.027459999546408653,0.0,0.012409999966621399,0.0,0.0,0.0],[0.0,0.03925999999046326,0.026510000228881836,0.009469999931752682,0.009089999832212925,0.0,0.0,0.04438000172376633,0.011760000139474869,0.0,0.0,0.009200000204145908,0.0,0.009800000116229057,0.017389999702572823,0.0006699999794363976,0.0,0.009180000051856041,0.0,0.0,0.010529999621212482,0.0,0.0,0.0,0.0,0.00005999999848427251,0.0,0.0,0.07235000282526016,0.0,0.0,0.0,0.0,0.0,0.0,0.0,0.009709999896585941,0.02353000082075596,0.0,0.022520000115036964,0.0,0.0,0.0,0.0,0.0,0.024380000308156013,0.01621999964118004,0.0,0.0,0.0],[0.09685000032186508,0.01841999962925911,0.0,0.01054999977350235,0.0,0.0,0.0,0.025550000369548798,0.0,0.0,0.0020699999295175076,0.0,0.0,0.0,0.021980000659823418,0.0,0.04052000120282173,0.0,0.0,0.0,0.016259999945759773,0.0,0.012350000441074371,0.01817999966442585,0.0,0.03448000177741051,0.033410001546144485,0.008259999565780163,0.0,0.0,0.00827999971807003,0.007829999551177025,0.0,0.0,0.0,0.0,0.012350000441074371,0.0,0.004879999905824661,0.022430000826716423,0.0,0.010529999621212482,0.01030999980866909,0.0,0.0,0.040369998663663864,0.00791999977082014,0.0,0.0,0.009429999627172947]],