{"objective":10332.0078125,"runtime":2.0,"usage_matrix":[[0.0,0.009519999846816063,0.05451999977231026,0.0,0.001560000004246831,0.0,0.0,0.0,0.0,0.06074000149965286,0.0,0.015130000188946724,0.0,0.007699999958276749,0.0,0.0,0.0,0.0,0.0,0.0029100000392645597,0.00279000005684793,0.0,0.040800001472234726,0.012500000186264515,0.0,0.010739999823272228,0.0,0.0,0.0,0.011699999682605267,0.01899000070989132,0.03976999968290329,0.00005999999848427251,0.0,0.0,0.009429999627172947,0.0,0.006039999891072512,0.0,0.0,0.009970000013709068,0.024320000782608986,0.0,0.0,0.04377000033855438,0.0,0.0,0.011730000376701355,0.0,0.0052999998442828655],[0.0,0.0,0.0,0.0,0.0,0.018869999796152115,0.011629999615252018,0.0073899999260902405,0.0,0.0,0.009929999709129333,0.027329999953508377,0.0,0.0,0.07142999768257141,0.003860000055283308,0.009960000403225422,0.0,0.0,0.010209999978542328,0.04648999869823456,0.00139999995008111,0.0,0.0,0.0,0.037039998918771744,0.0,0.01640000008046627,0.0,0.0,0.0,0.0,0.010200000368058681,0.0,0.028850000351667404,0.020749999210238457,0.0,0.0,0.0,0.016200000420212746,0.0,0.0,0.0,0.0,0.02857000008225441,0.0,0.026270000264048576,0.0,0.0,0.0],[0.0,0.0,0.0,0.0,0.0073899999260902405,0.0,0.0,0.0,0.0,0.0,0.037939999252557755,0.0,0.0,0.0,0.045329999178647995,0.004999999888241291,0.0,0.0,0.0022700000554323196,0.028039999306201935,0.06593000143766403,0.0,0.019099999219179153,0.0,0.0,0.0,0.0,0.002259999979287386,0.0,0.0,0.020829999819397926,0.0,0.009709999896585941,0.0,0.01889999955892563,0.0,0.05356999859213829,0.011060000397264957,0.03223999962210655,0.0,0.02198999933898449,0.0,0.006930000148713589,0.0010300000431016088,0.0,0.0,0.02476000040769577,0.004610000178217888,0.0,0.0],[0.0,0.0,0.0,0.0,0.00892999954521656,0.008820000104606152,0.0,0.00031999999191612005,0.0,0.021460000425577164,0.0,0.0,0.0,0.010200000368058681,0.0,0.007470000069588423,0.013969999738037586,0.0019600000232458115,0.007899999618530273,0.0,0.034779999405145645,0.0,0.0422700010240078,0.0,0.0,0.005429999902844429,0.0,0.007319999858736992,0.01785999909043312,0.0067900000140070915,0.009999999776482582,0.0101500004529953,0.009800000116229057,0.009349999949336052,0.01075000036507845,0.0,0.0,0.023469999432563782,0.0,0.0094200000166893,0.016620000824332237,0.0,0.023169999942183495,0.00750999990850687,0.0,0.0,0.0,0.0,0.009709999896585941,0.0],[0.0,0.02638999931514263,0.0,0.0,0.035429999232292175,0.011490000411868095,0.009340000338852406,0.0,0.0010100000072270632,0.0,0.009800000116229057,0.0,0.0,0.0,0.0,0.019419999793171883,0.0,0.07000000029802322,0.0,0.0,0.00989999994635582,0.030230000615119934,0.0,0.0,0.0,0.01817999966442585,0.016979999840259552,0.06870000064373016,0.0,0.0,0.0,0.005950000137090683,0.0,0.009359999559819698,0.0,0.0,0.0175199992954731,0.0,0.024460000917315483,0.0,0.0,0.0,0.020490000024437904,0.0,0.01030999980866909,0.0,0.0,0.0,0.0,0.00989999994635582],[0.0,0.0,0.0,0.0,0.008259999565780163,0.004569999873638153,0.0007399999885819852,0.0,0.011470000259578228,0.0,0.009999999776482582,0.07692000269889832,0.0,0.002259999979287386,0.021640000864863396,0.004220000002533197,0.0,0.0,0.0363599993288517,0.0,0.004120000172406435,0.0,0.0,0.0,0.009259999729692936,0.0,0.01310999970883131,0.0,0.04280000180006027,0.01396000012755394,0.0,0.0,0.010420000180602074,0.0,0.032999999821186066,0.0,0.01030999980866909,0.0,0.0,0.0,0.0,0.0,0.0,0.0,0.0,0.00860000029206276,0.02311999909579754,0.0,0.0,0.02563999965786934],[0.0,0.0,0.0,0.0,0.013530000112950802,0.0,0.0,0.017750000581145287,0.021479999646544456,0.024550000205636024,0.032519999891519547,0.010639999993145466,0.016330000013113022,0.008849999867379665,0.0,0.0,0.0,0.0,0.006300000008195639,0.011239999905228615,0.03633999824523926,0.004900000058114529,0.0,0.0,0.0,0.0,0.0,0.0,0.0,0.013799999840557575,0.006920000072568655,0.004550000187009573,0.0,0.0,0.0,0.008700000122189522,0.0,0.095490001142025,0.0,0.0,0.0,0.0,0.0,0.0,0.0,0.0,0.0,0.0177800003439188,0.0,0.0],[0.0,0.0,0.0,0.0,0.0,0.0,0.01056000031530857,0.020829999819397926,0.005030000116676092,0.007600000128149986,0.014929999597370625,0.009170000441372395,0.007120000198483467,0.0,0.04121999815106392,0.001180000021122396,0.017430000007152557,0.002959999954327941,0.03409000113606453,0.0,0.009429999627172947,0.0,0.0,0.0,0.00877000018954277,0.0,0.0,0.0,0.03440000116825104,0.0,0.0,0.0,0.009800000116229057,0.010420000180602074,0.0,0.01408000010997057,0.0,0.013620000332593918,0.0,0.033969998359680176,0.0,0.13615000247955322,0.009800000116229057,0.0,0.008150000125169754,0.028850000351667404,0.0,0.0,0.0,0.0],[0.0,0.0,0.0,0.05770000070333481,0.0,0.0070500001311302185,0.0,0.0,0.0,0.0,0.0,0.020829999819397926,0.0,0.0,0.008229999803006649,0.0,0.008849999867379665,0.00622999994084239,0.0018700000364333391,0.007939999923110008,0.0,0.0,0.027699999511241913,0.022989999502897263,0.0,0.005080000031739473,0.027780000120401382,0.0,0.05561000108718872,0.0,0.0,0.0,0.04496999830007553,0.0,0.004730000160634518,0.02882000058889389,0.019999999552965164,0.0,0.0,0.0,0.05310000106692314,0.0018599999602884054,0.017389999702572823,0.0,0.005640000104904175,0.005530000198632479,0.0012499999720603228,0.0,0.010029999539256096,0.018519999459385872],[0.0,0.0,0.0,0.016950000077486038,0.0,0.0,0.010470000095665455,0.0,0.0,0.0,0.0,0.0,0.0,0.007860000245273113,0.0,0.0,0.0,0.0,0.010730000212788582,0.009800000116229057,0.01931999996304512,0.008870000019669533,0.015930000692605972,0.0,0.0,0.0,0.03660000115633011,0.0,0.008139999583363533,0.0,0.0,0.0,0.0,0.0,0.0,0.012480000033974648,0.003949999809265137,0.0,0.0,0.0,0.0,0.0,0.0,0.04481000080704689,0.0,0.03117999993264675,0.0,0.041600000113248825,0.0,0.02019999921321869]],