{"objective":7171.15283203125,"runtime":2.0,"usage_matrix":[[0.0,0.007960000075399876,0.008489999920129776,0.0,0.0,0.0,0.0,0.0,0.0,0.010639999993145466,0.04544999822974205,0.054349999874830246,0.0,0.0,0.0,0.03381999954581261,0.0,0.016270000487565994,0.017090000212192535,0.0,0.004889999981969595,0.00279999990016222,0.0,0.0,0.0,0.0,0.0,0.031939998269081116,0.011760000139474869,0.0,0.0,0.0,0.0,0.05090000107884407,0.014510000124573708,0.0,0.021050000563263893,0.0,0.005289999768137932,0.060430001467466354,0.0,0.00839999970048666,0.0,0.0,0.000750000006519258,0.0,0.013930000364780426,0.011110000312328339,0.009119999594986439,0.0],[0.0,0.0,0.003759999992325902,0.008349999785423279,0.0,0.012120000086724758,0.0,0.0,0.01384000014513731,0.0,0.005030000116676092,0.021740000694990158,0.0,0.0,0.0,0.0,0.027459999546408653,0.016370000317692757,0.0,0.012350000441074371,0.0,0.02493000030517578,0.0,0.0,0.032979998737573624,0.0,0.0,0.009259999729692936,0.019999999552965164,0.0,0.0,0.01727999933063984,0.009030000306665897,0.0,0.0,0.0,0.0,0.0,0.013949999585747719,0.0,0.037060000002384186,0.0,0.01730000041425228,0.002460000105202198,0.0013500000350177288,0.0,0.0,0.0,0.0,0.0],[0.0,0.0,0.0,0.04761999845504761,0.0,0.0,0.02542000077664852,0.009600000455975533,0.0,0.0,0.0,0.0,0.01923000067472458,0.0,0.0,0.010970000177621841,0.018929999321699142,0.0,0.0,0.03075999952852726,0.0,0.018689999356865883,0.0,0.009089999832212925,0.03395000100135803,0.0,0.0,0.004410000052303076,0.0,0.0,0.0,0.0,0.0,0.0,0.0,0.0,0.018959999084472656,0.0,0.0,0.07287999987602234,0.059209998697042465,0.02703000046312809,0.0,0.0,0.0,0.039329998195171356,0.0,0.0,0.0,0.0],[0.0,0.0,0.05779999867081642,0.036079999059438705,0.0,0.0,0.0,0.011610000394284725,0.000590000010561198,0.0,0.0,0.019850000739097595,0.0,0.0,0.018519999459385872,0.0,0.0,0.0,0.0,0.0,0.0,0.0,0.02964000031352043,0.00989999994635582,0.05056999996304512,0.010660000145435333,0.0,0.0,0.0,0.0,0.022989999502897263,0.0,0.0,0.0,0.00016999999934341758,0.0,0.0,0.0,0.0014100000262260437,0.0,0.05964000150561333,0.0,0.0,0.003229999914765358,0.006380000151693821,0.008609999902546406,0.0,0.0,0.0,0.0],[0.004209999926388264,0.0,0.007110000122338533,0.0,0.0,0.0,0.019050000235438347,0.0,0.029980000108480453,0.019419999793171883,0.020360000431537628,0.0,0.0072200000286102295,0.0,0.0,0.0,0.0,0.0,0.0,0.0,0.008270000107586384,0.0,0.0005799999926239252,0.0076299998909235,0.0,0.0,0.0,0.0,0.0,0.0,0.009519999846816063,0.0,0.0,0.0016299999551847577,0.0,0.0,0.0,0.0,0.027780000120401382,0.0,0.007499999832361937,0.015250000171363354,0.004540000110864639,0.009800000116229057,0.0,0.029580000787973404,0.02054000087082386,0.009800000116229057,0.01979999989271164,0.0],[0.0,0.0,0.00535999983549118,0.005609999876469374,0.0215000007301569,0.060029998421669006,0.010029999539256096,0.0010499999625608325,0.0,0.021980000659823418,0.00892999954521656,0.014360000379383564,0.020430000498890877,0.0,0.010639999993145466,0.02694999985396862,0.02630000002682209,0.033330000936985016,0.016769999638199806,0.018470000475645065,0.0,0.0,0.0,0.0059899999760091305,0.0,0.04081999883055687,0.0,0.0,0.0029899999499320984,0.0,0.0,0.0,0.020719999447464943,0.0,0.0009299999801442027,0.008229999803006649,0.005109999794512987,0.0,0.0,0.0,0.0,0.0,0.0,0.0,0.0,0.0,0.0,0.0,0.007089999970048666,0.0],[0.0,0.009259999729692936,0.012040000408887863,0.002319999970495701,0.002589999930933118,0.0,0.006990000139921904,0.01348000019788742,0.026839999482035637,0.0,0.0,0.04363999888300896,0.02425999939441681,0.0,0.0,0.0,0.0,0.007939999923110008,0.0,0.00877000018954277,0.05824999883770943,0.0,0.0,0.0,0.0,0.0,0.0,0.024860000237822533,0.0,0.0,0.0,0.0,0.0,0.0,0.0027099999133497477,0.00839999970048666,0.0,0.010870000347495079,0.0,0.0,0.0,0.0,0.014630000106990337,0.011350000277161598,0.0,0.02751999907195568,0.006519999820739031,0.0,0.006940000224858522,0.0],[0.022140000015497208,0.0,0.01576000079512596,0.001339999958872795,0.0,0.0,0.0,0.0,0.0,0.0,0.0,0.0,0.0,0.008510000072419643,0.0,0.027540000155568123,0.0,0.0,0.02061999961733818,0.0,0.0,0.0,0.0,0.0,0.0,0.010990000329911709,0.0,0.0,0.022220000624656677,0.0,0.00622999994084239,0.0,0.009619999676942825,0.035829998552799225,0.005280000157654285,0.00877000018954277,0.0,0.00750999990850687,0.0,0.0,0.0,0.0,0.011300000362098217,0.0,0.0043299999088048935,0.0,0.002529999939724803,0.0,0.0003699999942909926,0.010990000329911709],[0.0,0.00892999954521656,0.0012600000482052565,0.0,0.0014799999771639705,0.0,0.0,0.0,0.0,0.0,0.0,0.0,0.0,0.06421999633312225,0.011110000312328339,0.0,0.1050800010561943,0.0,0.005499999970197678,0.016820000484585762,0.012199999764561653,0.038830000907182693,0.0,0.0,0.0,0.01840999908745289,0.005280000157654285,0.0,0.0,0.00877000018954277,0.0083600003272295,0.0,0.0,0.020339999347925186,0.0,0.002300000051036477,0.01817999966442585,0.0,0.05324999988079071,0.028300000354647636,0.0,0.01205000001937151,0.0,0.01844000071287155,0.0,0.022989999502897263,0.0,0.0,0.0,0.0],[0.00750999990850687,0.0,0.01940999925136566,0.034790001809597015,0.0,0.0,0.0,0.0,0.0,0.0,0.0,0.0,0.01145000010728836,0.0,0.007420000154525042,0.0,0.0,0.0,0.011490000411868095,0.0,0.0261400006711483,0.007829999551177025,0.0291300006210804,0.0,0.031039999797940254,0.0,0.0,0.0,0.0,0.0,0.0,0.0,0.0,0.0,0.0,0.0,0.0,0.003449999960139394,0.010929999873042107,0.0,0.03432999923825264,0.021139999851584435,0.0018500000005587935,0.0,0.009170000441372395,0.007840000092983246,0.005309999920427799,0.0,0.020829999819397926,0.0]],