{"objective":9570.2568359375,"runtime":2.0,"usage_matrix":[[0.11620000004768372,0.0,0.0,0.0,0.019339999184012413,0.009800000116229057,0.0,0.006599999964237213,0.0,0.05494000017642975,0.0,0.0,0.012140000239014626,0.0,0.012679999694228172,0.0,0.029079999774694443,0.011110000312328339,0.0,0.0,0.0,0.0,0.024070000275969505,0.0,0.0,0.0,0.0,0.0,0.0,0.0,0.0,0.013050000183284283,0.0,0.0,0.0,0.02127999998629093,0.0,0.0,0.00812000036239624,0.009349999949336052,0.01075000036507845,0.0,0.0,0.029090000316500664,0.0,0.0,0.0,0.0,0.0,0.014440000057220459],[0.06493999809026718,0.0,0.0,0.0,0.0,0.00482999999076128,0.0,0.0,0.0,0.009089999832212925,0.006140000186860561,0.0,0.0,0.013620000332593918,0.0006200000061653554,0.0035800000187009573,0.0,0.0,0.0,0.0,0.0,0.020409999415278435,0.0,0.0,0.019600000232458115,0.00824000034481287,0.0,0.0,0.0,0.0,0.015780000016093254,0.0,0.0,0.0,0.0,0.0,0.0,0.02127999998629093,0.039820000529289246,0.0,0.0010499999625608325,0.018869999796152115,0.0,0.007519999984651804,0.01030999980866909,0.0,0.030300000682473183,0.0,0.027780000120401382,0.01998000033199787],[0.0258799996227026,0.0,0.0,0.0,0.010099999606609344,0.0003000000142492354,0.0,0.0,0.03925999999046326,0.018540000542998314,0.009429999627172947,0.0010900000343099236,0.017009999603033066,0.005760000087320805,0.03058999963104725,0.0,0.0,0.014159999787807465,0.0,0.0,0.0291300006210804,0.0,0.0,0.0,0.0,0.01228999998420477,0.0,0.05617000162601471,0.0,0.0,0.017430000007152557,0.0,0.0,0.010870000347495079,0.0,0.017909999936819077,0.0,0.0,0.00418000016361475,0.0,0.03570999950170517,0.012109999544918537,0.01972999982535839,0.0,0.0,0.0,0.0,0.01030999980866909,0.0,0.0],[0.0,0.0,0.019430000334978104,0.0,0.0,0.0,0.015289999544620514,0.010200000368058681,0.0,0.008559999987483025,0.0,0.03905000165104866,0.0,0.008030000142753124,0.00018000000272877514,0.0038999998942017555,0.0,0.0,0.0,0.0,0.0,0.0,0.0007999999797903001,0.0019099999917671084,0.0,0.04543000087141991,0.0,0.0,0.0,0.0,0.002630000002682209,0.03919000178575516,0.010099999606609344,0.0003100000030826777,0.010099999606609344,0.0,0.035989999771118164,0.01834999956190586,0.0,0.0,0.0,0.0,0.0,0.0,0.00892999954521656,0.009999999776482582,0.0,0.0,0.04586999863386154,0.0],[0.01413000002503395,0.0,0.0,0.0,0.0,0.0,0.015629999339580536,0.0,0.0,0.042580001056194305,0.0001900000061141327,0.013810000382363796,0.008960000239312649,0.021970000118017197,0.0,0.0,0.009610000066459179,0.0,0.006180000025779009,0.0,0.0,0.0,0.0,0.0,0.0003000000142492354,0.0,0.024390000849962234,0.0,0.02865999937057495,0.0,0.03027999959886074,0.0,0.0,0.0,0.0,0.0,0.1332699954509735,0.015039999969303608,0.0,0.020409999415278435,0.020829999819397926,0.0,0.0,0.0,0.0,0.0,0.009800000116229057,0.021980000659823418,0.0,0.00774999987334013],[0.0,0.008200000040233135,0.009999999776482582,0.0,0.0,0.0,0.0,0.0,0.0,0.0,0.0,0.012199999764561653,0.05553999915719032,0.01006999984383583,0.0,0.048500001430511475,0.026319999247789383,0.058139998465776443,0.009089999832212925,0.01754000037908554,0.0,0.010180000215768814,0.0037799999117851257,0.0,0.005379999987781048,0.0,0.008849999867379665,0.04761999845504761,0.0,0.006599999964237213,0.0,0.0,0.0,0.015990000218153,0.010320000350475311,0.0,0.0,0.0,0.0,0.01802000030875206,0.02329999953508377,0.0,0.016140000894665718,0.0,0.0,0.0,0.0,0.0,0.0,0.0],[0.0,0.0363599993288517,0.014329999685287476,0.0,0.026319999247789383,0.011490000411868095,0.0006200000061653554,0.0319099985063076,0.013679999858140945,0.028300000354647636,0.008390000090003014,0.004809999838471413,0.0,0.0,0.016419999301433563,0.0,0.019999999552965164,0.0,0.0,0.0,0.0,0.009349999949336052,0.0,0.0,0.006120000034570694,0.0,0.0,0.0,0.012959999963641167,0.001560000004246831,0.05345999822020531,0.055240001529455185,0.0,0.0,0.008469999767839909,0.0,0.0,0.00686000008136034,0.0,0.0,0.0,0.0,0.0,0.0007099999929778278,0.020239999517798424,0.0,0.00795000046491623,0.0,0.0,0.04210999980568886],[0.0,0.0,0.0,0.0,0.009239999577403069,0.04380999878048897,0.01030999980866909,0.012520000338554382,0.0,0.00022000000171829015,0.0,0.007699999958276749,0.0,0.0,0.0081599997356534,0.011049999855458736,0.008609999902546406,0.029999999329447746,0.0,0.01979999989271164,0.0,0.0,0.0026199999265372753,0.0,0.0,0.0,0.018869999796152115,0.08732999861240387,0.0,0.0,0.0,0.0,0.010420000180602074,0.010420000180602074,0.0,0.010599999688565731,0.016780000180006027,0.0,0.01924999989569187,0.0,0.0,0.01030999980866909,0.0,0.016009999439120293,0.0,0.0,0.05285999923944473,0.010130000300705433,0.007439999841153622,0.0],[0.07485999912023544,0.013679999858140945,0.010639999993145466,0.0,0.0,0.0,0.01245999988168478,0.0,0.0,0.0,0.018309999257326126,0.0,0.01351999957114458,0.019700000062584877,0.0,0.0,0.0,0.0,0.0,0.032010000199079514,0.0,0.0,0.0,0.05130999907851219,0.0,0.05736999958753586,0.0,0.0,0.003809999907389283,0.03206000104546547,0.0,0.0,0.0,0.0032500000670552254,0.0,0.0,0.0,0.009089999832212925,0.0,0.010420000180602074,0.0,0.008799999952316284,0.01030999980866909,0.0,0.0,0.01802000030875206,0.0,0.01882999949157238,0.019050000235438347,0.0],[0.0531499981880188,0.0,0.01972999982535839,0.019610000774264336,0.0,0.0,0.0,0.05243999883532524,0.006099999882280827,0.0,0.0,0.0,0.0,0.03826000168919563,0.0007099999929778278,0.010420000180602074,0.019339999184012413,0.0,0.038509998470544815,0.0,0.0,0.0,0.0,0.0,0.0,0.010610000230371952,0.0,0.0,0.0,0.013199999928474426,0.024890000000596046,0.0,0.0,0.009189999662339687,0.0,0.009829999879002571,0.025989999994635582,0.0,0.0,0.0,0.03539999946951866,0.009800000116229057,0.0,0.0,0.0,0.0,0.0,0.011490000411868095,0.011110000312328339,0.0052200001664459705]],