{"objective":7131.06884765625,"runtime":1.0,"usage_matrix":[[0.0,0.03277000039815903,0.0,0.04820999875664711,0.004730000160634518,0.0,0.0,0.013570000417530537,0.0,0.0,0.0,0.0,0.0,0.0,0.0,0.0,0.04368000105023384,0.0,0.0,0.0,0.0,0.0,0.01809000037610531,0.0,0.007960000075399876,0.0,0.0,0.0,0.04918000102043152,0.00839999970048666,0.0,0.0,0.0,0.0321200005710125,0.02085000090301037,0.0,0.0,0.0,0.0,0.0,0.03852999955415726,0.0,0.0,0.008670000359416008,0.0,0.007679999805986881,0.0,0.0,0.008700000122189522,0.0],[0.0035600000992417336,0.012640000320971012,0.0215000007301569,0.0,0.0,0.0,0.014050000347197056,0.006750000175088644,0.010639999993145466,0.0,0.028130000457167625,0.0,0.0006900000153109431,0.017160000279545784,0.008849999867379665,0.0,0.002749999985098839,0.0,0.00892999954521656,0.043960001319646835,0.0,0.0,0.0014700000174343586,0.022989999502897263,0.0,0.020080000162124634,0.0,0.0,0.0,0.0,0.0,0.024560000747442245,0.0,0.0,0.0,0.02087000012397766,0.01030999980866909,0.0,0.010359999723732471,0.0,0.018389999866485596,0.0,0.0,0.006479999981820583,0.0009899999713525176,0.007430000230669975,0.0,0.01923000067472458,0.011110000312328339,0.01754000037908554],[0.008940000087022781,0.0,0.0,0.033070001751184464,0.021050000563263893,0.0,0.0,0.0,0.0,0.014790000393986702,0.0011699999449774623,0.019050000235438347,0.0,0.0,0.0077599999494850636,0.0,0.0,0.03392000123858452,0.0,0.0,0.0,0.0,0.007189999800175428,0.0,0.0,0.0,0.0,0.03621000051498413,0.008700000122189522,0.0,0.0,0.0,0.028769999742507935,0.01075000036507845,0.00044999999227002263,0.02744000032544136,0.0,0.038830000907182693,0.010420000180602074,0.0,0.0,0.0,0.0,0.0003699999942909926,0.05936000123620033,0.0,0.012299999594688416,0.004860000219196081,0.0,0.0],[0.0,0.02094000019133091,0.01075000036507845,0.0,0.029610000550746918,0.0,0.023649999871850014,0.0,0.023310000076889992,0.0,0.0,0.0,0.0,0.0,0.0,0.0,0.000539999979082495,0.0258799996227026,0.0,0.0,0.031849998980760574,0.0,0.0,0.01874000020325184,0.0,0.0,0.0,0.01181000005453825,0.007089999970048666,0.010099999606609344,0.0,0.0,0.0,0.0,0.0,0.0,0.010889999568462372,0.00892999954521656,0.0,0.013899999670684338,0.0,0.0,0.009669999592006207,0.0,0.0,0.0,0.0,0.009089999832212925,0.010999999940395355,0.0],[0.1348399966955185,0.0,0.004360000137239695,0.020360000431537628,0.0,0.009709999896585941,0.0,0.0,0.022989999502897263,0.0,0.029820000752806664,0.0,0.021239999681711197,0.0,0.02727000042796135,0.0,0.0,0.0,0.01785999909043312,0.0,0.0,0.010780000127851963,0.006479999981820583,0.0008900000248104334,0.0,0.007980000227689743,0.0,0.0,0.009820000268518925,0.02159000001847744,0.0,0.0055599999614059925,0.0,0.04544999822974205,0.015110000036656857,0.0,0.0,0.0,0.0,0.01631000079214573,0.0,0.01030999980866909,0.0,0.017810000106692314,0.02850000001490116,0.020509999245405197,0.0,0.017030000686645508,0.010099999606609344,0.000019999999494757503],[0.004610000178217888,0.0,0.0,0.0,0.009399999864399433,0.0,0.0,0.007019999902695417,0.0,0.0,0.004530000034719706,0.00394000019878149,0.0,0.0,0.005789999850094318,0.012430000118911266,0.0,0.0,0.0,0.0,0.00009000000136438757,0.008849999867379665,0.009519999846816063,0.011959999799728394,0.02628999948501587,0.06815999746322632,0.0,0.0,0.011359999887645245,0.0,0.0,0.016850000247359276,0.0,0.0,0.0,0.0,0.010420000180602074,0.0,0.0,0.0,0.0,0.0,0.019419999793171883,0.0,0.011900000274181366,0.02208000048995018,0.0,0.0,0.009170000441372395,0.0],[0.018699999898672104,0.0,0.0010999999940395355,0.0188400000333786,0.01484999991953373,0.02273000031709671,0.0,0.0,0.0,0.012690000236034393,0.0,0.0,0.0,0.0,0.0,0.0,0.0,0.0,0.0,0.017829999327659607,0.0,0.027809999883174896,0.0,0.0,0.005439999978989363,0.0036899999249726534,0.009709999896585941,0.0,0.0,0.0,0.010329999960958958,0.0005699999746866524,0.008369999937713146,0.004610000178217888,0.0,0.0,0.0,0.0,0.0,0.0,0.012529999949038029,0.0,0.0,0.0,0.015890000388026237,0.0,0.009349999949336052,0.0014100000262260437,0.0,0.00877000018954277],[0.0,0.0,0.0,0.0,0.0,0.0,0.0,0.0,0.031220000237226486,0.0,0.024219999089837074,0.0,0.024620000272989273,0.012860000133514404,0.003470000112429261,0.0,0.0,0.01909000054001808,0.0,0.006659999955445528,0.0,0.0,0.0,0.0,0.017009999603033066,0.035259999334812164,0.0,0.010990000329911709,0.027569999918341637,0.0,0.010639999993145466,0.013609999790787697,0.0,0.009349999949336052,0.010339999571442604,0.05634000152349472,0.0,0.018209999427199364,0.0,0.005510000046342611,0.0,0.00877000018954277,0.010990000329911709,0.0,0.0,0.0,0.0,0.0,0.013009999878704548,0.04673000052571297],[0.0,0.009940000250935555,0.0020800000056624413,0.0,0.0,0.010420000180602074,0.010850000195205212,0.0,0.010870000347495079,0.004040000028908253,0.019950000569224358,0.02857000008225441,0.0,0.02273000031709671,0.009999999776482582,0.0,0.014619999565184116,0.0,0.012129999697208405,0.004279999993741512,0.0029899999499320984,0.001230000052601099,0.0,0.0,0.017470000311732292,0.0002800000074785203,0.010990000329911709,0.0,0.004009999800473452,0.0,0.0,0.013140000402927399,0.0,0.0,0.0,0.010099999606609344,0.005499999970197678,0.0,0.0,0.0,0.0,0.0,0.0,0.02215000055730343,0.009750000201165676,0.0,0.011130000464618206,0.0,0.0,0.011239999905228615],[0.028950000181794167,0.0,0.0,0.018959999084472656,0.0063299997709691525,0.0,0.0,0.0,0.012910000048577785,0.0,0.0,0.003860000055283308,0.0088900001719594,0.0,0.0,0.03240000084042549,0.025860000401735306,0.0,0.07842999696731567,0.001550000044517219,0.0,0.0,0.0,0.00559999980032444,0.0697299987077713,0.025450000539422035,0.00851999968290329,0.008620000444352627,0.008329999633133411,0.0,0.0,0.0,0.022029999643564224,0.023409999907016754,0.0,0.004860000219196081,0.017389999702572823,0.01979999989271164,0.018789999186992645,0.0,0.0012499999720603228,0.0,0.0,0.0,0.0,0.0018400000408291817,0.02118000015616417,0.0,0.0,0.004019999876618385]],