{"objective":6923.650390625,"runtime":1.0,"usage_matrix":[[0.0,0.0043299999088048935,0.0,0.01768999919295311,0.0,0.0,0.0,0.0,0.0058200000785291195,0.009259999729692936,0.0,0.0,0.013159999623894691,0.0,0.009709999896585941,0.0,0.0,0.0,0.0,0.0,0.009259999729692936,0.0,0.0,0.0,0.0232900008559227,0.0,0.05548999831080437,0.018559999763965607,0.0,0.0,0.0,0.0,0.0,0.0,0.0,0.0,0.0,0.009999999776482582,0.0028200000524520874,0.0,0.0,0.0,0.0,0.015429999679327011,0.04853999987244606,0.0023300000466406345,0.0,0.0,0.0,0.0],[0.0,0.0,0.0,0.0,0.0,0.0,0.00925000011920929,0.0,0.01874000020325184,0.009709999896585941,0.0,0.011429999954998493,0.038109999150037766,0.00892999954521656,0.0,0.0,0.0,0.0,0.0,0.03703000023961067,0.010970000177621841,0.0,0.0,0.027860000729560852,0.008620000444352627,0.0,0.0,0.0,0.0,0.019940000027418137,0.008630000054836273,0.0,0.0,0.0,0.05446000024676323,0.0,0.0,0.004689999856054783,0.009150000289082527,0.0,0.0,0.025140000507235527,0.006209999788552523,0.00877000018954277,0.01672999933362007,0.0,0.009530000388622284,0.0,0.043230000883340836,0.0],[0.01744999922811985,0.0,0.0,0.0,0.01590999960899353,0.017389999702572823,0.025699999183416367,0.0,0.0,0.007199999876320362,0.01331000030040741,0.0,0.0,0.017659999430179596,0.01283000037074089,0.0,0.0,0.0,0.016529999673366547,0.0,0.0,0.0047900001518428326,0.06185000017285347,0.0,0.0,0.00824000034481287,0.0035800000187009573,0.009519999846816063,0.0,0.011629999615252018,0.0,0.0,0.0,0.04673000052571297,0.0,0.0,0.009800000116229057,0.0,0.0,0.0,0.01809000037610531,0.0,0.01711999997496605,0.0,0.002520000096410513,0.0,0.0,0.0,0.020829999819397926,0.0],[0.0,0.0,0.0,0.0,0.02054000087082386,0.0,0.0,0.0,0.010639999993145466,0.0,0.0,0.004939999897032976,0.0,0.0,0.0,0.03150000050663948,0.0,0.001550000044517219,0.010339999571442604,0.037379998713731766,0.03448000177741051,0.0017800000496208668,0.025189999490976334,0.0,0.0,0.0,0.0,0.0,0.029009999707341194,0.0,0.020409999415278435,0.027559999376535416,0.011359999887645245,0.0,0.005530000198632479,0.0,0.01923000067472458,0.020059999078512192,0.0,0.017090000212192535,0.0530799999833107,0.018050000071525574,0.0,0.0,0.0,0.0,0.0,0.0,0.0,0.009800000116229057],[0.0,0.01513999979943037,0.015110000036656857,0.01030999980866909,0.004230000078678131,0.03166000172495842,0.010639999993145466,0.002309999894350767,0.0,0.02751999907195568,0.033649999648332596,0.0,0.02246999926865101,0.0,0.009709999896585941,0.037689998745918274,0.0,0.0,0.0,0.005059999879449606,0.0,0.005710000172257423,0.0,0.0,0.011239999905228615,0.004730000160634518,0.0,0.0,0.0,0.0017999999690800905,0.0,0.0,0.02078000083565712,0.030300000682473183,0.0,0.0,0.0,0.0,0.007300000172108412,0.0,0.0,0.0,0.006149999797344208,0.009999999776482582,0.0,0.034779999405145645,0.0,0.008980000391602516,0.0,0.0],[0.0,0.0,0.0,0.041669998317956924,0.01257999986410141,0.002570000011473894,0.0,0.0019099999917671084,0.0,0.0,0.0,0.0075599998235702515,0.021209999918937683,0.02127999998629093,0.0,0.0,0.0,0.0,0.019610000774264336,0.0,0.010479999706149101,0.0,0.0,0.019349999725818634,0.009709999896585941,0.02679000049829483,0.0,0.015939999371767044,0.0,0.0,0.0044200001284480095,0.0,0.0021299999207258224,0.0,0.0,0.0478999987244606,0.009060000069439411,0.0,0.0,0.030300000682473183,0.004980000201612711,0.0,0.0,0.00901000015437603,0.02174999937415123,0.007590000052005053,0.010370000265538692,0.0,0.0,0.04032000154256821],[0.0,0.006500000134110451,0.0,0.006049999967217445,0.0015399999683722854,0.0,0.014999999664723873,0.0,0.003650000086054206,0.007579999975860119,0.01056000031530857,0.026930000633001328,0.010639999993145466,0.0,0.01075000036507845,0.011300000362098217,0.006500000134110451,0.011769999749958515,0.014739999547600746,0.010529999621212482,0.0,0.0,0.0,0.011660000309348106,0.0,0.0,0.002050000010058284,0.028039999306201935,0.06943000108003616,0.011680000461637974,0.0,0.0,0.0,0.0,0.0,0.045740000903606415,0.0,0.0,0.0,0.0,0.03711999952793121,0.0013299999991431832,0.009259999729692936,0.0,0.0,0.02677999995648861,0.0,0.0038900000508874655,0.0,0.0],[0.0,0.0,0.05697999894618988,0.0,0.0,0.019279999658465385,0.007309999782592058,0.018130000680685043,0.0,0.004379999823868275,0.0,0.02687999978661537,0.0031399999279528856,0.009999999776482582,0.008620000444352627,0.0,0.0,0.004809999838471413,0.0,0.028300000354647636,0.0,0.0,0.0,0.004660000093281269,0.0,0.017389999702572823,0.03942999988794327,0.022989999502897263,0.048510000109672546,0.0,0.0,0.006909999996423721,0.0,0.01351999957114458,0.0,0.0,0.0,0.0,0.0,0.0,0.02005000039935112,0.014820000156760216,0.019610000774264336,0.019419999793171883,0.0,0.0,0.0,0.01640000008046627,0.020409999415278435,0.02881000004708767],[0.0,0.0,0.0,0.0,0.013240000233054161,0.01310999970883131,0.02102000080049038,0.0,0.030389999970793724,0.0,0.0,0.010990000329911709,0.0,0.0,0.0,0.0,0.0,0.0,0.02127999998629093,0.01583999954164028,0.0,0.0,0.0,0.0,0.015270000323653221,0.017920000478625298,0.03240000084042549,0.010639999993145466,0.0,0.021479999646544456,0.03158000111579895,0.04493999853730202,0.026729999110102654,0.0,0.0471699982881546,0.0,0.0,0.015560000203549862,0.0,0.0,0.0,0.0,0.0,0.0,0.0017099999822676182,0.0,0.008220000192523003,0.0,0.0,0.0],[0.027489999309182167,0.005900000222027302,0.0,0.011359999887645245,0.05668000131845474,0.010420000180602074,0.0,0.005400000140070915,0.02896999940276146,0.0,0.014800000004470348,0.0,0.010529999621212482,0.0038999998942017555,0.0,0.0,0.0,0.0,0.0,0.020409999415278435,0.005169999785721302,0.0,0.015039999969303608,0.0,0.0,0.0,0.0,0.01648000068962574,0.03286999836564064,0.0011099999537691474,0.0,0.03951000049710274,0.0,0.0,0.004679999779909849,0.0,0.0,0.0,0.009610000066459179,0.009709999896585941,0.003920000046491623,0.0,0.01817999966442585,0.0,0.0,0.0,0.0,0.0,0.0,0.0086899995803833]],