{"objective":6837.95068359375,"runtime":1.0,"usage_matrix":[[0.0,0.0,0.011629999615252018,0.01209999993443489,0.0,0.023569999262690544,0.02655000053346157,0.021929999813437462,0.0,0.0,0.0,0.016030000522732735,0.009800000116229057,0.0003000000142492354,0.0029899999499320984,0.028440000489354134,0.0,0.0,0.001069999998435378,0.0,0.03149000182747841,0.05062999948859215,0.02449999935925007,0.0,0.009340000338852406,0.021810000762343407,0.028300000354647636,0.0,0.0,0.0,0.015589999966323376,0.011760000139474869,0.012350000441074371,0.0060800001956522465,0.0,0.010200000368058681,0.010529999621212482,0.009580000303685665,0.016130000352859497,0.015869999304413795,0.0,0.0,0.0,0.006579999811947346,0.01785999909043312,0.0,0.0,0.008460000157356262,0.0,0.005909999832510948],[0.0,0.0,0.0,0.0,0.022509999573230743,0.0,0.009019999764859676,0.0,0.0,0.0,0.0,0.0,0.009920000098645687,0.0,0.024879999458789825,0.0,0.026329999789595604,0.04064999893307686,0.01030999980866909,0.0,0.0,0.020260000601410866,0.00634999992325902,0.025289999321103096,0.017419999465346336,0.023590000346302986,0.0,0.0,0.0,0.0,0.0,0.0,0.038100000470876694,0.007189999800175428,0.0,0.0,0.019419999793171883,0.012500000186264515,0.00892999954521656,0.0,0.01759999990463257,0.0,0.0031300000846385956,0.010529999621212482,0.024159999564290047,0.0,0.00989999994635582,0.0,0.0077599999494850636,0.006320000160485506],[0.0,0.0,0.0,0.00013000000035390258,0.0,0.011900000274181366,0.02061999961733818,0.0649000033736229,0.008919999934732914,0.018610000610351562,0.019419999793171883,0.013150000013411045,0.012729999609291553,0.015519999898970127,0.0,0.0045900000259280205,0.0,0.0,0.003930000122636557,0.0,0.036660000681877136,0.0,0.0,0.009100000374019146,0.0,0.0,0.011239999905228615,0.0,0.0,0.00860000029206276,0.015200000256299973,0.0,0.004019999876618385,0.0,0.009999999776482582,0.0,0.0,0.007860000245273113,0.0,0.0,0.0,0.0012700000079348683,0.0,0.010639999993145466,0.0,0.01638999953866005,0.0,0.0,0.0,0.0],[0.0,0.0,0.04761999845504761,0.0030900000128895044,0.000699999975040555,0.0129399998113513,0.0,0.0,0.023590000346302986,0.0,0.0037400000728666782,0.017869999632239342,0.037700001150369644,0.014050000347197056,0.011309999972581863,0.021299999207258224,0.007160000037401915,0.0,0.024390000849962234,0.038830000907182693,0.016680000349879265,0.010639999993145466,0.0008500000112690032,0.0,0.005789999850094318,0.008449999615550041,0.009259999729692936,0.009909999556839466,0.028300000354647636,0.0,0.009920000098645687,0.0,0.008849999867379665,0.005169999785721302,0.0,0.009349999949336052,0.0,0.044119998812675476,0.020910000428557396,0.0,0.01030999980866909,0.0,0.0016899999463930726,0.0,0.0,0.010420000180602074,0.037379998713731766,0.0,0.0,0.0],[0.0,0.048980001360177994,0.0,0.0,0.009610000066459179,0.010420000180602074,0.027780000120401382,0.0,0.0,0.0,0.0,0.0,0.0,0.029400000348687172,0.01802000030875206,0.01355000026524067,0.0,0.0,0.005750000011175871,0.0,0.0,0.009229999966919422,0.0,0.018699999898672104,0.019029999151825905,0.012810000218451023,0.0,0.004900000058114529,0.0,0.028039999306201935,0.008799999952316284,0.011060000397264957,0.0,0.0,0.0,0.0,0.0,0.009909999556839466,0.0,0.007660000119358301,0.020889999344944954,0.0946199968457222,0.0,0.0,0.0,0.005309999920427799,0.0,0.0076299998909235,0.0,0.009619999676942825],[0.0,0.0,0.0,0.0,0.011409999802708626,0.0,0.0,0.0,0.0,0.0,0.010639999993145466,0.0,0.00023999999393709004,0.0,0.0,0.0,0.0,0.0,0.0,0.0319099985063076,0.0,0.01334999967366457,0.0,0.0,0.0,0.0,0.0,0.0,0.013539999723434448,0.009359999559819698,0.0,0.029999999329447746,0.05934000015258789,0.0,0.0,0.019349999725818634,0.0,0.010459999553859234,0.0,0.0,0.0,0.012760000303387642,0.04067999869585037,0.005439999978989363,0.06990999728441238,0.0,0.0,0.0,0.007819999940693378,0.0],[0.0,0.0,0.0,0.010200000368058681,0.0,0.01075000036507845,0.0,0.0,0.0,0.0,0.0,0.024170000106096268,0.005520000122487545,0.0007699999841861427,0.0,0.00953999999910593,0.018540000542998314,0.024229999631643295,0.008659999817609787,0.012659999541938305,0.0,0.0,0.010700000450015068,0.0,0.009610000066459179,0.0067900000140070915,0.0,0.032260000705718994,0.0,0.05445000156760216,0.007120000198483467,0.0,0.0,0.007770000025629997,0.010200000368058681,0.019050000235438347,0.028300000354647636,0.0,0.010529999621212482,0.009709999896585941,0.0,0.018160000443458557,0.0,0.0,0.0,0.0,0.0,0.0,0.0,0.0],[0.0,0.0,0.0,0.0,0.016170000657439232,0.0,0.0,0.005739999935030937,0.0,0.013129999861121178,0.009709999896585941,0.0,0.007960000075399876,0.015850000083446503,0.0,0.0,0.0,0.0,0.009970000013709068,0.00989999994635582,0.014139999635517597,0.0,0.0,0.0,0.0,0.0,0.0,0.011540000326931477,0.016669999808073044,0.019700000062584877,0.0,0.0,0.01947000063955784,0.014630000106990337,0.0,0.008849999867379665,0.004120000172406435,0.0,0.0,0.04706000164151192,0.0003699999942909926,0.009030000306665897,0.0,0.0,0.011549999937415123,0.0,0.011239999905228615,0.0,0.00863999966531992,0.01923000067472458],[0.0,0.010590000078082085,0.0,0.0,0.03878999873995781,0.009519999846816063,0.008369999937713146,0.0,0.010579999536275864,0.0,0.0,0.0008299999753944576,0.0022299999836832285,0.0,0.00203999993391335,0.0,0.0,0.0,0.0,0.0,0.03813000023365021,0.011900000274181366,0.007699999958276749,0.035440001636743546,0.052960000932216644,0.0,0.0,0.07224000245332718,0.00877000018954277,0.00786999985575676,0.0,0.0,0.03570999950170517,0.0,0.01923000067472458,0.0,0.0,0.004490000195801258,0.0,0.0,0.0,0.0029100000392645597,0.06852000206708908,0.0,0.0,0.038100000470876694,0.0,0.0,0.0,0.0],[0.048650000244379044,0.0,0.0,0.002090000081807375,0.0,0.009349999949336052,0.00989999994635582,0.047589998692274094,0.0,0.0028099999763071537,0.0,0.002400000113993883,0.0,0.05768999829888344,0.00698000006377697,0.009519999846816063,0.0,0.0,0.011479999870061874,0.0,0.004749999847263098,0.009709999896585941,0.0,0.0,0.0,0.00788000039756298,0.0,0.007110000122338533,0.027370000258088112,0.0013899999903514981,0.0,0.009569999761879444,0.0,0.008259999565780163,0.0,0.0,0.0,0.00860000029206276,0.009209999814629555,0.0039900001138448715,0.018869999796152115,0.002259999979287386,0.019360000267624855,0.0,0.0,0.0,0.0,0.0,0.03279000148177147,0.00989999994635582]],