{"objective":9389.119140625,"runtime":2.0,"usage_matrix":[[0.0,0.0,0.0,0.0,0.0,0.011239999905228615,0.0,0.0,0.0,0.0,0.0,0.008430000394582748,0.0812000036239624,0.0,0.0,0.0,0.006430000066757202,0.0,0.02961999922990799,0.0,0.009519999846816063,0.05486999824643135,0.0,0.0,0.0,0.0,0.009429999627172947,0.008139999583363533,0.0,0.0,0.0,0.0,0.049059998244047165,0.04092999920248985,0.0,0.011110000312328339,0.008249999955296516,0.005750000011175871,0.0,0.011260000057518482,0.0,0.010420000180602074,0.006310000084340572,0.0,0.026040000841021538,0.02355000004172325,0.0,0.0,0.019050000235438347,0.0],[0.047850001603364944,0.010529999621212482,0.0,0.032660000026226044,0.0,0.0,0.0,0.0,0.0,0.025989999994635582,0.0,0.0,0.005049999803304672,0.0,0.008790000341832638,0.0026599999982863665,0.0,0.0,0.024900000542402267,0.0,0.018519999459385872,0.016839999705553055,0.0,0.0,0.0,0.0,0.0,0.0,0.0,0.0,0.0,0.011710000224411488,0.0063599999994039536,0.03092999942600727,0.0,0.0,0.0,0.0,0.00989999994635582,0.0,0.0,0.008249999955296516,0.016510000452399254,0.0,0.0,0.06616000086069107,0.006909999996423721,0.0,0.0,0.0],[0.023979999125003815,0.01754000037908554,0.02928999997675419,0.04780999943614006,0.03061000071465969,0.01281999982893467,0.0,0.01030999980866909,0.0,0.06111999973654747,0.005609999876469374,0.0,0.0,0.05940999835729599,0.0,0.0,0.0,0.0,0.010990000329911709,0.0,0.0,0.0,0.020400000736117363,0.0,0.027780000120401382,0.05555000156164169,0.004470000043511391,0.009519999846816063,0.0028800000436604023,0.0,0.004569999873638153,0.0,0.0,0.0,0.0,0.0,0.00989999994635582,0.003640000009909272,0.00571999978274107,0.004650000017136335,0.0,0.0017000000225380063,0.013419999741017818,0.0,0.0,0.0,0.00016999999934341758,0.00965999998152256,0.0,0.0],[0.006200000178068876,0.0,0.0,0.047189999371767044,0.00892999954521656,0.0363599993288517,0.016950000077486038,0.0,0.0,0.0,0.0,0.0,0.006440000142902136,0.01817999966442585,0.0,0.0,0.011239999905228615,0.002309999894350767,0.00471000000834465,0.0,0.0,0.0,0.0,0.008820000104606152,0.0,0.02070000022649765,0.0,0.008150000125169754,0.04854999855160713,0.0,0.0,0.0,0.0,0.01979999989271164,0.0,0.009619999676942825,0.01795000024139881,0.0,0.0057299998588860035,0.002469999948516488,0.0,0.00892999954521656,0.05389999970793724,0.0,0.0015999999595806003,0.02321000024676323,0.0,0.0,0.031109999865293503,0.0],[0.0,0.0,0.00570000009611249,0.0,0.03150999918580055,0.0,0.0,0.009340000338852406,0.03488000109791756,0.0,0.03959999978542328,0.0,0.0,0.0,0.011490000411868095,0.010339999571442604,0.00877000018954277,0.02419999986886978,0.0,0.0,0.0,0.0,0.0,0.0,0.0,0.0,0.0,0.0,0.0,0.008410000242292881,0.014940000139176846,0.007600000128149986,0.0,0.026419999077916145,0.017470000311732292,0.02964000031352043,0.014360000379383564,0.009150000289082527,0.0,0.019050000235438347,0.0,0.013159999623894691,0.03547000139951706,0.006560000125318766,0.026019999757409096,0.0,0.01656999997794628,0.0,0.0,0.020659999921917915],[0.0,0.011620000004768372,0.004129999782890081,0.0,0.0,0.0,0.0,0.007930000312626362,0.0,0.0,0.04255000129342079,0.010040000081062317,0.0,0.0,0.0,0.0,0.033330000936985016,0.0,0.0,0.010420000180602074,0.006930000148713589,0.0,0.0,0.031230000779032707,0.0,0.0,0.0,0.00044999999227002263,0.0,0.009089999832212925,0.014379999600350857,0.029689999297261238,0.0,0.0,0.0,0.010420000180602074,0.021400000900030136,0.06363999843597412,0.0,0.05705000087618828,0.021630000323057175,0.019190000370144844,0.0,0.0,0.0,0.0,0.013340000063180923,0.0,0.009259999729692936,0.0],[0.040300000458955765,0.009600000455975533,0.0,0.0,0.0,0.009499999694526196,0.0,0.0,0.037870001047849655,0.09845999628305435,0.02857000008225441,0.019130000844597816,0.006130000110715628,0.0,0.0,0.0,0.008329999633133411,0.01899999938905239,0.01489999983459711,0.0,0.0,0.0587100014090538,0.0,0.003759999992325902,0.009429999627172947,0.016270000487565994,0.0026100000832229853,0.017839999869465828,0.0,0.0,0.0,0.006550000049173832,0.0,0.0,0.0,0.01205000001937151,0.01209999993443489,0.0,0.0,0.010990000329911709,0.01432000007480383,0.0,0.0,0.007079999893903732,0.009340000338852406,0.0,0.0,0.0,0.021980000659823418,0.0],[0.04106000065803528,0.0,0.04830000177025795,0.0,0.010990000329911709,0.006519999820739031,0.0,0.0,0.010639999993145466,0.0,0.0,0.0,0.015390000306069851,0.0,0.0,0.05925000086426735,0.008700000122189522,0.0,0.0,0.0,0.0,0.004290000069886446,0.0,0.005770000163465738,0.0,0.0,0.009610000066459179,0.015300000086426735,0.0,0.009709999896585941,0.010870000347495079,0.0,0.0,0.007660000119358301,0.0,0.0,0.0,0.02969999983906746,0.03068000078201294,0.0,0.04067999869585037,0.01923000067472458,0.0,0.0,0.001180000021122396,0.0,0.0,0.009429999627172947,0.011819999665021896,0.0],[0.0,0.0,0.0,0.019060000777244568,0.01486000046133995,0.0,0.0,0.0,0.004290000069886446,0.0,0.010180000215768814,0.0,0.0421999990940094,0.0,0.01638999953866005,0.0,0.0,0.0,0.0,0.0,0.0,0.0232900008559227,0.0,0.0,0.0,0.02295999974012375,0.033330000936985016,0.0,0.0,0.0,0.00547999981790781,0.0,0.015080000273883343,0.0,0.0,0.02078999951481819,0.0,0.0,0.0,0.009619999676942825,0.0,0.0,0.0,0.032280001789331436,0.020640000700950623,0.0,0.0,0.013240000233054161,0.00418000016361475,0.0],[0.0011500000255182385,0.011250000447034836,0.0,0.0,0.0086899995803833,0.009170000441372395,0.0,0.010099999606609344,0.0,0.0,0.0,0.0,0.0,0.01075000036507845,0.008460000157356262,0.0,0.0,0.06102000176906586,0.0,0.0,0.0,0.0,0.010830000042915344,0.0,0.0,0.0,0.0,0.024620000272989273,0.06690999865531921,0.0,0.0,0.0,0.0,0.00139999995008111,0.0,0.020829999819397926,0.009619999676942825,0.021810000762343407,0.0,0.01030999980866909,0.06762000173330307,0.0,0.05857999995350838,0.0,0.0,0.021379999816417694,0.059709999710321426,0.028300000354647636,0.0,0.0]],