{"objective":8013.8447265625,"runtime":1.0,"usage_matrix":[[0.04659999907016754,0.09907999634742737,0.0,0.11049000173807144,0.0,0.0,0.0,0.003329999977722764,0.0,0.0,0.01281999982893467,0.022339999675750732,0.014809999614953995,0.027860000729560852,0.0,0.0,0.013670000247657299,0.0,0.0,0.0,0.0,0.0,0.0,0.0,0.0,0.011049999855458736,0.0,0.0,0.025459999218583107,0.0,0.0,0.0,0.012659999541938305,0.00810999982059002,0.022220000624656677,0.0,0.0,0.011359999887645245,0.0,0.0,0.0,0.009750000201165676,0.0044200001284480095,0.02019999921321869,0.03181000053882599,0.0,0.0,0.009800000116229057,0.0,0.0],[0.0,0.0,0.0,0.0,0.0,0.01498000044375658,0.0,0.0,0.0,0.0,0.0,0.004769999999552965,0.0,0.023800000548362732,0.0,0.009170000441372395,0.0,0.021050000563263893,0.008469999767839909,0.06769999861717224,0.03409000113606453,0.0,0.033900000154972076,0.0,0.01843000017106533,0.0,0.0031300000846385956,0.0,0.02167000062763691,0.008070000447332859,0.0,0.008270000107586384,0.04131999984383583,0.009349999949336052,0.008179999887943268,0.053610000759363174,0.0,0.0,0.017640000209212303,0.0067900000140070915,0.007809999864548445,0.0,0.008500000461935997,0.0,0.0,0.0,0.0,0.015699999406933784,0.0,0.010870000347495079],[0.006039999891072512,0.006169999949634075,0.0,0.06398999691009521,0.03655000030994415,0.00824000034481287,0.014089999720454216,0.023180000483989716,0.007259999867528677,0.0,0.0,0.0,0.0,0.0,0.025960000231862068,0.0,0.0,0.0,0.012199999764561653,0.037539999932050705,0.0,0.0,0.0,0.0,0.0002800000074785203,0.0,0.01947999931871891,0.0,0.0,0.0,0.009429999627172947,0.0,0.019419999793171883,0.0,0.004110000096261501,0.0,0.0,0.0,0.009080000221729279,0.004749999847263098,0.0,0.0,0.01075000036507845,0.0,0.012210000306367874,0.02563999965786934,0.0558600015938282,0.0,0.009429999627172947,0.009519999846816063],[0.0,0.0,0.0,0.0,0.0,0.007799999788403511,0.0,0.0047900001518428326,0.0,0.0,0.0,0.0,0.0,0.0,0.0004199999966658652,0.02020999975502491,0.002259999979287386,0.0,0.01030999980866909,0.016860000789165497,0.0,0.0,0.0,0.0031300000846385956,0.0,0.010099999606609344,0.0025400000158697367,0.007369999773800373,0.014949999749660492,0.025510000064969063,0.020969999954104424,0.0,0.0,0.002739999908953905,0.0086899995803833,0.0,0.0391400009393692,0.016259999945759773,0.0,0.01769999973475933,0.0,0.0,0.0,0.03401999920606613,0.0,0.0,0.0,0.010529999621212482,0.0,0.0],[0.0,0.006639999803155661,0.03398999944329262,0.0,0.02295999974012375,0.0,0.0007399999885819852,0.0,0.005369999911636114,0.029069999232888222,0.03846000134944916,0.0,0.0,0.009089999832212925,0.03500000014901161,0.0,0.0,0.0,0.0,0.010300000198185444,0.0,0.00989999994635582,0.02061999961733818,0.0368800014257431,0.02542000077664852,0.012559999711811543,0.008329999633133411,0.0,0.0027799999807029963,0.019220000132918358,0.01205000001937151,0.007309999782592058,0.0,0.0,0.0,0.023989999666810036,0.0011099999537691474,0.0246799997985363,0.03822999820113182,0.0,0.0,0.0631600022315979,0.0,0.0,0.01988000050187111,0.0,0.00494999997317791,0.0,0.015629999339580536,0.009709999896585941],[0.0,0.0,0.010200000368058681,0.0,0.019130000844597816,0.00863999966531992,0.004889999981969595,0.030649999156594276,0.10515999794006348,0.0,0.007379999849945307,0.0,0.0,0.0,0.0,0.0,0.0,0.0,0.023169999942183495,0.018130000680685043,0.0,0.0,0.01834999956190586,0.0,0.0,0.0,0.04255000129342079,0.008559999987483025,0.0008099999977275729,0.0,0.0,0.0,0.0,0.0,0.0,0.016380000859498978,0.0,0.009730000048875809,0.0,0.0,0.011359999887645245,0.0,0.005379999987781048,0.0,0.001069999998435378,0.0,0.0,0.006670000031590462,0.02061999961733818,0.010619999840855598],[0.0,0.0,0.0,0.0,0.0,0.015790000557899475,0.000750000006519258,0.0,0.122359998524189,0.0,0.0,0.0,0.020409999415278435,0.0,0.0,0.0,0.02572000026702881,0.019419999793171883,0.0,0.014299999922513962,0.0,0.0,0.0,0.0,0.013380000367760658,0.0,0.004889999981969595,0.0,0.0,0.0,0.0,0.018120000138878822,0.004120000172406435,0.0,0.0,0.033160001039505005,0.052629999816417694,0.0,0.0,0.0,0.0,0.0,0.0013500000350177288,0.0,0.018370000645518303,0.006570000201463699,0.0,0.0,0.02928999997675419,0.009709999896585941],[0.0,0.0,0.00901000015437603,0.0,0.0,0.007199999876320362,0.0033400000538676977,0.0,0.03866000100970268,0.0,0.0,0.0,0.022749999538064003,0.0,0.0,0.0,0.0026599999982863665,0.0,0.0,0.02971000038087368,0.02061999961733818,0.0,0.014600000344216824,0.0,0.0,0.008750000037252903,0.049959998577833176,0.065420001745224,0.0,0.02597999945282936,0.00877000018954277,0.0,0.004389999900013208,0.01616000011563301,0.0,0.0,0.01075000036507845,0.0,0.0,0.029829999431967735,0.009999999776482582,0.0,0.0,0.0,0.03568999841809273,0.008379999548196793,0.010060000233352184,0.00016999999934341758,0.0,0.010080000385642052],[0.0,0.0,0.0,0.0,0.0,0.0,0.04340999945998192,0.0038499999791383743,0.005210000090301037,0.0,0.0,0.01030999980866909,0.0,0.029659999534487724,0.0363599993288517,0.0,0.0,0.0,0.0,0.0,0.022539999336004257,0.01817999966442585,0.0,0.09324000030755997,0.0,0.0,0.0,0.0,0.0,0.013089999556541443,0.0,0.0221599992364645,0.0,0.0147299999371171,0.01370999962091446,0.0062699997797608376,0.0,0.0,0.0,0.0,0.028300000354647636,0.020570000633597374,0.0,0.0,0.02751000039279461,0.0,0.0,0.0,0.0,0.0],[0.039900001138448715,0.009750000201165676,0.0,0.0,0.0,0.01013999991118908,0.019670000299811363,0.006300000008195639,0.0,0.0,0.0,0.0,0.010099999606609344,0.009429999627172947,0.002959999954327941,0.0,0.0,0.01802000030875206,0.0,0.0,0.0,0.017980000004172325,0.019999999552965164,0.0,0.007269999943673611,0.0,0.0,0.0,0.0014600000577047467,0.0,0.0,0.0,0.0,0.007000000216066837,0.0027199999894946814,0.0,0.0,0.0076500000432133675,0.0,0.06531000137329102,0.008569999597966671,0.0,0.004730000160634518,0.009709999896585941,0.0,0.0,0.0,0.0,0.046790000051259995,0.019999999552965164]],