{"objective":8020.3076171875,"runtime":1.0,"usage_matrix":[[0.0,0.0995199978351593,0.0,0.12931999564170837,0.0,0.0,0.0,0.003329999977722764,0.0,0.0,0.01281999982893467,0.012199999764561653,0.014809999614953995,0.0016299999551847577,0.0,0.0,0.0016499999910593033,0.0,0.0,0.0,0.0,0.0,0.0,0.009510000236332417,0.0,0.011680000461637974,0.018120000138878822,0.0,0.009390000253915787,0.06266000121831894,0.0,0.013799999840557575,0.012659999541938305,0.009999999776482582,0.03959999978542328,0.0,0.011509999632835388,0.011359999887645245,0.0,0.0,0.0,0.009750000201165676,0.0044200001284480095,0.02019999921321869,0.0,0.0,0.0,0.0,0.0,0.0],[0.0,0.0,0.0,0.0,0.0,0.03604000061750412,0.001019999966956675,0.0,0.0,0.05341999977827072,0.0,0.019840000197291374,0.0,0.0,0.00007999999797903001,0.009170000441372395,0.0,0.021050000563263893,0.008469999767839909,0.06637000292539597,0.03409000113606453,0.0,0.03232000023126602,0.0,0.0,0.0,0.0028299998957663774,0.0,0.0,0.017190000042319298,0.0,0.0,0.04131999984383583,0.009349999949336052,0.004970000125467777,0.0,0.010649999603629112,0.0,0.042500000447034836,0.005739999935030937,0.010529999621212482,0.0,0.009720000438392162,0.0,0.0,0.0,0.0,0.020829999819397926,0.0,0.010870000347495079],[0.09719999879598618,0.006169999949634075,0.0,0.05406000092625618,0.027799999341368675,0.0,0.0,0.03141999989748001,0.0,0.0,0.0,0.0,0.0,0.0,0.024480000138282776,0.0,0.0,0.0,0.012199999764561653,0.014100000262260437,0.0,0.0,0.0,0.0,0.0,0.0,0.01140000019222498,0.0,0.0,0.0,0.006969999987632036,0.011210000142455101,0.019419999793171883,0.0,0.005869999993592501,0.0,0.0,0.0,0.0,0.016950000077486038,0.0,0.0,0.01075000036507845,0.0,0.01575000025331974,0.02239999920129776,0.027130000293254852,0.0,0.009270000271499157,0.006649999879300594],[0.0,0.0,0.0,0.0,0.0,0.010420000180602074,0.026359999552369118,0.0,0.0,0.005309999920427799,0.0,0.0,0.0,0.0,0.0004199999966658652,0.020409999415278435,0.010359999723732471,0.0,0.01030999980866909,0.00039000000106170774,0.0,0.0,0.0,0.0,0.0,0.010099999606609344,0.0009299999801442027,0.011239999905228615,0.0028800000436604023,0.0,0.021740000694990158,0.0,0.0,0.008700000122189522,0.0035500000230968,0.0,0.020749999210238457,0.01923000067472458,0.0,0.02806999906897545,0.0,0.0,0.0,0.03579000011086464,0.0,0.0,0.0,0.010529999621212482,0.0,0.0],[0.14677999913692474,0.0074800001457333565,0.035009998828172684,0.0,0.03581000119447708,0.0,0.0,0.0,0.007600000128149986,0.010080000385642052,0.03846000134944916,0.011300000362098217,0.0,0.009089999832212925,0.0,0.0,0.013489999808371067,0.0,0.0,0.010300000198185444,0.0,0.007379999849945307,0.015180000104010105,0.00559999980032444,0.022089999169111252,0.00786999985575676,0.008329999633133411,0.0,0.0,0.0,0.01205000001937151,0.0,0.0,0.0,0.0,0.0,0.010200000368058681,0.019759999588131905,0.0030499999411404133,0.0,0.0,0.0631600022315979,0.0,0.0,0.01152000017464161,0.0,0.010230000130832195,0.0,0.015629999339580536,0.009709999896585941],[0.0,0.0,0.010200000368058681,0.0,0.0,0.009519999846816063,0.0,0.028379999101161957,0.1012599989771843,0.011420000344514847,0.006289999932050705,0.017389999702572823,0.0,0.0,0.0,0.0,0.0,0.0,0.03158000111579895,0.0007999999797903001,0.0,0.0,0.016200000420212746,0.0,0.0,0.0,0.010970000177621841,0.009619999676942825,0.0,0.012319999746978283,0.0,0.041600000113248825,0.0,0.0,0.0,0.0,0.0,0.008700000122189522,0.0,0.00506999995559454,0.011359999887645245,0.0,0.004310000222176313,0.0,0.0,0.0,0.0,0.007499999832361937,0.02061999961733818,0.011169999837875366],[0.0,0.0,0.0,0.0,0.022520000115036964,0.029910000041127205,0.018470000475645065,0.0,0.07750999927520752,0.03139999881386757,0.0,0.0,0.020409999415278435,0.0,0.008550000376999378,0.0,0.02515999972820282,0.016529999673366547,0.0,0.0,0.0,0.0,0.0,0.0,0.0,0.0,0.0,0.0,0.0,0.0,0.0,0.022180000320076942,0.008299999870359898,0.0,0.0,0.0007999999797903001,0.0370200015604496,0.0,0.0,0.0,0.0,0.0,0.004379999823868275,0.0,0.01655000075697899,0.011239999905228615,0.0,0.0,0.03297000005841255,0.007290000095963478],[0.03872000053524971,0.0,0.0055599999614059925,0.0,0.0,0.0037400000728666782,0.0,0.0,0.03108000010251999,0.0,0.0,0.0,0.022749999538064003,0.0,0.0,0.0,0.0,0.0,0.0,0.0,0.00406000018119812,0.0,0.01425000000745058,0.0,0.00044999999227002263,0.011119999922811985,0.04049000144004822,0.060989998281002045,0.0,0.00800000037997961,0.00865000020712614,0.0,0.009519999846816063,0.007910000160336494,0.0,0.011819999665021896,0.0,0.0,0.01875000074505806,0.017899999395012856,0.009999999776482582,0.0,0.0,0.0,0.020409999415278435,0.011490000411868095,0.06046999990940094,0.0,0.0,0.010420000180602074],[0.0,0.0,0.0,0.0,0.0408100001513958,0.0,0.03931000083684921,0.0,0.06363999843597412,0.0,0.0,0.0,0.0,0.0,0.01817999966442585,0.0,0.011649999767541885,0.0,0.0,0.011169999837875366,0.02679000049829483,0.01817999966442585,0.0,0.047029998153448105,0.0,0.0,0.0,0.0,0.0,0.0,0.0,0.0,0.0,0.015469999983906746,0.012009999714791775,0.005909999832510948,0.0,0.0,0.0,0.0,0.013770000077784061,0.025180000811815262,0.0,0.0,0.026200000196695328,0.0,0.0,0.0,0.0,0.0],[0.07645999640226364,0.0,0.0,0.0,0.0,0.016950000077486038,0.0,0.00839999970048666,0.0,0.0,0.0,0.023889999836683273,0.010099999606609344,0.0,0.0,0.0,0.0,0.014089999720454216,0.0,0.0,0.0,0.020670000463724136,0.019999999552965164,0.0,0.0,0.0,0.0,0.0,0.0014100000262260437,0.0,0.0,0.0002899999963119626,0.0,0.009809999726712704,0.004579999949783087,0.0,0.0,0.00892999954521656,0.0017800000496208668,0.047109998762607574,0.010990000329911709,0.0,0.004660000093281269,0.007499999832361937,0.0,0.0,0.0,0.0,0.0419900007545948,0.01583000086247921]],