{"objective":8779.388671875,"runtime":1.0,"usage_matrix":[[0.0,0.0,0.0,0.0,0.0,0.01979999989271164,0.0,0.0,0.0,0.0,0.0,0.0,0.009259999729692936,0.04072999954223633,0.003010000102221966,0.0,0.04921000078320503,0.005570000037550926,0.025679999962449074,0.0,0.0,0.0,0.009680000133812428,0.0,0.0,0.03175999969244003,0.03443999961018562,0.0,0.00913000013679266,0.0,0.0,0.0,0.006140000186860561,0.0,0.0,0.0,0.0,0.0,0.0,0.0,0.02127999998629093,0.03189999982714653,0.010099999606609344,0.0,0.0,0.016419999301433563,0.0,0.00795000046491623,0.0,0.0],[0.017980000004172325,0.02087000012397766,0.00839999970048666,0.0,0.005330000072717667,0.0,0.01140000019222498,0.0,0.016820000484585762,0.0,0.004389999900013208,0.014059999957680702,0.0,0.0,0.020230000838637352,0.0,0.011629999615252018,0.0,0.0,0.007439999841153622,0.0,0.008620000444352627,0.03723999857902527,0.02857000008225441,0.018869999796152115,0.019610000774264336,0.0,0.0,0.009019999764859676,0.002420000033453107,0.003590000094845891,0.0,0.0,0.0,0.0,0.03305999934673309,0.0,0.0,0.0,0.041669998317956924,0.02060999907553196,0.0,0.0,0.035339999943971634,0.0,0.0,0.002839999971911311,0.0,0.0,0.0],[0.0,0.0,0.0,0.0,0.0,0.004970000125467777,0.0,0.02783999964594841,0.0,0.018689999356865883,0.03181000053882599,0.0,0.0,0.06026000156998634,0.0,0.014870000071823597,0.0,0.01858999952673912,0.0,0.0,0.0019399999873712659,0.018160000443458557,0.0,0.0,0.010420000180602074,0.017729999497532845,0.0,0.01988999918103218,0.0,0.0291300006210804,0.005530000198632479,0.0,0.07446999847888947,0.01979999989271164,0.0,0.032510001212358475,0.0,0.0,0.0,0.0,0.019419999793171883,0.0,0.0,0.027300000190734863,0.00803999975323677,0.010420000180602074,0.0035200000274926424,0.0,0.0,0.0],[0.0,0.017160000279545784,0.0,0.0,0.008550000376999378,0.0,0.0,0.0032399999909102917,0.013500000350177288,0.0,0.0,0.0,0.0,0.0,0.0,0.0,0.0,0.0,0.0,0.011359999887645245,0.03378000110387802,0.0,0.0,0.0,0.0,0.0,0.0,0.0,0.01844000071287155,0.0,0.0,0.0,0.010180000215768814,0.0,0.08748999983072281,0.0,0.0,0.0,0.0,0.0,0.0,0.0,0.0,0.0,0.0,0.020549999549984932,0.0,0.0,0.0,0.01882999949157238],[0.0,0.0,0.0,0.0,0.0,0.010990000329911709,0.026920000091195107,0.010540000163018703,0.010099999606609344,0.0,0.001970000099390745,0.0,0.015930000692605972,0.0,0.0,0.012369999662041664,0.015560000203549862,0.02538999915122986,0.0,0.01078999973833561,0.0,0.0,0.024369999766349792,0.0,0.0,0.03420000150799751,0.0,0.0,0.0,0.0,0.00571999978274107,0.00901000015437603,0.031220000237226486,0.00394000019878149,0.0682699978351593,0.0,0.01923000067472458,0.0,0.0,0.0,0.0,0.011579999700188637,0.004019999876618385,0.0,0.02686000056564808,0.0,0.0,0.0,0.0,0.027780000120401382],[0.0,0.0,0.009200000204145908,0.07835999876260757,0.0,0.0,0.06424999982118607,0.05077999830245972,0.0,0.0,0.0,0.0,0.0,0.002460000105202198,0.0,0.03409000113606453,0.0,0.009119999594986439,0.01899000070989132,0.0,0.010929999873042107,0.00977999996393919,0.003860000055283308,0.0,0.005789999850094318,0.0,0.0,0.00798999983817339,0.0,0.0,0.0015999999595806003,0.0,0.017090000212192535,0.00989999994635582,0.0,0.0,0.0022499999031424522,0.02005000039935112,0.0,0.03409000113606453,0.0,0.009650000371038914,0.03092999942600727,0.0,0.00875999964773655,0.010529999621212482,0.014279999770224094,0.018869999796152115,0.0,0.022439999505877495],[0.0,0.0,0.03474000096321106,0.0,0.006570000201463699,0.0,0.0,0.017810000106692314,0.017890000715851784,0.009100000374019146,0.0,0.023730000481009483,0.03130999952554703,0.0,0.009800000116229057,0.0,0.013439999893307686,0.0,0.0,0.0,0.008949999697506428,0.0,0.0012499999720603228,0.020269999280571938,0.0,0.018689999356865883,0.0,0.010879999957978725,0.0,0.009619999676942825,0.024299999698996544,0.005109999794512987,0.0,0.021050000563263893,0.0,0.0,0.0,0.0,0.010499999858438969,0.0,0.025129999965429306,0.0,0.005280000157654285,0.025699999183416367,0.0,0.0,0.0010999999940395355,0.009709999896585941,0.007790000177919865,0.02857000008225441],[0.0,0.011490000411868095,0.0,0.0,0.019770000129938126,0.01817999966442585,0.0,0.006639999803155661,0.018610000610351562,0.0,0.016790000721812248,0.0,0.009449999779462814,0.0,0.02790999971330166,0.0,0.0008299999753944576,0.006209999788552523,0.057500001043081284,0.011699999682605267,0.010420000180602074,0.0,0.0016299999551847577,0.0,0.0,0.008139999583363533,0.00865000020712614,0.0,0.0,0.009349999949336052,0.0,0.0,0.019220000132918358,0.0,0.0,0.0,0.019999999552965164,0.0,0.0,0.0,0.0,0.017570000141859055,0.012249999679625034,0.0,0.0,0.0,0.0,0.0,0.04222000017762184,0.0],[0.010089999996125698,0.0,0.0006699999794363976,0.0,0.0,0.0,0.0037899999879300594,0.0,0.0,0.012609999626874924,0.00853000022470951,0.0492900013923645,0.0,0.0,0.02483000047504902,0.0,0.0,0.0,0.0,0.004290000069886446,0.0,0.0,0.0,0.0,0.011629999615252018,0.009259999729692936,0.026820000261068344,0.013949999585747719,0.0,0.0,0.0011599999852478504,0.0,0.024070000275969505,0.012389999814331532,0.012500000186264515,0.07187999784946442,0.03125,0.035599999129772186,0.0,0.0,0.01092000026255846,0.011180000379681587,0.0,0.0,0.058329999446868896,0.0,0.03260999917984009,0.011239999905228615,0.0,0.033240001648664474],[0.0,0.01979999989271164,0.0,0.00443999981507659,0.02061999961733818,0.0,0.0,0.0,0.008550000376999378,0.028850000351667404,0.013670000247657299,0.03838999941945076,0.022460000589489937,0.0,0.018689999356865883,0.012959999963641167,0.011359999887645245,0.0,0.0,0.01271000038832426,0.01484999991953373,0.006560000125318766,0.0,0.0,0.0,0.04464000090956688,0.009990000165998936,0.010990000329911709,0.0,0.010870000347495079,0.0,0.00018000000272877514,0.0003699999942909926,0.009709999896585941,0.0,0.0,0.019999999552965164,0.059130001813173294,0.016189999878406525,0.027380000799894333,0.009320000186562538,0.004139999859035015,0.0,0.0,0.00875999964773655,0.0,0.0,0.0,0.0,0.0]],