{"objective":7184.74560546875,"runtime":1.0,"usage_matrix":[[0.0,0.009089999832212925,0.017400000244379044,0.0,0.0,0.02686000056564808,0.0,0.010099999606609344,0.0,0.010639999993145466,0.03297000005841255,0.0195700004696846,0.00937000010162592,0.0,0.0,0.06367000192403793,0.0,0.02387000061571598,0.013140000402927399,0.0,0.005640000104904175,0.00279999990016222,0.0,0.0,0.0,0.0,0.018279999494552612,0.034779999405145645,0.010320000350475311,0.0,0.0,0.0,0.0,0.0,0.019419999793171883,0.0,0.021050000563263893,0.0,0.009700000286102295,0.021619999781250954,0.0,0.0,0.03677000105381012,0.0003699999942909926,0.01510000042617321,0.0,0.0,0.011110000312328339,0.0,0.0],[0.0,0.0,0.0026700000744313,0.01408000010997057,0.0,0.0,0.0,0.0,0.026189999654889107,0.0,0.007160000037401915,0.012480000033974648,0.00824000034481287,0.0,0.0,0.0,0.0,0.012620000168681145,0.0,0.012240000069141388,0.0,0.02094000019133091,0.0,0.0,0.04684999957680702,0.0,0.0,0.009259999729692936,0.019430000334978104,0.0,0.0,0.02542000077664852,0.010639999993145466,0.0,0.0,0.0,0.0,0.0,0.007849999703466892,0.007189999800175428,0.04131000116467476,0.0,0.0,0.004379999823868275,0.017669999971985817,0.0,0.0,0.0,0.0,0.0],[0.0,0.0,0.0,0.08601000159978867,0.0,0.0,0.026909999549388885,0.009060000069439411,0.026729999110102654,0.0,0.0,0.0,0.015949999913573265,0.0,0.0,0.0,0.0,0.0,0.0,0.03235999867320061,0.0,0.0142000000923872,0.0,0.009089999832212925,0.0,0.0,0.0035600000992417336,0.004490000195801258,0.0,0.0,0.0,0.01131999958306551,0.0,0.005169999785721302,0.0,0.0,0.017680000513792038,0.0,0.0,0.08465000241994858,0.041280001401901245,0.02703000046312809,0.0,0.0,0.0,0.03060000017285347,0.0,0.0,0.0,0.0],[0.0,0.0,0.036660000681877136,0.03863999992609024,0.0,0.0,0.0,0.0004799999878741801,0.000590000010561198,0.0,0.0,0.019209999591112137,0.0,0.0,0.018519999459385872,0.0,0.0,0.0,0.0,0.0,0.0,0.0,0.052629999816417694,0.009770000353455544,0.04885999858379364,0.004279999993741512,0.0,0.0,0.0,0.0,0.022989999502897263,0.0,0.0,0.0,0.00016999999934341758,0.0,0.0,0.0,0.0,0.0,0.06401000171899796,0.0,0.0,0.009610000066459179,0.007290000095963478,0.0,0.008990000002086163,0.0,0.0,0.0],[0.004209999926388264,0.0,0.0,0.0,0.0,0.0,0.019050000235438347,0.0,0.02653999999165535,0.013790000230073929,0.013629999943077564,0.0,0.0,0.0,0.0,0.0,0.03457999974489212,0.0,0.0,0.0,0.008910000324249268,0.0,0.010099999606609344,0.0076299998909235,0.0,0.0,0.0,0.0,0.0,0.0,0.002850000048056245,0.0,0.0,0.0,0.0,0.0,0.0,0.0,0.02493000030517578,0.009680000133812428,0.006279999855905771,0.016950000077486038,0.002899999963119626,0.009800000116229057,0.0,0.022929999977350235,0.015200000256299973,0.009800000116229057,0.01979999989271164,0.0],[0.0,0.0,0.009320000186562538,0.0,0.019099999219179153,0.03660000115633011,0.003590000094845891,0.0,0.016009999439120293,0.021980000659823418,0.006750000175088644,0.014059999957680702,0.026580000296235085,0.0,0.010639999993145466,0.028550000861287117,0.022749999538064003,0.012059999629855156,0.017240000888705254,0.019999999552965164,0.0,0.0,0.0,0.004569999873638153,0.017100000753998756,0.02501000091433525,0.0,0.0,0.010099999606609344,0.0,0.0,0.0,0.02127999998629093,0.005890000145882368,0.0009299999801442027,0.008229999803006649,0.001019999966956675,0.0,0.0,0.0,0.0,0.0,0.0,0.0,0.0,0.0,0.0,0.0,0.03166000172495842,0.0],[0.0,0.009259999729692936,0.0,0.02452000044286251,0.000750000006519258,0.0,0.01785999909043312,0.02459999918937683,0.021159999072551727,0.0,0.0,0.012529999949038029,0.03220000118017197,0.0,0.0,0.0,0.024070000275969505,0.006769999861717224,0.0,0.00877000018954277,0.05824999883770943,0.0,0.0,0.0,0.0,0.0,0.0,0.027780000120401382,0.0,0.0,0.0,0.0021200000774115324,0.0,0.0,0.0,0.006440000142902136,0.0,0.006829999852925539,0.0,0.0,0.0,0.0,0.0,0.011350000277161598,0.0,0.02751999907195568,0.0,0.0,0.006990000139921904,0.0],[0.007910000160336494,0.0,0.005059999879449606,0.0,0.0,0.0,0.00506999995559454,0.0026199999265372753,0.0,0.0,0.0,0.0,0.0,0.009259999729692936,0.0,0.008799999952316284,0.0,0.0,0.015780000016093254,0.0,0.0,0.0,0.0,0.0,0.0,0.0,0.01217000000178814,0.0,0.022220000624656677,0.0,0.015049999579787254,0.0,0.0,0.0,0.016939999535679817,0.00877000018954277,0.0,0.025520000606775284,0.0,0.0,0.0,0.0,0.0,0.0,0.02655000053346157,0.0,0.039170000702142715,0.0,0.0,0.010990000329911709],[0.0,0.00892999954521656,0.0,0.0,0.0,0.00011999999696854502,0.0,0.0,0.00749000022187829,0.0,0.0,0.0,0.0,0.06421999633312225,0.011110000312328339,0.0006900000153109431,0.026760000735521317,0.0,0.017240000888705254,0.018519999459385872,0.009580000303685665,0.038830000907182693,0.006819999776780605,0.0,0.0,0.0053400001488626,0.04261999949812889,0.0,0.0,0.00877000018954277,0.00877000018954277,0.054760001599788666,0.0,0.027389999479055405,0.0,0.002369999885559082,0.01817999966442585,0.0,0.052560001611709595,0.0,0.0,0.00930000003427267,0.0031500000040978193,0.020479999482631683,0.0,0.019770000129938126,0.0,0.0,0.0006300000241026282,0.0],[0.0,0.0,0.020740000531077385,0.05573999881744385,0.0,0.0,0.009610000066459179,0.0,0.0,0.0,0.0,0.0,0.014709999784827232,0.0,0.009259999729692936,0.0,0.0,0.0,0.011490000411868095,0.0,0.02353000082075596,0.010420000180602074,0.02491999976336956,0.0,0.0027199999894946814,0.0,0.06080000102519989,0.0,0.0,0.0,0.0,0.0,0.0,0.0,0.001449999981559813,0.0010499999625608325,0.0,0.0026000000070780516,0.011130000464618206,0.0,0.0,0.020640000700950623,0.0,0.0008699999889358878,0.009170000441372395,0.005849999841302633,0.0,0.0,0.008080000057816505,0.0]],