{"objective":7663.77392578125,"runtime":1.0,"usage_matrix":[[0.0,0.016790000721812248,0.0,0.0,0.0,0.0006799999973736703,0.0,0.0,0.01720000058412552,0.0,0.017069999128580093,0.0059899999760091305,0.0,0.0,0.0,0.0,0.010820000432431698,0.0,0.0406000018119812,0.0,0.0,0.0,0.0,0.01030999980866909,0.0,0.039319999516010284,0.03409000113606453,0.0,0.0,0.0,0.0,0.016979999840259552,0.0,0.0,0.027529999613761902,0.039420001208782196,0.015080000273883343,0.0,0.0,0.0,0.02621999941766262,0.0,0.0,0.0,0.0013800000306218863,0.0,0.0009200000204145908,0.005009999964386225,0.010200000368058681,0.013980000279843807],[0.004120000172406435,0.0,0.02246999926865101,0.0,0.0177800003439188,0.009410000406205654,0.0,0.032099999487400055,0.0001900000061141327,0.01075000036507845,0.006930000148713589,0.011629999615252018,0.0,0.0,0.0,0.022360000759363174,0.016330000013113022,0.000590000010561198,0.01616000011563301,0.01030999980866909,0.0,0.0,0.008620000444352627,0.03125,0.0291300006210804,0.009879999794065952,0.0,0.0,0.07434000074863434,0.0001900000061141327,0.00901000015437603,0.0,0.0020200000144541264,0.01802000030875206,0.0,0.0,0.0,0.025259999558329582,0.009999999776482582,0.0,0.0,0.010300000198185444,0.03999999910593033,0.0,0.015690000727772713,0.0,0.0,0.00989999994635582,0.0,0.000019999999494757503],[0.0,0.022339999675750732,0.0,0.030300000682473183,0.026089999824762344,0.000750000006519258,0.0,0.013159999623894691,0.0,0.0,0.008569999597966671,0.0,0.004970000125467777,0.07847999781370163,0.014639999717473984,0.0,0.0,0.015799999237060547,0.014890000224113464,0.0,0.0291300006210804,0.0,0.0,0.0,0.0,0.012199999764561653,0.0,0.0,0.0,0.009089999832212925,0.03528999909758568,0.0,0.0033199999015778303,0.0,0.040789999067783356,0.0,0.013770000077784061,0.0016599999507889152,0.02273000031709671,0.026979999616742134,0.0,0.0,0.016860000789165497,0.0,0.01372000016272068,0.009999999776482582,0.0,0.0,0.0,0.0],[0.0,0.008179999887943268,0.0,0.0,0.03280999884009361,0.0,0.0,0.021980000659823418,0.0,0.010409999638795853,0.0,0.010200000368058681,0.014189999550580978,0.0063299997709691525,0.007009999826550484,0.0,0.0,0.0013000000035390258,0.05660000070929527,0.018400000408291817,0.0,0.023399999365210533,0.0,0.00394000019878149,0.0,0.0,0.010870000347495079,0.0,0.011640000157058239,0.0,0.026170000433921814,0.01075000036507845,0.036990001797676086,0.0,0.019050000235438347,0.022949999198317528,0.011830000206828117,0.0,0.0,0.0,0.0,0.013559999875724316,0.0,0.010870000347495079,0.0,0.0,0.003710000077262521,0.0,0.0,0.0],[0.001610000035725534,0.005330000072717667,0.0,0.0,0.0,0.0,0.010529999621212482,0.010350000113248825,0.004269999917596579,0.0,0.007280000019818544,0.0,0.010099999606609344,0.010099999606609344,0.012659999541938305,0.013170000165700912,0.06218000128865242,0.0,0.0181099995970726,0.019050000235438347,0.011760000139474869,0.0,0.02246999926865101,0.004769999999552965,0.0,0.00791999977082014,0.00698000006377697,0.026590000838041306,0.03748999908566475,0.0,0.0,0.0,0.010479999706149101,0.0,0.01802000030875206,0.0,0.0,0.0,0.0,0.0,0.0236200001090765,0.003719999920576811,0.0,0.0,0.0,0.0,0.0,0.0,0.0,0.010350000113248825],[0.012539999559521675,0.01817999966442585,0.0030499999411404133,0.01561999972909689,0.0038900000508874655,0.0,0.0,0.02019999921321869,0.0,0.00203000009059906,0.0,0.017389999702572823,0.0,0.0,0.0,0.01030999980866909,0.011189999990165234,0.021570000797510147,0.0,0.0,0.0,0.0,0.0,0.0,0.0291300006210804,0.03158000111579895,0.0,0.005189999938011169,0.0,0.0,0.0,0.0,0.01133000012487173,0.06061000004410744,0.03604000061750412,0.0013800000306218863,0.0,0.0,0.0,0.019680000841617584,0.007350000087171793,0.020069999620318413,0.01075000036507845,0.0,0.0,0.0,0.0,0.00989999994635582,0.0,0.0],[0.0,0.001769999973475933,0.0,0.009600000455975533,0.025040000677108765,0.009340000338852406,0.0,0.0,0.0062699997797608376,0.0,0.0002500000118743628,0.0,0.0,0.007040000054985285,0.0,0.0,0.00431999983265996,0.0239499993622303,0.04526999965310097,0.0,0.0,0.0,0.0,0.0,0.008100000210106373,0.0,0.0,0.01730000041425228,0.00749000022187829,0.0,0.0,0.005499999970197678,0.0,0.006060000043362379,0.009170000441372395,0.0,0.0,0.01484999991953373,0.0,0.0,0.0,0.008349999785423279,0.0,0.009800000116229057,0.0,0.0,0.017260000109672546,0.02246999926865101,0.00901000015437603,0.009429999627172947],[0.0,0.03387000039219856,0.0,0.0,0.013209999538958073,0.01834999956190586,0.0,0.006909999996423721,0.0,0.02809000015258789,0.0,0.02127999998629093,0.0,0.04024000093340874,0.0008800000068731606,0.023830000311136246,0.0,0.0,0.0,0.009170000441372395,0.0,0.0,0.0,0.0,0.01018999982625246,0.015359999611973763,0.016249999403953552,0.0,0.0,0.0,0.054019998759031296,0.0,0.014480000361800194,0.0,0.0,0.029249999672174454,0.04326000064611435,0.0,0.0,0.0,0.0,0.0,0.012609999626874924,0.008700000122189522,0.0,0.0,0.0042500002309679985,0.04975999891757965,0.026590000838041306,0.008019999600946903],[0.0,0.0,0.010529999621212482,0.0,0.0,0.00795000046491623,0.009820000268518925,0.0,0.0,0.0,0.00892999954521656,0.0,0.0,0.0,0.0,0.0006900000153109431,0.02037999965250492,0.0,0.008209999650716782,0.009619999676942825,0.0,0.0,0.009259999729692936,0.0,0.0,0.0,0.0,0.0,0.0005200000014156103,0.0,0.0,0.007439999841153622,0.019349999725818634,0.0,0.0,0.005669999867677689,0.007619999814778566,0.042410001158714294,0.0,0.0015899999998509884,0.0,0.0034199999645352364,0.0,0.0,0.0,0.010200000368058681,0.045419998466968536,0.019050000235438347,0.0,0.020829999819397926],[0.0004900000058114529,0.0,0.0,0.008270000107586384,0.0,0.000590000010561198,0.03750000149011612,0.006630000192672014,0.005059999879449606,0.02459000051021576,0.024970000609755516,0.0,0.01923000067472458,0.0,0.0,0.0,0.0,0.0,0.009290000423789024,0.0,0.0,0.0,0.0,0.03092999942600727,0.009800000116229057,0.0,0.020649999380111694,0.006899999920278788,0.0,0.0008099999977275729,0.0,0.0,0.008249999955296516,0.0,0.0,0.0,0.0,0.0,0.0,0.0,0.0,0.02094000019133091,0.0,0.01104000024497509,0.011429999954998493,0.010420000180602074,0.0,0.0,0.01923000067472458,0.0]],