{"objective":6279.96826171875,"runtime":1.0,"usage_matrix":[[0.0,0.004410000052303076,0.005429999902844429,0.0,0.0,0.009259999729692936,0.0,0.0,0.0,0.0,0.0,0.0,0.0,0.0,0.003949999809265137,0.001069999998435378,0.0,0.007319999858736992,0.0,0.015990000218153,0.0,0.0,0.016820000484585762,0.0,0.0,0.009759999811649323,0.0,0.02937999926507473,0.0,0.007569999899715185,0.012190000154078007,0.0,0.0,0.0,0.0,0.0,0.01090999972075224,0.010639999993145466,0.0,0.01075000036507845,0.0,0.011900000274181366,0.0,0.010870000347495079,0.0,0.0,0.0,0.009999999776482582,0.03959999978542328,0.021050000563263893],[0.0,0.005969999823719263,0.008080000057816505,0.0,0.0,0.008799999952316284,0.0,0.0,0.0,0.0,0.0,0.012129999697208405,0.007139999885112047,0.0,0.033629998564720154,0.0,0.0,0.0,0.040619999170303345,0.03407000005245209,0.009700000286102295,0.0,0.0,0.010420000180602074,0.0,0.012659999541938305,0.004749999847263098,0.0,0.0,0.030300000682473183,0.011739999987185001,0.004579999949783087,0.009619999676942825,0.01680999994277954,0.011470000259578228,0.026000000536441803,0.03725999966263771,0.0,0.009879999794065952,0.0,0.006060000043362379,0.005869999993592501,0.019120000302791595,0.0,0.0,0.0,0.02061999961733818,0.0,0.0,0.008469999767839909],[0.03401999920606613,0.0,0.01978999935090542,0.0071299998089671135,0.02198999933898449,0.005940000060945749,0.009619999676942825,0.0,0.019929999485611916,0.0,0.028039999306201935,0.0,0.043960001319646835,0.00482999999076128,0.0,0.02287999913096428,0.0,0.01752999983727932,0.0,0.0,0.0,0.0,0.0,0.0,0.0,0.0,0.01656999997794628,0.0,0.0,0.029920000582933426,0.0,0.001829999964684248,0.0,0.0,0.0,0.009429999627172947,0.0003699999942909926,0.018869999796152115,0.007569999899715185,0.0,0.0,0.0,0.0,0.0,0.0,0.0,0.009429999627172947,0.0,0.0,0.0],[0.014000000432133675,0.0,0.0,0.0,0.0,0.0,0.01834999956190586,0.0,0.017829999327659607,0.0,0.0,0.0,0.016589999198913574,0.0083600003272295,0.0,0.0,0.05663999915122986,0.0,0.005009999964386225,0.0,0.030239999294281006,0.0,0.027480000630021095,0.010099999606609344,0.0,0.0,0.0002899999963119626,0.04188999906182289,0.0,0.01030999980866909,0.0,0.0,0.009619999676942825,0.03488000109791756,0.03959999978542328,0.0004299999854993075,0.008440000005066395,0.016759999096393585,0.0,0.0,0.0,0.0,0.010420000180602074,0.0,0.004350000061094761,0.0,0.0,0.019419999793171883,0.0,0.008070000447332859],[0.0,0.0,0.0,0.0,0.0,0.007340000011026859,0.0,0.010049999691545963,0.0009599999757483602,0.0,0.0,0.0,0.0,0.0,0.047210000455379486,0.0,0.016330000013113022,0.0027699999045580626,0.013389999978244305,0.00892999954521656,0.0,0.0,0.006630000192672014,0.0,0.0,0.008100000210106373,0.02019999921321869,0.0,0.017389999702572823,0.0,0.0,0.0,0.0,0.0,0.03864999860525131,0.0,0.04678000137209892,0.0071000000461936,0.0,0.0,0.0,0.0,0.0,0.0,0.0,0.010200000368058681,0.00989999994635582,0.009429999627172947,0.009349999949336052,0.0],[0.0,0.014310000464320183,0.0,0.0,0.028219999745488167,0.0,0.0,0.0,0.0,0.0,0.0,0.0,0.0,0.016920000314712524,0.02019999921321869,0.0,0.0,0.0,0.0,0.03075999952852726,0.0030700000934302807,0.0,0.0,0.0,0.022870000451803207,0.03581000119447708,0.0,0.020980000495910645,0.0,0.0,0.0,0.0,0.0,0.0,0.0,0.022220000624656677,0.0,0.0,0.0,0.06575000286102295,0.00848000030964613,0.0,0.0,0.01817999966442585,0.016380000859498978,0.0,0.004530000034719706,0.0,0.0,0.0],[0.0,0.0,0.0,0.0,0.05607999861240387,0.016279999166727066,0.0,0.0,0.0,0.02230999991297722,0.0,0.0,0.0,0.0,0.0037899999879300594,0.0,0.033969998359680176,0.0,0.0,0.035110000520944595,0.010359999723732471,0.009619999676942825,0.03280999884009361,0.0016199999954551458,0.002749999985098839,0.0,0.0,0.0,0.0,0.0,0.0,0.0,0.0,0.0,0.0,0.002259999979287386,0.0,0.009349999949336052,0.05050000175833702,0.0,0.019419999793171883,0.04684999957680702,0.0029200001154094934,0.0,0.010200000368058681,0.0,0.0,0.0,0.0,0.011239999905228615],[0.0,0.03844999894499779,0.03432000055909157,0.01819000020623207,0.0,0.0,0.01205000001937151,0.012140000239014626,0.0,0.0,0.0,0.0,0.005630000028759241,0.009610000066459179,0.0,0.00863999966531992,0.002749999985098839,0.0,0.0,0.0,0.009359999559819698,0.0,0.0,0.0,0.0,0.028300000354647636,0.018769999966025352,0.0,0.0,0.0,0.0,0.01169000007212162,0.0,0.0,0.009999999776482582,0.0,0.0,0.0,0.00795000046491623,0.0,0.011359999887645245,0.0,0.0,0.0,0.0008699999889358878,0.0,0.03401999920606613,0.005520000122487545,0.004879999905824661,0.0],[0.030230000615119934,0.02824000082910061,0.0,0.0,0.065140001475811,0.0,0.03734999895095825,0.0017500000540167093,0.0,0.018640000373125076,0.0,0.01800999976694584,0.0,0.007960000075399876,0.0,0.013980000279843807,0.0,0.0,0.0,0.009929999709129333,0.011359999887645245,0.0,0.009039999917149544,0.009340000338852406,0.020409999415278435,0.0,0.0,0.0,0.0,0.0,0.039659999310970306,0.003379999892786145,0.0,0.0,0.0,0.0005600000149570405,0.0,0.0,0.0,0.0,0.03418000042438507,0.012070000171661377,0.0,0.0,0.005869999993592501,0.0,0.016489999368786812,0.024660000577569008,0.0,0.02078000083565712],[0.0,0.0,0.005609999876469374,0.023809999227523804,0.0,0.0,0.0,0.0,0.010529999621212482,0.022859999909996986,0.01030999980866909,0.0013500000350177288,0.0,0.02013999968767166,0.03847000002861023,0.0,0.0,0.020069999620318413,0.023520000278949738,0.0,0.0,0.0,0.023809999227523804,0.0,0.009709999896585941,0.0,0.0,0.0,0.0,0.0,0.011099999770522118,0.01671000011265278,0.0,0.0,0.0,0.010639999993145466,0.0,0.0,0.004939999897032976,0.06727000325918198,0.008559999987483025,0.0,0.00419999985024333,0.0,0.009429999627172947,0.0,0.012240000069141388,0.0,0.0,0.0]],