{"objective":554.3605346679688,"runtime":0.0,"usage_matrix":[[0.04619999974966049,0.09348999708890915,0.01030999980866909,0.039570000022649765,0.003389999968931079,0.13042999804019928,0.11999999731779099,0.0],[0.04098999872803688,0.09115000069141388,0.0471699982881546,0.02434000000357628,0.02305000089108944,0.029999999329447746,0.01075000036507845,0.0471699982881546]],"frequency_matrix":[[0.44339999556541443,0.23422999680042267,0.01030999980866909,0.15956999361515045,0.23761999607086182,0.13042999804019928,0.11999999731779099,0.0],[0.31461000442504883,0.16832000017166138,0.0471699982881546,0.03508999943733215,0.2385299950838089,0.029999999329447746,0.01075000036507845,0.0471699982881546]]}