{"objective":513.7965698242188,"runtime":0.0,"usage_matrix":[[0.0005799999926239252,0.055560000240802765,0.21425999701023102,0.07207000255584717,0.06586000323295593,0.04123999923467636,0.04081999883055687,0.03846000134944916],[0.135110005736351,0.0,0.02425999939441681,0.035739999264478683,0.0,0.21052999794483185,0.009259999729692936,0.0]],"frequency_matrix":[[0.5288500189781189,0.055560000240802765,0.3495100140571594,0.07207000255584717,0.1379300057888031,0.04123999923467636,0.04081999883055687,0.09402000159025192],[0.41488999128341675,0.0,0.23477999866008759,0.035739999264478683,0.035739999264478683,0.21052999794483185,0.009259999729692936,0.0]]}