{"objective":818.8305053710938,"runtime":0.0,"usage_matrix":[[0.0,0.005470000207424164,0.0919099971652031,0.09109000116586685,0.08450999855995178,0.04123999923467636,0.02126000076532364,0.11339999735355377],[0.16146999597549438,0.15655000507831573,0.0,0.0,0.019300000742077827,0.010870000347495079,0.030719999223947525,0.17347000539302826]],"frequency_matrix":[[0.44889000058174133,0.2033900022506714,0.3578000068664551,0.44889000058174133,0.19791999459266663,0.04123999923467636,0.0625,0.11339999735355377],[0.5523800253868103,0.34933000802993774,0.39090999960899353,0.39090999960899353,0.19277000427246094,0.010870000347495079,0.04159000143408775,0.17347000539302826]]}