{"objective":532.7499389648438,"runtime":0.0,"usage_matrix":[[0.04839000105857849,0.01281999982893467,0.019029999151825905,0.0909700021147728,0.04374000057578087,0.009589999914169312,0.0,0.04544999822974205],[0.12245000153779984,0.0,0.029850000515580177,0.07356999814510345,0.034279998391866684,0.15800000727176666,0.0,0.010420000180602074]],"frequency_matrix":[[0.27000001072883606,0.01281999982893467,0.07406999915838242,0.16504999995231628,0.20879000425338745,0.05505000054836273,0.0,0.04544999822974205],[0.4285700023174286,0.0,0.19828000664710999,0.27184000611305237,0.30612000823020935,0.1684200018644333,0.0,0.010420000180602074]]}