{"objective":633.0682983398438,"runtime":0.0,"usage_matrix":[[0.0,0.04853999987244606,0.017000000923871994,0.05843000113964081,0.045740000903606415,0.009089999832212925,0.05982999876141548,0.15586000680923462],[0.043779999017715454,0.04878000169992447,0.11868999898433685,0.0,0.11087000370025635,0.02019999921321869,0.04064999893307686,0.05820000171661377]],"frequency_matrix":[[0.39449000358581543,0.04853999987244606,0.026089999824762344,0.39449000358581543,0.12037000060081482,0.009089999832212925,0.05982999876141548,0.2156900018453598],[0.4411799907684326,0.04878000169992447,0.13888999819755554,0.39739999175071716,0.29853999614715576,0.02019999921321869,0.04064999893307686,0.09884999692440033]]}