{"objective":698.5833129882812,"runtime":0.0,"usage_matrix":[[0.05006000027060509,0.06593000143766403,0.06224999949336052,0.057750001549720764,0.0,0.04391999915242195,0.1034500002861023,0.01834999956190586],[0.0,0.0,0.0689999982714653,0.0,0.07672999799251556,0.14145000278949738,0.0,0.0]],"frequency_matrix":[[0.40171000361442566,0.3516499996185303,0.28571000695228577,0.22346000373363495,0.22346000373363495,0.14736999571323395,0.1034500002861023,0.01834999956190586],[0.28718000650405884,0.28718000650405884,0.28718000650405884,0.14145000278949738,0.21818000078201294,0.14145000278949738,0.0,0.0]]}