{"objective":477.1717224121094,"runtime":0.0,"usage_matrix":[[0.04879999905824661,0.00989999994635582,0.04546999931335449,0.11108999699354172,0.02353000082075596,0.06593000143766403,0.012020000256597996,0.05217000097036362],[0.012740000151097775,0.0515500009059906,0.015639999881386757,0.14813999831676483,0.03370999917387962,0.0,0.033560000360012054,0.02150999940931797]],"frequency_matrix":[[0.36893001198768616,0.00989999994635582,0.15685999393463135,0.1632699966430664,0.02353000082075596,0.06593000143766403,0.04544999822974205,0.05217000097036362],[0.31683000922203064,0.0515500009059906,0.1344500035047531,0.16964000463485718,0.03370999917387962,0.0,0.11880999803543091,0.02150999940931797]]}