{"objective":466.318359375,"runtime":0.0,"usage_matrix":[[0.062780000269413,0.06802999973297119,0.019610000774264336,0.008100000210106373,0.030479999259114265,0.0,0.052080001682043076,0.09573999792337418],[0.026119999587535858,0.0,0.02353000082075596,0.07853999733924866,0.005900000222027302,0.11765000224113464,0.030300000682473183,0.02273000031709671]],"frequency_matrix":[[0.3368400037288666,0.19148999452590942,0.019610000774264336,0.12346000224351883,0.08257000148296356,0.0,0.052080001682043076,0.09573999792337418],[0.30476000905036926,0.1247899979352951,0.02353000082075596,0.1247899979352951,0.1538500040769577,0.11765000224113464,0.030300000682473183,0.02273000031709671]]}