{"objective":425.21844482421875,"runtime":0.0,"usage_matrix":[[0.007590000052005053,0.0,0.009519999846816063,0.011049999855458736,0.16290999948978424,0.0560699999332428,0.037039998918771744,0.03903999924659729],[0.04149999842047691,0.14108000695705414,0.008259999565780163,0.011219999752938747,0.02522999979555607,0.0,0.01075000036507845,0.05310000106692314]],"frequency_matrix":[[0.32322999835014343,0.03903999924659729,0.009519999846816063,0.10417000204324722,0.30612000823020935,0.0560699999332428,0.037039998918771744,0.03903999924659729],[0.29113999009132385,0.1941699981689453,0.008259999565780163,0.021980000659823418,0.2413800060749054,0.0,0.01075000036507845,0.05310000106692314]]}