{"objective":630.4161987304688,"runtime":0.0,"usage_matrix":[[0.0,0.07486999779939651,0.0,0.019770000129938126,0.06174999848008156,0.10445000231266022,0.02246999926865101,0.1230200007557869],[0.09258999675512314,0.03353000059723854,0.11241000145673752,0.08479999750852585,0.04853000119328499,0.07000000029802322,0.058139998465776443,0.0]],"frequency_matrix":[[0.4063299894332886,0.09735000133514404,0.4063299894332886,0.11711999773979187,0.17887000739574432,0.10445000231266022,0.02246999926865101,0.1230200007557869],[0.5,0.09166999906301498,0.40740999579429626,0.17646999657154083,0.22499999403953552,0.07000000029802322,0.058139998465776443,0.0]]}