{"objective":432.2502746582031,"runtime":0.0,"usage_matrix":[[0.03443999961018562,0.1606999933719635,0.12820999324321747,0.0,0.028039999306201935,0.0,0.05999999865889549,0.009170000441372395],[0.05618000030517578,0.006479999981820583,0.06955999881029129,0.04597000032663345,0.0,0.0560699999332428,0.02019999921321869,0.03846000134944916]],"frequency_matrix":[[0.42056000232696533,0.16987000405788422,0.15625,0.16987000405788422,0.028039999306201935,0.0,0.05999999865889549,0.009170000441372395],[0.292930006980896,0.04493999853730202,0.06956999748945236,0.09091000258922577,0.0,0.0560699999332428,0.02019999921321869,0.03846000134944916]]}