{"objective":477.1717224121094,"runtime":0.0,"usage_matrix":[[0.04879999905824661,0.00989999994635582,0.08116000145673752,0.05187999829649925,0.02353000082075596,0.06593000143766403,0.03554999828338623,0.05217000097036362],[0.012740000151097775,0.0515500009059906,0.07924000173807144,0.05082999914884567,0.03370999917387962,0.0,0.06727000325918198,0.02150999940931797]],"frequency_matrix":[[0.36893001198768616,0.00989999994635582,0.15685999393463135,0.1632699966430664,0.02353000082075596,0.06593000143766403,0.04544999822974205,0.05217000097036362],[0.31683000922203064,0.0515500009059906,0.1344500035047531,0.16964000463485718,0.03370999917387962,0.0,0.11880999803543091,0.02150999940931797]]}