{"objective":818.8169555664062,"runtime":0.0,"usage_matrix":[[0.0,0.005470000207424164,0.1544100046157837,0.09109000116586685,0.08450999855995178,0.04123999923467636,0.0625,0.00965999998152256],[0.16423000395298004,0.1623699963092804,0.03300999850034714,0.0,0.019300000742077827,0.010870000347495079,0.042739998549222946,0.11986000090837479]],"frequency_matrix":[[0.44889000058174133,0.2033900022506714,0.3578000068664551,0.44889000058174133,0.19791999459266663,0.04123999923467636,0.0625,0.11339999735355377],[0.5523800253868103,0.35514000058174133,0.38815000653266907,0.38815000653266907,0.19277000427246094,0.010870000347495079,0.042739998549222946,0.17347000539302826]]}