{"objective":477.1717224121094,"runtime":0.0,"usage_matrix":[[0.042100001126527786,0.00989999994635582,0.14696000516414642,0.006399999838322401,0.02353000082075596,0.06593000143766403,0.021929999813437462,0.05217000097036362],[0.006870000157505274,0.0515500009059906,0.08291000127792358,0.035190001130104065,0.03370999917387962,0.0,0.08510000258684158,0.02150999940931797]],"frequency_matrix":[[0.36893001198768616,0.00989999994635582,0.15685999393463135,0.1632699966430664,0.02353000082075596,0.06593000143766403,0.04544999822974205,0.05217000097036362],[0.31683000922203064,0.0515500009059906,0.1344500035047531,0.16964000463485718,0.03370999917387962,0.0,0.11880999803543091,0.02150999940931797]]}