{"objective":618.336669921875,"runtime":0.0,"usage_matrix":[[0.0,0.04035999998450279,0.0,0.04335999861359596,0.07299000024795532,0.14607000350952148,0.011359999887645245,0.04795999825000763],[0.14948000013828278,0.009999999776482582,0.02986999973654747,0.0,0.032329998910427094,0.0239499993622303,0.05505000054836273,0.12037000060081482]],"frequency_matrix":[[0.3621000051498413,0.17267000675201416,0.13231000304222107,0.18942999839782715,0.08434999734163284,0.14607000350952148,0.011359999887645245,0.04795999825000763],[0.4210500121116638,0.24762000143527985,0.23761999607086182,0.0239499993622303,0.08737999945878983,0.0239499993622303,0.05505000054836273,0.12037000060081482]]}