{"objective":466.3206481933594,"runtime":0.0,"usage_matrix":[[0.010700000450015068,0.06802999973297119,0.019610000774264336,0.027710000053048134,0.08257000148296356,0.0,0.03248000144958496,0.09573999792337418],[0.0,0.0,0.02353000082075596,0.1014999970793724,0.03485000133514404,0.11765000224113464,0.00634999992325902,0.02273000031709671]],"frequency_matrix":[[0.3368400037288666,0.19148999452590942,0.019610000774264336,0.12346000224351883,0.08257000148296356,0.0,0.052080001682043076,0.09573999792337418],[0.30660000443458557,0.12422999739646912,0.02353000082075596,0.12422999739646912,0.1525000035762787,0.11765000224113464,0.02988000027835369,0.02273000031709671]]}