{"objective":554.3605346679688,"runtime":0.0,"usage_matrix":[[0.07534000277519226,0.06435000151395798,0.01030999980866909,0.15956999361515045,0.003389999968931079,0.01042999979108572,0.11999999731779099,0.0],[0.046069998294115067,0.08606000244617462,0.0471699982881546,0.03508999943733215,0.02305000089108944,0.01924999989569187,0.01075000036507845,0.0471699982881546]],"frequency_matrix":[[0.44339999556541443,0.23422999680042267,0.01030999980866909,0.15956999361515045,0.23761999607086182,0.13042999804019928,0.11999999731779099,0.0],[0.31461000442504883,0.16832000017166138,0.0471699982881546,0.03508999943733215,0.2385299950838089,0.029999999329447746,0.01075000036507845,0.0471699982881546]]}