{"objective":599.8336791992188,"runtime":0.0,"usage_matrix":[[0.015279999934136868,0.041669998317956924,0.06908000260591507,0.18479999899864197,0.0,0.0,0.037039998918771744,0.0037899999879300594],[0.11473000049591064,0.00892999954521656,0.07903999835252762,0.02563999965786934,0.03246000036597252,0.04301000013947487,0.017240000888705254,0.1700199991464615]],"frequency_matrix":[[0.3516499996185303,0.041669998317956924,0.15157000720500946,0.33636000752449036,0.15157000720500946,0.0,0.037039998918771744,0.04544999822974205],[0.4910700023174286,0.00892999954521656,0.2752299904823303,0.3333300054073334,0.30768999457359314,0.04301000013947487,0.017240000888705254,0.1789499968290329]]}