{"objective":599.8336791992188,"runtime":0.0,"usage_matrix":[[0.015279999934136868,0.041669998317956924,0.06445000320672989,0.14776000380516052,0.0,0.0,0.037039998918771744,0.04544999822974205],[0.15773999691009521,0.00892999954521656,0.08735000342130661,0.00839999970048666,0.03246000036597252,0.04301000013947487,0.017240000888705254,0.13594000041484833]],"frequency_matrix":[[0.3516499996185303,0.041669998317956924,0.15157000720500946,0.33636000752449036,0.15157000720500946,0.0,0.037039998918771744,0.04544999822974205],[0.4910700023174286,0.00892999954521656,0.2752299904823303,0.3333300054073334,0.30768999457359314,0.04301000013947487,0.017240000888705254,0.1789499968290329]]}