{"objective":630.4552612304688,"runtime":0.0,"usage_matrix":[[0.0,0.09735000133514404,0.0,0.0049299998208880424,0.05581999942660332,0.10752999782562256,0.02246999926865101,0.12093000113964081],[0.09258999675512314,0.09166999906301498,0.005940000060945749,0.1064700037240982,0.0751900002360344,0.07000000029802322,0.058139998465776443,0.0]],"frequency_matrix":[[0.40902000665664673,0.09735000133514404,0.40902000665664673,0.11246000230312347,0.17563000321388245,0.10752999782562256,0.02246999926865101,0.12093000113964081],[0.5,0.09166999906301498,0.40740999579429626,0.17646999657154083,0.22499999403953552,0.07000000029802322,0.058139998465776443,0.0]]}