{"objective":589.2850952148438,"runtime":0.0,"usage_matrix":[[0.022210000082850456,0.034949999302625656,0.00839999970048666,0.005530000198632479,0.18991999328136444,0.025860000401735306,0.0,0.01119999960064888],[0.0,0.08184000104665756,0.04761999845504761,0.06414999812841415,0.0,0.024390000849962234,0.023809999227523804,0.1358499974012375]],"frequency_matrix":[[0.2980799973011017,0.2758600115776062,0.00839999970048666,0.21504999697208405,0.20951999723911285,0.025860000401735306,0.0,0.019610000774264336],[0.37766000628471375,0.37766000628471375,0.04761999845504761,0.24762000143527985,0.1834699958562851,0.024390000849962234,0.023809999227523804,0.1834699958562851]]}