{"objective":614.3577880859375,"runtime":0.0,"usage_matrix":[[0.02215000055730343,0.0369499996304512,0.048909999430179596,0.05601999908685684,0.013729999773204327,0.125,0.06818000227212906,0.04081999883055687],[0.14240999519824982,0.0,0.015010000206530094,0.1082099974155426,0.0,0.02273000031709671,0.0,0.10525999963283539]],"frequency_matrix":[[0.41176000237464905,0.3214299976825714,0.1739100068807602,0.2844800055027008,0.05454999953508377,0.125,0.06818000227212906,0.04081999883055687],[0.39362001419067383,0.2512100040912628,0.03773999959230423,0.2512100040912628,0.10525999963283539,0.02273000031709671,0.0,0.10525999963283539]]}