{"objective":492.5334777832031,"runtime":0.0,"usage_matrix":[[0.03229999914765358,0.03562000021338463,0.11231999844312668,0.1271599978208542,0.13830000162124634,0.011110000312328339,0.0,0.052629999816417694],[0.07616999745368958,0.042479999363422394,0.03564999997615814,0.010219999589025974,0.02751999907195568,0.03448000177741051,0.0,0.02857000008225441]],"frequency_matrix":[[0.5094299912452698,0.1739100068807602,0.16494999825954437,0.46601998805999756,0.13830000162124634,0.011110000312328339,0.0,0.052629999816417694],[0.2551000118255615,0.07000000029802322,0.06421999633312225,0.14443999528884888,0.02751999907195568,0.03448000177741051,0.0,0.02857000008225441]]}