{"objective":553.4601440429688,"runtime":0.0,"usage_matrix":[[0.0,0.05688000097870827,0.00343999988399446,0.14893999695777893,0.09182000160217285,0.12564000487327576,0.0,0.043960001319646835],[0.0,0.058820001780986786,0.13504000008106232,0.012199999764561653,0.0,0.0,0.12131000310182571,0.0]],"frequency_matrix":[[0.47067999839782715,0.05688000097870827,0.15238000452518463,0.14893999695777893,0.30107998847961426,0.1695999950170517,0.05688000097870827,0.043960001319646835],[0.3273699879646301,0.058820001780986786,0.14723999798297882,0.012199999764561653,0.3273699879646301,0.0,0.18014000356197357,0.0]]}