{"objective":537.4976806640625,"runtime":0.0,"usage_matrix":[[0.0,0.060669999569654465,0.03864999860525131,0.0,0.22304999828338623,0.0,0.061250001192092896,0.00851999968290329],[0.03661999851465225,0.0,0.011629999615252018,0.1709499955177307,0.010870000347495079,0.008170000277459621,0.0,0.08584000170230865]],"frequency_matrix":[[0.3921400010585785,0.10784000158309937,0.03864999860525131,0.22304999828338623,0.22304999828338623,0.03864999860525131,0.16909000277519226,0.0471699982881546],[0.324070006608963,0.1056400015950203,0.011629999615252018,0.18182000517845154,0.010870000347495079,0.01979999989271164,0.1056400015950203,0.1056400015950203]]}