{"objective":567.6480102539062,"runtime":0.0,"usage_matrix":[[0.10275000333786011,0.06584999710321426,0.29089999198913574,0.01030999980866909,0.03846000134944916,0.0,0.0,0.058389998972415924],[0.08651000261306763,0.006219999864697456,0.006920000072568655,0.024790000170469284,0.009259999729692936,0.06384000182151794,0.01979999989271164,0.14312000572681427]],"frequency_matrix":[[0.5666700005531311,0.45361000299453735,0.3877600133419037,0.01030999980866909,0.03846000134944916,0.09685000032186508,0.0,0.09685000032186508],[0.3604699969291687,0.22935999929904938,0.22314000129699707,0.024790000170469284,0.009259999729692936,0.21622000634670258,0.01979999989271164,0.15238000452518463]]}