{"objective":565.9207763671875,"runtime":0.0,"usage_matrix":[[0.0,0.0,0.010420000180602074,0.12922999262809753,0.05318000167608261,0.12740999460220337,0.00989999994635582,0.1363700032234192],[0.0,0.0,0.0,0.0,0.09419000148773193,0.0,0.28365999460220337,0.02556999959051609]],"frequency_matrix":[[0.46650001406669617,0.0,0.010420000180602074,0.13912999629974365,0.19231000542640686,0.2741999924182892,0.00989999994635582,0.14678999781608582],[0.4034300148487091,0.0,0.0,0.28365999460220337,0.37786000967025757,0.02556999959051609,0.28365999460220337,0.02556999959051609]]}