{"objective":466.3652648925781,"runtime":0.0,"usage_matrix":[[0.0022899999748915434,0.0436599999666214,0.019610000774264336,0.04089000076055527,0.08257000148296356,0.0,0.052080001682043076,0.09573999792337418],[0.024320000782608986,0.06235000118613243,0.02353000082075596,0.0,0.023879999294877052,0.11765000224113464,0.030300000682473183,0.02273000031709671]],"frequency_matrix":[[0.3368400037288666,0.19148999452590942,0.019610000774264336,0.12346000224351883,0.08257000148296356,0.0,0.052080001682043076,0.09573999792337418],[0.30476000905036926,0.11537999659776688,0.02353000082075596,0.14153000712394714,0.14153000712394714,0.11765000224113464,0.030300000682473183,0.02273000031709671]]}