{"objective":633.0682983398438,"runtime":0.0,"usage_matrix":[[0.0,0.03945000097155571,0.026089999824762344,0.05843000113964081,0.09427999705076218,0.009089999832212925,0.05982999876141548,0.10730999708175659],[0.043779999017715454,0.02858000062406063,0.13888999819755554,0.0,0.1596599966287613,0.02019999921321869,0.04064999893307686,0.0094200000166893]],"frequency_matrix":[[0.39449000358581543,0.04853999987244606,0.026089999824762344,0.39449000358581543,0.12037000060081482,0.009089999832212925,0.05982999876141548,0.2156900018453598],[0.4411799907684326,0.04878000169992447,0.13888999819755554,0.39739999175071716,0.29853999614715576,0.02019999921321869,0.04064999893307686,0.09884999692440033]]}