{"objective":432.24432373046875,"runtime":0.0,"usage_matrix":[[0.0723000019788742,0.08438000082969666,0.15625,0.010420000180602074,0.028039999306201935,0.0,0.05999999865889549,0.009170000441372395],[0.06254000216722488,0.024739999324083328,0.06956999748945236,0.02133999951183796,0.0,0.0560699999332428,0.02019999921321869,0.03846000134944916]],"frequency_matrix":[[0.42056000232696533,0.1724099963903427,0.15625,0.16666999459266663,0.028039999306201935,0.0,0.05999999865889549,0.009170000441372395],[0.292930006980896,0.04493999853730202,0.06956999748945236,0.09091000258922577,0.0,0.0560699999332428,0.02019999921321869,0.03846000134944916]]}