{"objective":492.5334777832031,"runtime":0.0,"usage_matrix":[[0.04340999945998192,0.008960000239312649,0.10120999813079834,0.15380999445915222,0.13830000162124634,0.011110000312328339,0.0,0.052629999816417694],[0.11066000163555145,0.005779999773949385,0.0011699999449774623,0.04692000150680542,0.02751999907195568,0.03448000177741051,0.0,0.02857000008225441]],"frequency_matrix":[[0.5094299912452698,0.1739100068807602,0.16494999825954437,0.46601998805999756,0.13830000162124634,0.011110000312328339,0.0,0.052629999816417694],[0.2551000118255615,0.07000000029802322,0.06421999633312225,0.14443999528884888,0.02751999907195568,0.03448000177741051,0.0,0.02857000008225441]]}