tree	llh	pi_0	pi_4	f_0_0	f_0_4	f_1_0	f_1_4
0	-243.48001098632812	-1	0	0.4433962404727936	0.23762376606464386	0.31460675597190857	0.23853211104869843
