tree	llh	pi_0	pi_3	pi_4	pi_7	f_0_0	f_0_3	f_0_4	f_0_7	f_1_0	f_1_3	f_1_4	f_1_7
0	-476.46514892578125	3	-1	0	0	0.36036035418510437	0.42990654706954956	0.12037037312984467	0.21568627655506134	0.4162708818912506	0.4162708818912506	0.302752286195755	0.10112359374761581
