tree	llh	pi_0	f_0_0	f_1_0
0	-149.07981872558594	-1	0.4017094075679779	0.27731093764305115
