tree	llh	pi_0	f_0_0	f_1_0
0	-109.94923400878906	-1	0.3232323229312897	0.29113924503326416
