tree	llh	pi_0	pi_1	f_0_0	f_0_1	f_1_0	f_1_1
0	-243.3113555908203	-1	0	0.5666666626930237	0.4536082446575165	0.3604651093482971	0.2293577939271927
