tree	llh	pi_0	f_0_0	f_1_0
0	-120.59884643554688	-1	0.4117647111415863	0.39361703395843506
