tree	llh	pi_0	f_0_0	f_1_0
0	-125.25601959228516	-1	0.3368421196937561	0.3047619163990021
