tree	llh	pi_0	pi_3	f_0_0	f_0_3	f_1_0	f_1_3
0	-299.6267395019531	-1	0	0.4488907754421234	0.4488907754421234	0.5523809790611267	0.37272727489471436
