tree	llh	pi_0	pi_2	pi_4	pi_5	f_0_0	f_0_2	f_0_4	f_0_5	f_1_0	f_1_2	f_1_4	f_1_5
0	-390.3296813964844	-1	0	2	0	0.5288461446762085	0.34951457381248474	0.13793103396892548	0.04123711213469505	0.4283832311630249	0.22675096988677979	0.033707864582538605	0.20163224637508392
1	-390.2506103515625	-1	0	0	2	0.5288461446762085	0.34951457381248474	0.13793103396892548	0.04123711213469505	0.41489362716674805	0.2347826063632965	0.033707864582538605	0.21052631735801697
2	-390.2628479003906	-1	0	2	2	0.5288461446762085	0.34951457381248474	0.13793103396892548	0.04123711213469505	0.41489362716674805	0.23876580595970154	0.03256092593073845	0.2062048763036728
