tree	llh	pi_0	pi_3	f_0_0	f_0_3	f_1_0	f_1_3
0	-260.33709716796875	-1	0	0.35164836049079895	0.33636364340782166	0.4910714328289032	0.3333333432674408
