tree	llh	pi_0	f_0_0	f_1_0
0	-136.6245880126953	-1	0.35164836049079895	0.4910714328289032
