tree	llh	pi_0	f_0_0	f_1_0
0	-130.8839111328125	-1	0.3689320385456085	0.31683167815208435
