tree	llh	pi_0	pi_3	f_0_0	f_0_3	f_1_0	f_1_3
0	-200.03964233398438	-1	0	0.42056071758270264	0.1666666716337204	0.2929292917251587	0.09090909361839294
