tree	llh	pi_0	f_0_0	f_1_0
0	-118.23710632324219	-1	0.3561643958091736	0.5
