tree	llh	pi_0	f_0_0	f_1_0
0	-129.10610961914062	-1	0.5094339847564697	0.2551020383834839
