tree	llh	pi_0	pi_4	f_0_0	f_0_4	f_1_0	f_1_4
0	-237.6749725341797	-1	0	0.46464645862579346	0.3068181872367859	0.32242387533187866	0.32242387533187866
