tree	llh	pi_0	pi_2	f_0_0	f_0_2	f_1_0	f_1_2
0	-265.03155517578125	-1	0	0.5288461446762085	0.34951457381248474	0.41489362716674805	0.2347826063632965
