tree	llh	pi_0	f_0_0	f_1_0
0	-124.9483871459961	-1	0.29807692766189575	0.37634408473968506
