tree	llh	pi_0	pi_1	pi_3	pi_4	pi_6	pi_7	f_0_0	f_0_1	f_0_3	f_0_4	f_0_6	f_0_7	f_1_0	f_1_1	f_1_3	f_1_4	f_1_6	f_1_7
0	-488.3555603027344	-1	6	0	3	0	1	0.3921414613723755	0.10784313827753067	0.2230474352836609	0.2230474352836609	0.169094055891037	0.04716981202363968	0.32407405972480774	0.10564050823450089	0.1818181872367859	0.010869565419852734	0.10564053058624268	0.10564051568508148
