tree	llh	pi_0	f_0_0	f_1_0
0	-117.79779815673828	-1	0.5666666626930237	0.3604651093482971
