tree	llh	pi_0	f_0_0	f_1_0
0	-144.63340759277344	-1	0.4649122953414917	0.3700000047683716
