tree	llh	pi_0	pi_3	f_0_0	f_0_3	f_1_0	f_1_3
0	-225.49411010742188	-1	0	0.3689320385456085	0.16326530277729034	0.31683167815208435	0.1696428507566452
