tree	llh	pi_0	f_0_0	f_1_0
0	-132.19715881347656	-1	0.46464645862579346	0.3106796145439148
