tree	llh	pi_0	f_0_0	f_1_0
0	-132.68115234375	-1	0.420560747385025	0.2929292917251587
