tree	llh	pi_0	pi_3	f_0_0	f_0_3	f_1_0	f_1_3
0	-287.5875549316406	3	-1	0.36036035418510437	0.42990654706954956	0.4162708818912506	0.4162708818912506
