tree	llh	pi_0	f_0_0	f_1_0
0	-150.3601531982422	-1	0.4385964870452881	0.5523809790611267
