tree	llh	pi_0	pi_2	f_0_0	f_0_2	f_1_0	f_1_2
0	-260.9626159667969	-1	0	0.4022449851036072	0.4022449851036072	0.5	0.40740740299224854
