tree	llh	pi_0	f_0_0	f_1_0
0	-128.2165069580078	-1	0.4433962404727936	0.31460675597190857
