tree	llh	pi_0	pi_3	pi_4	f_0_0	f_0_3	f_0_4	f_1_0	f_1_3	f_1_4
0	-352.98260498046875	-1	4	0	0.27000001072883606	0.1650485396385193	0.20879121124744415	0.4285714328289032	0.27184465527534485	0.30612245202064514
