tree	llh	pi_0	f_0_0	f_1_0
0	-135.7016143798828	-1	0.5288461446762085	0.41489362716674805
