tree	llh	pi_0	pi_1	f_0_0	f_0_1	f_1_0	f_1_1
0	-199.05821228027344	-1	0	0.3368421196937561	0.19148936867713928	0.3047619163990021	0.11538461595773697
