tree	llh	pi_0	f_0_0	f_1_0
0	-139.59194946289062	-1	0.27000001072883606	0.4285714328289032
