tree	llh	pi_0	pi_3	f_0_0	f_0_3	f_1_0	f_1_3
0	-237.427734375	-1	0	0.5094339847564697	0.4660194218158722	0.2551020383834839	0.14444445073604584
