tree	llh	pi_0	pi_1	pi_2	pi_3	f_0_0	f_0_1	f_0_2	f_0_3	f_1_0	f_1_1	f_1_2	f_1_3
0	-585.5751953125	-1	2	3	0	0.4488907754421234	0.20338982343673706	0.35779815912246704	0.4488907754421234	0.5523809790611267	0.35514017939567566	0.3881533145904541	0.3881533145904541
