tree	llh	pi_0	pi_4	f_0_0	f_0_4	f_1_0	f_1_4
0	-246.58023071289062	-1	0	0.27000001072883606	0.20879121124744415	0.4285714328289032	0.30612245202064514
