tree	llh	pi_0	pi_3	f_0_0	f_0_3	f_1_0	f_1_3
0	-212.53089904785156	-1	0	0.3913043439388275	0.20792078971862793	0.32407405972480774	0.1818181872367859
