tree	llh	pi_0	pi_1	f_0_0	f_0_1	f_1_0	f_1_1
0	-251.66049194335938	-1	0	0.4117647111415863	0.3214285671710968	0.39361703395843506	0.25
