tree	llh	pi_0	f_0_0	f_1_0
0	-129.6076202392578	-1	0.3913043439388275	0.32407405972480774
