tree	llh	pi_0	pi_4	f_0_0	f_0_4	f_1_0	f_1_4
0	-260.3160705566406	-1	0	0.4649122953414917	0.19327731430530548	0.39132046699523926	0.39132046699523926
