tree	llh	pi_0	pi_1	f_0_0	f_0_1	f_1_0	f_1_1
0	-239.0678253173828	-1	0	0.34343433380126953	0.1834862381219864	0.42105263471603394	0.24761904776096344
