tree	llh	pi_0	f_0_0	f_1_0
0	-128.34523010253906	-1	0.34343433380126953	0.42105263471603394
