tree	llh	pi_0	pi_4	f_0_0	f_0_4	f_1_0	f_1_4
0	-218.39541625976562	-1	0	0.3232323229312897	0.30612245202064514	0.29113924503326416	0.24137930572032928
