tree	llh	pi_0	pi_1	f_0_0	f_0_1	f_1_0	f_1_1
0	-259.9699401855469	-1	0	0.4017094075679779	0.35164836049079895	0.27731093764305115	0.26966291666030884
