tree	llh	pi_3	f_0_3	f_1_3
0	-144.78726196289062	-1	0.42990654706954956	0.3925233781337738
